<SystemStatus>
	<DeviceType name="GW">
			<parameterList/>
			<DeviceType name="CiscoHomeSecurity">
					<parameterList/>
					
					<DeviceType name="DigitalLifeController">
						<parameterList/>
					
						<DeviceType name="DLPP" customerList="ATT">
							<parameterList>
								<parameter actionMapping="name" name="InternetGatewayDevice.X_CISCO_COM_3GClient.PerformanceData.Interval.%.CollectionTimestamp" defaultValue="Time" >Time</parameter>
								<parameter actionMapping="name" name="InternetGatewayDevice.X_CISCO_COM_3GClient.PerformanceData.Interval.%.CellRSCP" defaultValue="dBm" >RSCP</parameter>
								<parameter actionMapping="name" name="InternetGatewayDevice.X_CISCO_COM_3GClient.PerformanceData.Interval.%.CellEcNo" defaultValue="dBm" >EcNo</parameter>
								<parameter actionMapping="name" name="InternetGatewayDevice.X_CISCO_COM_3GClient.PerformanceData.Interval.%.CellRSSI" defaultValue="dBm" >RSSI</parameter>
							</parameterList>
							<labels>
								<label subTitle="3G Received Signal Code Power" legend="RSCP" >RSCP</label>
								<label subTitle="3G Signal to Noise Ratio" legend="EcNo" >EcNo</label>
								<label subTitle="3G Received Signal Strength Indicator" legend="RSSI" >RSSI</label>
							</labels>
							<skipList/>
						</DeviceType>
					</DeviceType>
			</DeviceType>
	</DeviceType>
</SystemStatus>

