<ActivityLog>
  	<RootDeviceType name="GW">			
			<DeviceType name="DLPP" customerList="ATT">
			  <events action="New Device">
			    <event  status="info" name="New Device Configured" category="Device Events" originator="ACS" />
				<event  status="info" name="Bootstrap event" category="Device Events" originator="Device" />
				<event  status="info" name="Configuration Applied Event" category="Device Events" originator="ACS" />
				<event  status="success" name="Connection Request Provision Workflow" category="Workflows" originator="Batch: Management Settings Provisioning" />			
				<event  status="info" name="Discovery complete" category="TR session management" originator="ACS" />
				<event  status="success" name="Send Device Configuration" category="Workflows" originator="Batch: Configuration" />
				<event  status="info" name="TR-069 Parameter change" category="Device Events" originator="Device" />
				<event  status="info" name="TR-069 Session completed" category="TR session management" originator="ACS" />
				<event  status="info" name="Value change" category="Device Events" originator="Device" />
				<event  status="info" name="Value change event" category="Device Events" originator="Device" />
			  </events>
			  
			   <events action="ParameterChange">					
				<event  status="info" name="Connection request complete" category="TR session management" originator="ACS" />
				<event  status="info" name="Value change event" category="Device Events" originator="Device" />			
				<event  status="info" name="Connection request response" category="TR session management" originator="Device" />	
				<event  status="info" name="TR-069 Parameter change" category="Device Events" originator="Device" />	
				<event  status="info" name="Value change" category="Device Events" originator="Device" />
				<event  status="info" name="TR-069 Session completed" category="TR session management" originator="ACS" />				
			  </events>
			  
			   <events action="DeviceOffline">
			    <event  status="fail" name="Connection request failed" category="Device Events" originator="ACS" />			  
			  </events>
			</DeviceType>
	</RootDeviceType>
</ActivityLog>