[{  
   "cpeIdentifier":{  
      "identityMap":{  
         "SerialNumberGw":"10001007"
      }
   },
   "metaData":{  
      "CustomerName":"Koby Carissi",
	  "Description":"NBI automated module",
	  "Author": "Oren"
   },
   "parameters":[  
      {  
         "applyAction":0,
         "key":"InternetGatewayDevice.ManagementServer.PeriodicInformInterval",
         "value":"180"
      },
      {  
         "applyAction":0,
         "key":"InternetGatewayDevice.ManagementServer.PeriodicInformEnabled",
         "value":"TRUE"
      }
   ],
   "tags":[  
      "VIP",
      "BERLIN"
   ]
}]
