
<Alerts> 
	<Alert alias="DLC_Battery_Replacement">
		<Severity>major</Severity>
		<Category>DLC Battery</Category>
		<Name>DLC Battery Replacement</Name>
		<Description>DLC Battery Needs Replacing</Description>
		<Conditions>
			<Condition>InternetGatewayDevice.X_CISCO_COM_Battery.NeedReplacement=1</Condition>
		</Conditions>
	</Alert>

	<Alert alias="DLC_Upgrade_Mode">
		<Severity>minor</Severity>
		<Category>DLC Status</Category>
		<Name>DLC Upgrade Mode</Name>
		<Description>DLC Upgrade Mode is FORCED</Description>
		<Conditions>
			<Condition>InternetGatewayDevice.ManagementServer.X_CISCO_COM_UpgradeMode!=FORCED</Condition>
		</Conditions>
	</Alert>
	
	<Alert alias="DLC_Birth_Cert_Status">
		<Severity>minor</Severity>
		<Category>DLC Status</Category>
		<Name>DLC Birth Certificate</Name>
		<Description>DLC Birth Certificate Not Generated</Description>
		<Conditions>
			<Condition>InternetGatewayDevice.ManagementServer.X_CISCO_COM_Generate_Birth_Certificate_Status!=Success</Condition>
		</Conditions>
	</Alert>

	<Alert alias="DLC_Mobility_Heartbeat_Status">
		<Severity>major</Severity>
		<Category>DLC Mobility</Category>
		<Name>DLC Heartbeat Error</Name>
		<Description>DLC 3G Heartbeat Not Connected</Description>
		<Conditions>
			<Condition>InternetGatewayDevice.X_CISCO_COM_Heartbeat.3G.ConnectionStatus!=Up</Condition>
		</Conditions>
	</Alert>
	
	<Alert alias="DLC_Wireline_Heartbeat_Status">
		<Severity>major</Severity>
		<Category>DLC Wireline</Category>
		<Name>DLC Heartbeat Error</Name>
		<Description>DLC Wireline Heartbeat Not Connected</Description>
		<Conditions>
			<Condition>InternetGatewayDevice.X_CISCO_COM_Heartbeat.Wireline.ConnectionStatus!=Up</Condition>
		</Conditions>
	</Alert>
</Alerts>