<?xml version="1.0" encoding="UTF-8"?>
<DashboardMgmtProfile xmlns:xsi="http://www.w3.org/2001/XMLSchema-instance">
	
	<MgmtProfileName>Dashboard</MgmtProfileName>
	<SideMenuList>
		<SideMenu title="Dashboard" url="/group/guest/dashboard">
			<PortletList>
				<Portlet name ="Recently Managed Devices"/>
			</PortletList>
		</SideMenu>
		<SideMenu title="Home Page" url="/group/guest/dashboard">
			<PortletList>
				<Portlet name ="Recently Managed Devices"/>
			</PortletList>
		</SideMenu>
		<SideMenu title="Search Devices" url="/group/guest/dashboard/advanced-search">
			<PortletList>
				<Portlet name ="Search Devices"/>
			</PortletList>
		</SideMenu>
		<SideMenu title="Document Library" url="/group/guest/dashboard/manuals">
			<PortletList>
				<Portlet name ="Documents and Media"/>
				<Portlet name ="Documents and Media Display"/>
			</PortletList>
		</SideMenu>
	</SideMenuList>
</DashboardMgmtProfile>