<?xml version="1.0"?>
<DeviceProfile xmlns:xsi="http://www.w3.org/2001/XMLSchema-instance" xmlns:xi="http://www.w3.org/2001/XInclude">
	
	<DeviceProfileName image="Gateway">Default GW</DeviceProfileName>
	<parentDeviceProfileName>null</parentDeviceProfileName>
	<SideMenuList>
		<SideMenu title="deviceDashboard" url="/group/guest/gw">
			<PortletList>
				<Portlet name ="Device Navigation"/>
				<Portlet name ="Home View"/>
				<Portlet name ="Quick Actions"/>
				<Portlet name ="Device View"/>
				<Portlet name ="Device Tags"/>
				<Portlet name ="Device Properties"/>
				<Portlet name ="Alerts"/>
			</PortletList>
		</SideMenu>
		<SideMenu title="LAN Hosts" url="/group/guest/gw/lan-devices">
			<PortletList>
				<Portlet name ="LAN Hosts"/>
				<Portlet name ="Device Navigation"/>
			</PortletList>
		</SideMenu>
		<SideMenu title="Wireless Settings" url="/group/guest/gw/wireless">
			<PortletList>
				<Portlet name ="Wireless Settings"/>
				<Portlet name ="Device Navigation"/>
			</PortletList>
		</SideMenu>
		<SideMenu title="Parameters" url="/group/guest/gw/browser">
			<PortletList>
				<Portlet name ="Parameter Settings"/>
				<Portlet name ="Device Navigation"/>
			</PortletList>
		</SideMenu>
		<SideMenu title="Activity Log" url="/group/guest/gw/log">
			<PortletList>
				<Portlet name ="Activity Log"/>
				<Portlet name ="Device Navigation"/>
			</PortletList>
		</SideMenu>
		<SideMenu title="Device Operations" url="/group/guest/gw/device-operations">
			<PortletList>
				<Portlet name ="Device Operations"/>
				<Portlet name ="Device Initialization Provisioning"/>
				<Portlet name ="Device Navigation"/>
			</PortletList>
		</SideMenu>
	</SideMenuList>
	
	<!-- Quicks actions would be pre-defined as per the device data model for sanity -->
	<QuickActionList>
		<QuickAction title="Reboot" visibleCondition="true"/>
		<QuickAction title="Apply Configuration" visibleCondition="true"/>
		<QuickAction title="Factory Reset Retain Wireless" visibleCondition="true"/>
		<QuickAction title="Firmware Upgrade" visibleCondition="true"/>
		<QuickAction title="Factory Reset" visibleCondition="true"/>
		<QuickAction title="Bootlog" visibleCondition="false"/>
		<QuickAction title="Provision device" visibleCondition="false"/>
	</QuickActionList>
</DeviceProfile>