<DeviceManagementPortlet>
<types> 
  <type name="columns">
     <existingcolumns>
	   <existingcolumn ui-name="" column-name="deviceType" />
	   <existingcolumn ui-name="CPE ID" column-name="cpeId" />
	   <existingcolumn ui-name="Serial Number" column-name="serial"/>
	   <existingcolumn ui-name="Manufacturer" column-name="manufacturer"/>
	   <existingcolumn ui-name="Software Version" column-name="softwareVersion"/>	
	   <existingcolumn ui-name="Tag" column-name="tag"/>
	   <existingcolumn ui-name="Last Connected" column-name="lastConnected"/>	   
	 </existingcolumns>
	 <newcolumns>
	   <newcolumn ui-name="" column-name="deviceType"/>
	   <newcolumn ui-name="CPE ID" column-name="cpeId" />
	   <newcolumn ui-name="Serial Number" column-name="serial"  />
	   <newcolumn ui-name="Description" column-name="description"  />
	   <newcolumn ui-name="Manufacturer" column-name="manufacturer" />
	   <newcolumn ui-name="Software Version" column-name="softwareVersion" />	
	   <newcolumn ui-name="Tag" column-name="tag"/>
	   <newcolumn ui-name="Last Connected" column-name="lastConnected"/>	   
	 </newcolumns>
  </type>
  <type name="queries">
     <queries>
	   <query>'Last Connected' WITHIN 1d</query> 
	   <query>Tag in (SUSPEND_FW_UPGRADE)</query>
	   <query>Group = All</query> 
	   <query>'Last Connected' WITHIN 1d AND Tag in (SUSPEND_FW_UPGRADE)</query>
	   <query>'Serial Number' LIKE $DEVICE_ID* OR 'Serial Number' LIKE *$DEVICE_ID</query> 
	   <query>'Last Connected' WITHIN 10d AND Tag in ( SUSPEND_FW_UPGRADE ) ORDER BY 'Serial Number'</query>
	   <query>Group = All  or  ( 'Batch Name in Execution' = 'Management Settings Provisioning' ) ORDER BY 'Serial Number' DESC</query>
	 </queries>
  </type>
 </types> 
</DeviceManagementPortlet>