<!--
About this file :
Can add parameters with property name inside parameterList based on need and parameter hierarchy.
If any parent parameter needs to be removed for particular device type can be added in skip list with whole parameter tag.

where,

actionMapping - is to specify whether the listed property needs to be mapped as of parameter name or with functionality
	name - Maps the related name
	NA - For specific functionality
name - name of the property	
defaultValue - default value needs to be tested when there is no value in device
-->

<DeviceOperations>
	<DeviceType name="GW">
			<parameterList/>
			<DeviceType name="CiscoHomeSecurity">
					<parameterList/>
					<DeviceType name="DigitalLifeController">
						<parameterList/>
						<DeviceType name="DLPP" customerList="ATT">
								<Tabs>
									<Tab name="Groups" displayName="Groups"/>
									<Tab name="Batches" displayName="Batches"/>
									<Tab name="Configuration Sets" displayName="Configuration Sets"/>
									<Tab name="Configuration" displayName="Parameter Settings"/>
									<Tab name="Notification" displayName="Notification Settings"/>
									<Tab name="Firmware Images" displayName="Firmware Images"/>
								</Tabs>
								<parameterList/>
								<skipList/>
						</DeviceType>
					</DeviceType>
			</DeviceType>
	</DeviceType>
</DeviceOperations>