<?xml version="1.0"?>
<DeviceViewMgmtProfile xmlns:xsi="http://www.w3.org/2001/XMLSchema-instance">
	
	<DeviceProfileName image="dlci">Digital Life Controller</DeviceProfileName>
	<parentDeviceProfileName>Cisco Home Security Controller</parentDeviceProfileName>
	<SideMenuList>
		<SideMenu title="System Status" url="/group/guest/dlc/system">
			<PortletList>
				<Portlet name ="DLC System Status"/>
				<Portlet name ="Device Navigation"/>
			</PortletList>
		</SideMenu>
		<SideMenu title="Software Inventory" url="/group/guest/dlc/software-inventory">
			<PortletList>
				<Portlet name ="Software Inventory"/>
				<Portlet name ="Device Navigation"/>
			</PortletList>
		</SideMenu>
		<SideMenu title="LAN Settings" url="/group/guest/gw/lan-settings">
			<PortletList>
				<Portlet name ="LAN Settings"/>
				<Portlet name ="Device Navigation"/>
			</PortletList>
		</SideMenu>
		<SideMenu title="3G Trends" url="/group/guest/dlc/dlc-3g">
			<PortletList>
				<Portlet name ="3G Received Signal Code Power"/>
				<Portlet name ="3G Signal to Noise Ratio"/>
				<Portlet name ="3G Received Signal Strength Indicator"/>				
				<Portlet name ="Device Navigation"/>
			</PortletList>
		</SideMenu>
		<SideMenu title="WAN Connectivity" url="/group/guest/gw/connectivity">
			<PortletList>
				<Portlet name ="WAN Connectivity"/>
				<Portlet name ="Device Navigation"/>
			</PortletList>
		</SideMenu>
		<SideMenu title="Speed Test" url="/group/guest/gw/speed-test">
			<PortletList>
				<Portlet name ="Speed Test"/>
				<Portlet name ="Device Navigation"/>
			</PortletList>
		</SideMenu>
	</SideMenuList>

	<!-- Quicks actions would be pre-defined as per the device data model for sanity -->
	<QuickActionList>
		<QuickAction title="Generate / Remove Birth Certificate" visibleCondition="true"/>
		<QuickAction title="Set Wifi Channel" visibleCondition="true"/>
		<QuickAction title="Enable / Disable Web UI" visibleCondition="true"/>
		<QuickAction title="Enable / Disable SSH" visibleCondition="true"/>
		<QuickAction title="Upload Birth Certificate" visibleCondition="true"/>
		<QuickAction title="Upload System Log Bundle" visibleCondition="true"/>
		<QuickAction title="Upload Performance Log" visibleCondition="true"/>
		<QuickAction title="Force Firmware Upgrade" visibleCondition="true" override="Firmware Upgrade"/>	
	</QuickActionList>
</DeviceViewMgmtProfile>