<!--
About this file :
Can add Parameters with property name inside ParameterList based on need and Parameter hierarchy.
If any parent Parameter needs to be removed for particular device type can be added in skip list with whole Parameter tag.

where,

actionMapping - is to specify whether the listed property needs to be mapped as of Parameter name or with functionality
	name - Maps the related name
	NA - For specific functionality
name - name of the property	
defaultValue - default value needs to be tested when there is no value in device
-->

<LANHosts>
	<DeviceType name="GW">
			<ParameterList>
					<Parameter actionMapping="name" name="InternetGatewayDevice.LANDevice.%.Hosts.Host.%.Active" defaultValue="N/A" >Status</Parameter>
					<Parameter actionMapping="name" name="InternetGatewayDevice.LANDevice.%.Hosts.Host.%.HostName" defaultValue="N/A">Host</Parameter>
					<Parameter actionMapping="name" name="InternetGatewayDevice.LANDevice.%.Hosts.Host.%.InterfaceType" defaultValue="N/A">Connection Type</Parameter>
					<Parameter actionMapping="name" name="InternetGatewayDevice.LANDevice.%.Hosts.Host.%.IPAddress" defaultValue="N/A">IP Address</Parameter>
					<Parameter actionMapping="name" name="InternetGatewayDevice.LANDevice.%.Hosts.Host.%.MACAddress" defaultValue="N/A">MAC Address</Parameter>
					<Parameter actionMapping="NA"   name="NA" defaultValue="ping.png">Ping</Parameter>
			</ParameterList>
			<DeviceType name="CiscoHomeSecurity">
					<ParameterList/>
					<DeviceType name="DigitalLifeController">
						<ParameterList>
							<Parameter actionMapping="name" name="InternetGatewayDevice.LANDevice.%.Hosts.Host.%.Vendor" defaultValue="N/A">Vendor</Parameter>
						</ParameterList>
						<DeviceType name="DLPP" customerList="ATT">
								<Selectbox>
									<Operation name="Status" operations="All,Active,Inactive"/>
									<Operation name="Connection Type" operations="All,MoCA,Ethernet,Phone,USB,Wireless,Other"/>
								</Selectbox>
								<ParameterList/>
								<SkipList/>
						</DeviceType>
					</DeviceType>
			</DeviceType>
	</DeviceType>
</LANHosts>