<!--
About this file :
Can add Parameters with property name inside ParameterList based on need and Parameter hierarchy.
If any parent Parameter needs to be removed for particular device type can be added in skip list with whole Parameter tag.

where,

actionMapping - is to specify whether the listed property needs to be mapped as of Parameter name or with functionality
	name - Maps the related name
	NA - For specific functionality
name - name of the property	
defaultValue - default value needs to be tested when there is no value in device
-->

<LANSettings>
	<DeviceType name="GW">
			<ParameterList>
				<Parameter actionMapping="name" name="InternetGatewayDevice.LANDevice.%.LANHostConfigManagement.IPInterface.%.IPInterfaceIPAddress" defaultValue="N/A">Interface IP Address:</Parameter>
				<Parameter actionMapping="name" name="InternetGatewayDevice.LANDevice.%.LANHostConfigManagement.IPInterface.%.IPInterfaceSubnetMask" defaultValue="N/A">Interface Network Mask:</Parameter>
				<Parameter actionMapping="name" name="InternetGatewayDevice.LANDevice.%.LANHostConfigManagement.DHCPServerEnable" defaultValue="0" >Enabled:</Parameter>
				<Parameter actionMapping="name" name="InternetGatewayDevice.LANDevice.%.LANHostConfigManagement.MACAddress" defaultValue="0" >LAN MAC Address:</Parameter>
				<Parameter actionMapping="name" name="InternetGatewayDevice.LANDevice.%.LANHostConfigManagement.DHCPLeaseTime" defaultValue="N/A">Lease Time:</Parameter>
				<Parameter actionMapping="name" name="InternetGatewayDevice.LANDevice.%.LANHostConfigManagement.MaxAddress" defaultValue="N/A">Ending Address:</Parameter>
				<Parameter actionMapping="name" name="InternetGatewayDevice.LANDevice.%.LANHostConfigManagement.MinAddress" defaultValue="N/A">Starting Address:</Parameter>
				<Parameter actionMapping="name" name="InternetGatewayDevice.LANDevice.%.LANHostConfigManagement.SubnetMask" defaultValue="N/A">Subnet Mask:</Parameter>
				<Parameter actionMapping="name" name="InternetGatewayDevice.LANDevice.%.LANHostConfigManagement.DomainName" defaultValue="N/A">Domain Name:</Parameter>
			</ParameterList>
			<DeviceType name="CiscoHomeSecurity">
					<ParameterList/>
					<DeviceType name="DigitalLifeController">
						<ParameterList/>
						<DeviceType name="DLPP" customerList="ATT">
							<Buttons>
								<Button>Save</Button>
								<Button>Cancel</Button>
							</Buttons>
							<DisplayNames>
								<Display name="DHCPServer" displayName="DHCP Server:"/>
							</DisplayNames>
							<ParameterList/>
							<SkipList/>
						</DeviceType>
					</DeviceType>
			</DeviceType>
	</DeviceType>
</LANSettings>