<!--
About this file :
Can add Parameters with property name inside ParameterList based on need and Parameter hierarchy.
If any parent Parameter needs to be removed for particular device type can be added in skip list with whole Parameter tag.

where,

actionMapping - is to specify whether the listed property needs to be mapped as of Parameter name or with functionality
	name - Maps the related name
	NA - For specific functionality
name - name of the property	
defaultValue - default value needs to be tested when there is no value in device
-->

<LANSettings>
	<DeviceType name="GW">
			<ParameterList>
				<Parameter actionMapping="name" name="InternetGatewayDevice.LANDevice.%.WLANConfiguration.%.SSID" defaultValue="N/A">Wireless</Parameter>
				<Parameter actionMapping="name" name="InternetGatewayDevice.LANDevice.%.LANEthernetInterfaceConfig.%.Name" defaultValue="N/A">Ethernet</Parameter>
				<Parameter actionMapping="name" name="InternetGatewayDevice.LANDevice.%.LANHostConfigManagement.IPInterface.%.IPInterfaceIPAddress" defaultValue="N/A">IP Address</Parameter>
				<Parameter actionMapping="name" name="InternetGatewayDevice.LANDevice.%.LANHostConfigManagement.IPInterface.%.IPInterfaceSubnetMask" defaultValue="N/A">Network Mask</Parameter>
				<Parameter actionMapping="name" name="InternetGatewayDevice.LANDevice.%.LANHostConfigManagement.DHCPServerEnable" defaultValue="0" >Enable DHCP Server</Parameter>
				<Parameter actionMapping="name" name="InternetGatewayDevice.LANDevice.%.LANHostConfigManagement.DHCPLeaseTime" defaultValue="N/A">Lease time:</Parameter>
				<Parameter actionMapping="name" name="InternetGatewayDevice.LANDevice.%.LANHostConfigManagement.MaxAddress" defaultValue="N/A">Ending address:</Parameter>
				<Parameter actionMapping="name" name="InternetGatewayDevice.LANDevice.%.LANHostConfigManagement.MinAddress" defaultValue="N/A">Starting address:</Parameter>
				<Parameter actionMapping="name" name="InternetGatewayDevice.LANDevice.%.LANHostConfigManagement.MinAddress" defaultValue="N/A">Starting address:</Parameter>
				<Parameter actionMapping="name" name="InternetGatewayDevice.LANDevice.%.LANHostConfigManagement.SubnetMask" defaultValue="N/A">Subnet:</Parameter>
				<Parameter actionMapping="name" name="InternetGatewayDevice.LANDevice.%.LANHostConfigManagement.DNSServers" defaultValue="N/A"> DNS Servers:</Parameter>
				<Parameter actionMapping="name" name="InternetGatewayDevice.LANDevice.%.LANHostConfigManagement.DomainName" defaultValue="N/A">Domain Name:</Parameter>
			</ParameterList>
			<DeviceType name="CiscoHomeSecurity">
					<ParameterList/>
					<DeviceType name="DigitalLifeController">
						<ParameterList/>
						<DeviceType name="DLPP" customerList="ATT">
							<Buttons>
								<Button>Apply</Button>
								<Button>Clear</Button>
							</Buttons>
							<DisplayNames>
								<Display name="wireless" displayName="Wireless"/>
								<Display name="ethernet" displayName="Ethernet"/>
								<Display name="gatewayip" displayName="Gateway IP"/>
								<Display name="dhcpserver" displayName="DHCP Server"/>
							</DisplayNames>
							<ParameterList>
								<Parameter actionMapping="NA" name="NA" defaultValue="disabled">Enable</Parameter>
							</ParameterList>
							<SkipList/>
						</DeviceType>
					</DeviceType>
			</DeviceType>
	</DeviceType>
</LANSettings>