<!--
mandatory - will be processed
optional - will not be processed but can be imported with mandatory for process but tag name should not be changed


-->
<login-page>
	<mandatory>
		<family>Cisco Prime</family>
		<name>Home</name>
		<user-name-label>Username</user-name-label>
		<user-name-box/>
		<password-label>Password</password-label>
		<password-box/>
		<sign-in>Sign In</sign-in>
		<copyright>© 2008-2015 Cisco Systems, Inc. Cisco, Cisco Systems and Cisco Systems logo are registered trademarks of Cisco Systems, Inc. and/or its affiliates in the U.S. and certain other countries</copyright>
	</mandatory>
	<optional>
		<check-box/>
		<check-box-name>Remember Me</check-box-name>
		<version>6.4.0.0</version>
		<footer-logo/>
		<login-main-image/>
		<header-logo/>
	</optional>
	<expected-login-failure-message>You have entered invalid data. Please try again.</expected-login-failure-message>
	<expected-login-failure-message641>Your request failed to complete.</expected-login-failure-message641>
</login-page>