COMMON,STB,3,Device Navigation#Quick Actions#Device Tags#Device Properties#Device View#Alerts
COMMON,IPC,3,Device Navigation#Quick Actions#Device Tags#Device Properties#Device View#Alerts
COMMON,Gateway,3,Device Navigation#Quick Actions#Device Properties#Device Tags#Home View#Device View#Alerts
COMMON,DLCi,3,Device Navigation#Quick Actions#Device Properties#Device Tags#Home View#Device View#Alerts
COMMON,RF Tuning,2,Device Navigation#RF - Tuners
COMMON,VOD,2,Device Navigation#VOD
COMMON,Error Message,2,Device Navigation#Error Messages
COMMON,DOCSIS,2,Device Navigation#DOCSIS Modem
COMMON,AMS,2,Device Navigation#AMS
COMMON,Parameters,2,Device Navigation#Parameter Settings
COMMON,Activity Log,2,Device Navigation#Activity Log
COMMON,DVR,2,Device Navigation#DVR
COMMON,Hard Disk,3,Device Navigation#Quick Actions#Hard Disk
COMMON,LAN Hosts,2,Device Navigation#LAN Hosts
COMMON,WAN Connectivity,2,Device Navigation#WAN Connectivity
COMMON,Speed Test,2,Device Navigation#Speed Test
COMMON,Bandwidth Utilization,2,Device Navigation#Bandwidth Utilization
COMMON,Wireless Settings,2,Device Navigation#Wireless Settings
COMMON,Quality Of Service,2,Device Navigation#Quality of Service
COMMON,Wireless Saturation,2,Device Navigation#Wireless Signal
COMMON,LAN Settings,2,Device Navigation#LAN Settings
COMMON,Firewall,2,Device Navigation#Firewall
COMMON,Port Forwarding,2,Device Navigation#Port Forwarding
COMMON,Troubleshooting,2,Device Navigation#Troubleshooting Viewer
COMMON,Console,2,Device Navigation#Virtual OpenRG Console
COMMON,Backup & Restore,2,Device Navigation#Backup & Restore
COMMON,DTT,2,Device Navigation#DTT
COMMON,PDL,2,Device Navigation#Progressive Download
COMMON,Connectivity,3,Device Navigation#LAN Device#Home Network#Head-end Servers
COMMON,Settings,2,Device Navigation#AV Settings#DVR Settings#User Settings
COMMON,System Status,2,Device Navigation#DLC System Status
COMMON,Firmware Status,2,Device Navigation#DLC Firmware Status
COMMON,IP Camera,2,Device Navigation#DLC IP Camera
COMMON,3G Trends,2,Device Navigation#3G Received Signal Code Power#3G Signal to Noise Ratio#3G Received Signal Strength Indicator
WNDR3400,Gateway,3,Device Navigation#Quick Actions#Device Properties#Device Tags#Home View#Device View#Alerts
WNDR3400,Port Forwarding,2,Device Navigation#Port Forwarding#UPnP - Universal Plug and Play
Router,Port Forwarding,2,Device Navigation#Port Forwarding#UPnP - Universal Plug and Play
CV3,Port Forwarding,2,Device Navigation#Port Forwarding#UPnP - Universal Plug and Play
fast5260,Port Forwarding,2,Device Navigation#Port Forwarding#UPnP - Universal Plug and Play
DIR868L,Port Forwarding,2,Device Navigation#Port Forwarding#UPnP - Universal Plug and Play
DCR8151/24,Connectivity,3,Device Navigation#LAN Device#Head-end Servers
DCR7151/24,Connectivity,3,Device Navigation#LAN Device#Head-end Servers
DCR7151/24,Settings,2,Device Navigation#AV Settings#User Settings
ADB-HYBRID-STB,Connectivity,2,Device Navigation#Lan Info
ADB-HYBRID-STB,Settings,2,Device Navigation#Settings
HZN_INT,Connectivity,3,Device Navigation#LAN Device#Head-end Servers
HZN_INT,Settings,2,Device Navigation#AV Settings#User Settings
CD_ZAP,Settings,2,Device Navigation#AV Settings#User Settings
COG_GW,Settings,2,Device Navigation#DVR Settings#User Settings
COG_IPC,Settings,2,Device Navigation#AV Settings#User Settings
HZN_IPC,Settings,2,Device Navigation#AV Settings#User Settings