<Properties> 
	<Property alias="DeviceInfoManufacturer">
		<DisplayName>Manufacturer</DisplayName>
		<FQDN>InternetGatewayDevice.DeviceInfo.Manufacturer</FQDN>
	</Property>

	<Property alias="DeviceInfoManufacturerOUI">
		<DisplayName>OUI</DisplayName>
		<FQDN>InternetGatewayDevice.DeviceInfo.ManufacturerOUI</FQDN>
	</Property>
	
	<Property alias="DeviceInfoModelName">
		<DisplayName>Model Name</DisplayName>
		<FQDN>InternetGatewayDevice.DeviceInfo.ModelName</FQDN>
	</Property>
	
	<Property alias="DeviceInfoSerialNumber">
		<DisplayName>Serial Number</DisplayName>
		<FQDN>InternetGatewayDevice.DeviceInfo.SerialNumber</FQDN>
	</Property>
	
	<Property alias="DLCOsgiFirmwareVersion">
		<DisplayName>Active DLA Version</DisplayName>
		<FQDN>InternetGatewayDevice.DeviceInfo.X_CISCO_COM_OSGiVersion</FQDN>
	</Property>
	
	<Property alias="DLCTsFirmwareVersion">
		<DisplayName>Active Truststore Version</DisplayName>
		<FQDN>InternetGatewayDevice.DeviceInfo.X_CISCO_COM_TSVersion</FQDN>
	</Property>
	
	<Property alias="DLAModeStatus">
		<DisplayName>DLA Status</DisplayName>
		<FQDN>InternetGatewayDevice.ManagementServer.X_CISCO_COM_DLAModeStatus</FQDN>
	</Property>
	
	<Property alias="DLCMobilityImei">
		<DisplayName>IMEI</DisplayName>
		<FQDN>InternetGatewayDevice.X_CISCO_COM_3GClient.IMEI</FQDN>
	</Property>
	
	<Property alias="HeartbeatMobilityStatus">
		<DisplayName>Mobility Heartbeat Status</DisplayName>
		<FQDN>InternetGatewayDevice.X_CISCO_COM_Heartbeat.3G.ConnectionStatus</FQDN>
	</Property>
	
	<Property alias="DLCMobilityLastHeartbeat">
		<DisplayName>Mobility last heartbeat</DisplayName>
		<FQDN>InternetGatewayDevice.X_CISCO_COM_Heartbeat.3G.LastAckedHeartbeat</FQDN>
		<Type>Date</Type>
		<UI-Format>dd-MMM-yyyy HH:mm</UI-Format>
		<DS-Format>yyyy-MM-dd'T'HH:mm:ss'Z'</DS-Format>
	</Property>
	
	<Property alias="DLCSystemMode">
		<DisplayName>System Mode Status</DisplayName>
		<FQDN>InternetGatewayDevice.ManagementServer.X_CISCO_COM_SystemModeStatus</FQDN>
	</Property>
	
	<Property alias="HeartbeatWirelineStatus">
		<DisplayName>Wireline Heartbeat Status</DisplayName>
		<FQDN>InternetGatewayDevice.X_CISCO_COM_Heartbeat.Wireline.ConnectionStatus</FQDN>
	</Property>
	
	<Property alias="DLCWirelineLastHeartbeat">
		<DisplayName>Wireline last heartbeat</DisplayName>
		<FQDN>InternetGatewayDevice.X_CISCO_COM_Heartbeat.Wireline.LastAckedHeartbeat</FQDN>
		<Type>Date</Type>
		<UI-Format>dd-MMM-yyyy HH:mm</UI-Format>
		<DS-Format>yyyy-MM-dd'T'HH:mm:ss'Z'</DS-Format>
	</Property>
	
	<Property alias="DeviceInfoHardwareVersion">
		<DisplayName>Hardware</DisplayName>
		<FQDN>InternetGatewayDevice.DeviceInfo.HardwareVersion</FQDN>
	</Property>
	
	<Property alias="DeviceInfoSoftwareVersion">
		<DisplayName>Software Version</DisplayName>
		<FQDN>InternetGatewayDevice.DeviceInfo.SoftwareVersion</FQDN>
	</Property>
</Properties>