<?xml version="1.0"?>
<RoleCustDataModel xmlns:xsi="http://www.w3.org/2001/XMLSchema-instance">

	<!-- 
	UI Components defined for Prime Home CSR. 
	-->
	<RoleCustData name="Prime Home CSR">
		<RoleCustMgmtProfileList>
				  
			<RoleCustMgmtProfile name="Dashboard">
				<!-- Excluded side Menus for this user Role -->
				<excludedSideMenuForCustomer customer="ATT">Dashboard</excludedSideMenuForCustomer>
				<excludedSideMenuForCustomer customer="Cisco">Home Page</excludedSideMenuForCustomer>
			</RoleCustMgmtProfile>

			<RoleCustMgmtProfile name="Device View">
				
				<!-- Excluded side Menus for this user Role -->
				<excludedSideMenuForCustomer customer="ATT">
					<excludedSideMenuForDeviceProfile deviceProfile="DLPP">Parameters,deviceDashboard,System Status,Device Operations</excludedSideMenuForDeviceProfile>
					<excludedSideMenuForDeviceProfile deviceProfile="dlci">Parameters</excludedSideMenuForDeviceProfile>
					<excludedSideMenuForDeviceProfile deviceProfile="dlc200">Parameters</excludedSideMenuForDeviceProfile>
				</excludedSideMenuForCustomer>

				<!-- Excluded quicks actions for this user Role -->
				<excludedQuickActionForCustomer customer="ATT">
					<excludedQuickActionForDeviceProfile deviceProfile="DLPP">Bootlog,Provision device,Factory Reset,Factory Reset Retain Wireless,Firmware Upgrade,Upload Performance Log,Upload Birth Certificate</excludedQuickActionForDeviceProfile>
				</excludedQuickActionForCustomer>
			</RoleCustMgmtProfile>
			
		</RoleCustMgmtProfileList>
	</RoleCustData>

	<!-- 
	UI Components defined for Prime Home Helpdesk. 
	-->
	<RoleCustData name="Prime Home Helpdesk">
		<RoleCustMgmtProfileList>

			<RoleCustMgmtProfile name="Dashboard">
				<!-- Excluded side Menus for this user Role -->
				<excludedSideMenuForCustomer customer="ATT">Dashboard</excludedSideMenuForCustomer>
				<excludedSideMenuForCustomer customer="Cisco">Home Page</excludedSideMenuForCustomer>
			</RoleCustMgmtProfile>

			<RoleCustMgmtProfile name="Device View">
				<!-- Excluded side Menus for this user Role -->
				<excludedSideMenuForCustomer customer="ATT">
					<excludedSideMenuForDeviceProfile deviceProfile="DLPP">deviceDashboard,System Status,Device Operations</excludedSideMenuForDeviceProfile>
					<excludedSideMenuForDeviceProfile deviceProfile="dlci"></excludedSideMenuForDeviceProfile>
					<excludedSideMenuForDeviceProfile deviceProfile="dlc200"></excludedSideMenuForDeviceProfile>
				</excludedSideMenuForCustomer>

				<!-- Excluded quicks actions for this user Role -->
				<excludedQuickActionForCustomer customer="ATT">
					<excludedQuickActionForDeviceProfile deviceProfile="DLPP">Bootlog,Provision device,Factory Reset Retain Wireless,Firmware Upgrade,Upload Birth Certificate</excludedQuickActionForDeviceProfile>
				</excludedQuickActionForCustomer>
			</RoleCustMgmtProfile>

		</RoleCustMgmtProfileList>
	</RoleCustData>

	<!-- 
	UI Components defined for Prime Home Operations . 
	-->
	<RoleCustData name="Prime Home Operations">
		<RoleCustMgmtProfileList>

			<RoleCustMgmtProfile name="Dashboard">
				<!-- Excluded side Menus for this user Role -->
				<excludedSideMenuForCustomer customer="ATT">Dashboard</excludedSideMenuForCustomer>
				<excludedSideMenuForCustomer customer="Cisco">Home Page</excludedSideMenuForCustomer>
			</RoleCustMgmtProfile>

			<RoleCustMgmtProfile name="Device View">
				<!-- Excluded side Menus for this user Role -->
				<excludedSideMenuForCustomer customer="ATT">
					<excludedSideMenuForDeviceProfile deviceProfile="DLPP">deviceDashboard,System Status</excludedSideMenuForDeviceProfile>
					<excludedSideMenuForDeviceProfile deviceProfile="dlci">Parameters</excludedSideMenuForDeviceProfile>
					<excludedSideMenuForDeviceProfile deviceProfile="dlc200">Parameters</excludedSideMenuForDeviceProfile>
				</excludedSideMenuForCustomer>

				<!-- Excluded quicks actions for this user Role -->
				<excludedQuickActionForCustomer customer="ATT">
					<excludedQuickActionForDeviceProfile deviceProfile="DLPP">Bootlog,Provision device,Factory Reset Retain Wireless,Firmware Upgrade,Upload Birth Certificate</excludedQuickActionForDeviceProfile>
				</excludedQuickActionForCustomer>
			</RoleCustMgmtProfile>

			<RoleCustMgmtProfile name="Operations">
				<excludedSideMenuForCustomer/>
			</RoleCustMgmtProfile>

			<RoleCustMgmtProfile name="Reports">
				<excludedSideMenuForCustomer/>
			</RoleCustMgmtProfile>
			
		</RoleCustMgmtProfileList>
	</RoleCustData>

	<!-- 
	UI Components defined for Prime Home Admin. 
	-->
	<RoleCustData name="Prime Home Admin">
		<RoleCustMgmtProfileList>

			<RoleCustMgmtProfile name="Dashboard">
				<!-- Excluded side Menus for this user Role -->
				<excludedSideMenuForCustomer customer="ATT">Dashboard</excludedSideMenuForCustomer>
				<excludedSideMenuForCustomer customer="Cisco">Home Page</excludedSideMenuForCustomer>
			</RoleCustMgmtProfile>

			<RoleCustMgmtProfile name="Device View">
				<!-- Excluded side Menus for this user Role -->
				<excludedSideMenuForCustomer customer="ATT">
					<excludedSideMenuForDeviceProfile deviceProfile="DLPP">deviceDashboard,System Status</excludedSideMenuForDeviceProfile>
					<!-- <excludedSideMenuForDeviceProfile deviceProfile="dlci">Parameters</excludedSideMenuForDeviceProfile>
					<excludedSideMenuForDeviceProfile deviceProfile="dlc200">Parameters</excludedSideMenuForDeviceProfile> -->
				</excludedSideMenuForCustomer>

				<!-- Excluded quicks actions for this user Role -->
				<excludedQuickActionForCustomer customer="ATT">
					<excludedQuickActionForDeviceProfile deviceProfile="DLPP">Bootlog,Provision device,Factory Reset Retain Wireless,Firmware Upgrade,Upload Birth Certificate</excludedQuickActionForDeviceProfile>
				</excludedQuickActionForCustomer>
			</RoleCustMgmtProfile>

			<RoleCustMgmtProfile name="Operations">
				<excludedSideMenuForCustomer/>
			</RoleCustMgmtProfile>

			<RoleCustMgmtProfile name="Reports">
				<excludedSideMenuForCustomer/>
			</RoleCustMgmtProfile>

			<RoleCustMgmtProfile name="Administration">
				<excludedSideMenuForCustomer/>
			</RoleCustMgmtProfile>

			<RoleCustMgmtProfile name="Statistics">
				<excludedSideMenuForCustomer/>
			</RoleCustMgmtProfile>

		</RoleCustMgmtProfileList>
	</RoleCustData>

	<!-- 
	UI Components defined for Prime Home System Admin. Omni User
	 -->
	<RoleCustData name="Prime Home System Admin">
		<RoleCustMgmtProfileList>

			<RoleCustMgmtProfile name="Dashboard">
				<!-- Excluded side Menus for this user Role -->
				<excludedSideMenuForCustomer customer="ATT">Dashboard</excludedSideMenuForCustomer>
				<excludedSideMenuForCustomer customer="Cisco">Home Page</excludedSideMenuForCustomer>
			</RoleCustMgmtProfile>

			<RoleCustMgmtProfile name="Device View">
				<!-- Excluded side Menus for this user Role -->
				<excludedSideMenuForCustomer customer="ATT">
					<excludedSideMenuForDeviceProfile deviceProfile="DLPP">deviceDashboard</excludedSideMenuForDeviceProfile>
					<!-- <excludedSideMenuForDeviceProfile deviceProfile="dlci">Parameters</excludedSideMenuForDeviceProfile>
					<excludedSideMenuForDeviceProfile deviceProfile="dlc200">Parameters</excludedSideMenuForDeviceProfile> -->
				</excludedSideMenuForCustomer>

				<!-- Excluded quicks actions for this user Role -->
				<excludedQuickActionForCustomer customer="ATT">
					<excludedQuickActionForDeviceProfile deviceProfile="DLPP">Bootlog,Provision device,Factory Reset Retain Wireless,Firmware Upgrade,Upload Birth Certificate</excludedQuickActionForDeviceProfile>
				</excludedQuickActionForCustomer>
			</RoleCustMgmtProfile>

			<RoleCustMgmtProfile name="Operations">
				<excludedSideMenuForCustomer/>
			</RoleCustMgmtProfile>

			<RoleCustMgmtProfile name="Reports">
				<excludedSideMenuForCustomer/>
			</RoleCustMgmtProfile>

			<RoleCustMgmtProfile name="Administration">
				<excludedSideMenuForCustomer/>
			</RoleCustMgmtProfile>

			<RoleCustMgmtProfile name="Statistics">
				<excludedSideMenuForCustomer/>
			</RoleCustMgmtProfile>

			<RoleCustMgmtProfile name="System">
				<excludedSideMenuForCustomer/>
			</RoleCustMgmtProfile>

		</RoleCustMgmtProfileList>
	</RoleCustData>
	
</RoleCustDataModel>