WNDR3400,LAN Hosts#WAN Connectivity#Speed Test#Bandwidth Utilization#Wireless Settings#Quality Of Service#Wireless Saturation#LAN Settings#Firewall#Port Forwarding#Parameters#Activity Log#Troubleshooting#Console#Backup & Restore#Device Operations
E580P,LAN Hosts#LAN Settings#Port Forwarding#Wireless Settings#WAN Connectivity#Parameters#Activity Log
DCR7151/24,RF Tuning#VOD#Connectivity#Error Message#DOCSIS#AMS#Settings#Parameters#Activity Log
Cisco_UGW,LAN Hosts#RF Tuning#Wireless Settings#Connectivity#Hard Disk#Parameters#Settings#Activity Log
ADB-HYBRID-STB,DTT#Connectivity#Parameters#Settings#Activity Log
96328AVNG,LAN Hosts#LAN Settings#Port Forwarding#Wireless Settings#WAN Connectivity#Parameters#Activity Log
HZN_GW,RF Tuning#Connectivity#Hard Disk#Parameters#Settings#Activity Log
963168MBV_17AZZ,LAN Hosts#LAN Settings#Port Forwarding#Wireless Settings#WAN Connectivity#Parameters#Activity Log
DCR8151/24,RF Tuning#DVR#VOD#Connectivity#Hard Disk#Error Message#DOCSIS#AMS#Settings#Parameters#Activity Log
DLCi,LAN Hosts#System Status#Firmware Status#IP Camera#3G Trends#Parameters#Activity Log
CANALD_GW,RF Tuning#DVR#VOD#PDL#Connectivity#Hard Disk#Parameters#Error Message#Settings#Activity Log
CD_ZAP,VOD#PDL#Connectivity#Error Message#Parameters#Settings#Activity Log
DIR868L,LAN Hosts#WAN Connectivity#Speed Test#Bandwidth Utilization#Wireless Settings#Quality Of Service#Wireless Saturation#LAN Settings#Firewall#Port Forwarding#Parameters#Activity Log#Troubleshooting#Console#Backup & Restore
Router,LAN Hosts#WAN Connectivity#Wireless Settings#Wireless Saturation#LAN Settings#Firewall#Port Forwarding#Parameters#Activity Log#Troubleshooting#Console#Backup & Restore
CV3,LAN Hosts#WAN Connectivity#Wireless Settings#Wireless Saturation#LAN Settings#Firewall#Port Forwarding#Parameters#Activity Log#Troubleshooting#Console#Backup & Restore
fast5260,LAN Hosts#WAN Connectivity#Speed Test#Bandwidth Utilization#Wireless Settings#Quality Of Service#Wireless Saturation#LAN Settings#Firewall#Port Forwarding#Parameters#Activity Log#Troubleshooting#Console#Backup & Restore
DIR868L,LAN Hosts#WAN Connectivity#Speed Test#Bandwidth Utilization#Wireless Settings#Quality Of Service#Wireless Saturation#LAN Settings#Firewall#Port Forwarding#Parameters#Activity Log#Troubleshooting#Console#Backup & Restore
Repeater,Wireless Settings#LAN Settings#Parameters#Activity Log
CANALD_GW,RF Tuning#DVR#VOD#PDL#Connectivity#Hard Disk#Parameters#Error Message#Settings#Activity Log
CD_ZAP,RF Tuning#VOD#PDL#Connectivity#Error Message#Parameters#Settings#Activity Log
HZN_GW,RF Tuning#Connectivity#Hard Disk#Parameters#Settings
HZN_INT,RF Tuning#Connectivity#Parameters#Activity Log#Settings
HZN_IPC,Connectivity#Error Message#Parameters#Settings#Activity Log
VOO_PVR,RF Tuning#DVR#VOD#Connectivity#Hard Disk#Error Message#Parameters#Settings#Activity Log
COG_GW,RF Tuning#DVR#VOD#Connectivity#Hard Disk#Parameters#Settings#Activity Log
COG_IPC,Connectivity#Error Message#Parameters#Settings#Activity Log
UGW,LAN Hosts#WAN Connectivity#Wireless Settings#LAN Settings#Firewall#Troubleshooting#Parameters#Activity Log#Console#Customer#Internet#Telephony#Network#Services
ADB-HYBRID-STB,DTT#Connectivity#Parameters#Settings#Activity Log
IAD303,LAN Hosts#WAN Connectivity#Speed Test#Wireless Settings#Firewall#Parameters#Activity Log
VV2220,LAN Hosts#WAN Connectivity#Speed Test#Wireless Settings#Firewall#Parameters#Activity Log
VV3220,LAN Hosts#WAN Connectivity#Speed Test#Wireless Settings#Firewall#Parameters#Activity Log
UnifiedGW,LAN Hosts#WAN Connectivity#DOCSIS#Wireless Settings#LAN Settings#Firewall#Parameters#Activity Log
DOCSIS 3.0,LAN Hosts#LAN Settings#Port Forwarding#Wireless Settings#WAN Connectivity#Backup & Restore#Parameters#Activity Log
DRG700,LAN Hosts#Wireless Settings#Parameters#Activity Log
96333AW2G,LAN Hosts#WAN Connectivity#Wireless Settings#Parameters#Activity Log
IGD,LAN Hosts#Parameters#Activity Log
96358VW2_N60,LAN Hosts#LAN Settings#Port Forwarding#Wireless Settings#WAN Connectivity#Parameters#Activity Log
XI3,Parameters#Activity Log
