<Portlet name="Speed Test" sideMenu="Speed Test">
	<DeviceType name="GW">
		<selectbox/>
		<parameterList/>
			<DeviceType name="CiscoHomeSecurity">
				<parameterList/>
				<DeviceType name="DigitalLifeController">
					<parameterList>
						<parameter actionMapping="name" name="InternetGatewayDevice.Capabilities.PerformanceDiagnostic.UploadDiagnostics.ROMTime" defaultValue="na" >uploadROMTime</parameter>
						<parameter actionMapping="name" name="InternetGatewayDevice.Capabilities.PerformanceDiagnostic.UploadDiagnostics.EOMTime" defaultValue="na" >uploadEOMTime</parameter>
						<parameter actionMapping="name" name="InternetGatewayDevice.Capabilities.PerformanceDiagnostic.UploadDiagnostics.BOMTime" defaultValue="na" >uploadBOMTime</parameter>
						<parameter actionMapping="name" name="InternetGatewayDevice.Capabilities.PerformanceDiagnostic.UploadDiagnostics.TotalBytesSent" defaultValue="na">upldBytes</parameter>
						<parameter actionMapping="name" name="InternetGatewayDevice.Capabilities.PerformanceDiagnostic.DownloadDiagnostics.ROMTime" defaultValue="na" >dwnloadROMTime</parameter>
						<parameter actionMapping="name" name="InternetGatewayDevice.Capabilities.PerformanceDiagnostic.DownloadDiagnostics.BOMTime" defaultValue="na" >dwnloadBOMTime</parameter>
						<parameter actionMapping="name" name="InternetGatewayDevice.Capabilities.PerformanceDiagnostic.DownloadDiagnostics.EOMTime" defaultValue="na" >dwnloadEOMTime</parameter>
						<parameter actionMapping="name" name="InternetGatewayDevice.Capabilities.PerformanceDiagnostic.DownloadDiagnostics.TestBytesReceived" defaultValue="na">dwnldBytes</parameter>
					</parameterList>
					<DeviceType name="DLPP" customerList="ATT">
							<parameterList/>
							<skipList/>
					</DeviceType>
				</DeviceType>
			</DeviceType>
	</DeviceType>
</Portlet>