<SoftwareInventory>
	<DeviceType name="GW">			
			<parameterList>
			  <tab name="DLC">
			   <components>
			    <component type="DLC">					
				    <parameter actionMapping="name" name="InternetGatewayDevice.DeviceInfo.SoftwareVersion" defaultValue="N/A" >Current Version</parameter>
					<parameter actionMapping="name" name="InternetGatewayDevice.DeviceInfo.X_CISCO_COM_PendingSoftwareVersion" defaultValue="N/A">Pending Version</parameter>
					<parameter actionMapping="name" name="InternetGatewayDevice.DeviceInfo.X_CISCO_COM_DLCChannelStatus" defaultValue="N/A">Channel Status</parameter>
					<parameter actionMapping="name" name="InternetGatewayDevice.DeviceInfo.X_CISCO_COM_DLCDownloadStatus" defaultValue="N/A">Download Status</parameter>
					<parameter actionMapping="name" name="InternetGatewayDevice.DeviceInfo.X_CISCO_COM_DLCUpgradeError" defaultValue="">Upgrade Error</parameter>
				</component>
				<component type="ZWAVE">					
				    <parameter actionMapping="name" name="InternetGatewayDevice.DeviceInfo.X_CISCO_COM_ZwaveVersion" defaultValue="N/A" >Current Version</parameter>
					<parameter actionMapping="name" name="InternetGatewayDevice.DeviceInfo.X_CISCO_COM_PendingZwaveVersion" defaultValue="N/A">Pending Version</parameter>
					<parameter actionMapping="name" name="InternetGatewayDevice.DeviceInfo.X_CISCO_COM_ZwaveChannelStatus" defaultValue="N/A">Channel Status</parameter>
					<parameter actionMapping="name" name="InternetGatewayDevice.DeviceInfo.X_CISCO_COM_ZwaveDownloadStatus" defaultValue="N/A">Download Status</parameter>
					<parameter actionMapping="name" name="InternetGatewayDevice.DeviceInfo.X_CISCO_COM_ZwaveUpgradeError" defaultValue="">Upgrade Error</parameter>
				</component>
				<component type="LPRF">					
				    <parameter actionMapping="name" name="InternetGatewayDevice.DeviceInfo.X_CISCO_COM_LPRFVersion" defaultValue="N/A" >Current Version</parameter>
					<parameter actionMapping="name" name="InternetGatewayDevice.DeviceInfo.X_CISCO_COM_PendingLPRFVersion" defaultValue="N/A">Pending Version</parameter>
					<parameter actionMapping="name" name="InternetGatewayDevice.DeviceInfo.X_CISCO_COM_LPRFChannelStatus" defaultValue="N/A">Channel Status</parameter>
					<parameter actionMapping="name" name="InternetGatewayDevice.DeviceInfo.X_CISCO_COM_LPRFDownloadStatus" defaultValue="N/A">Download Status</parameter>
					<parameter actionMapping="name" name="InternetGatewayDevice.DeviceInfo.X_CISCO_COM_LPRFUpgradeError" defaultValue="">Upgrade Error</parameter>
				</component>
				<component type="OSGI">					
				    <parameter actionMapping="name" name="InternetGatewayDevice.DeviceInfo.X_CISCO_COM_OSGiVersion" defaultValue="N/A" >Current Version</parameter>
					<parameter actionMapping="name" name="InternetGatewayDevice.DeviceInfo.X_CISCO_COM_PendingOSGiVersion" defaultValue="N/A">Pending Version</parameter>
					<parameter actionMapping="name" name="InternetGatewayDevice.DeviceInfo.X_CISCO_COM_OSGiChannelStatus" defaultValue="N/A">Channel Status</parameter>
					<parameter actionMapping="name" name="InternetGatewayDevice.DeviceInfo.X_CISCO_COM_OSGiDownloadStatus" defaultValue="N/A">Download Status</parameter>
					<parameter actionMapping="name" name="InternetGatewayDevice.DeviceInfo.X_CISCO_COM_OSGiUpgradeError" defaultValue="">Upgrade Error</parameter>
				</component>
				<component type="TS">					
				    <parameter actionMapping="name" name="InternetGatewayDevice.DeviceInfo.X_CISCO_COM_TSVersion" defaultValue="N/A" >Current Version</parameter>
					<parameter actionMapping="name" name="InternetGatewayDevice.DeviceInfo.X_CISCO_COM_PendingTSVersion" defaultValue="N/A">Pending Version</parameter>
					<parameter actionMapping="name" name="InternetGatewayDevice.DeviceInfo.X_CISCO_COM_TSChannelStatus" defaultValue="N/A">Channel Status</parameter>
					<parameter actionMapping="name" name="InternetGatewayDevice.DeviceInfo.X_CISCO_COM_TSDownloadStatus" defaultValue="N/A">Download Status</parameter>
					<parameter actionMapping="name" name="InternetGatewayDevice.DeviceInfo.X_CISCO_COM_TSUpgradeError" defaultValue="">Upgrade Error</parameter>
				</component>
				<component type="HPAV">					
				    <parameter actionMapping="name" name="InternetGatewayDevice.DeviceInfo.X_CISCO_COM_HPAVVersion" defaultValue="N/A" >Current Version</parameter>
					<parameter actionMapping="name" name="InternetGatewayDevice.DeviceInfo.X_CISCO_COM_PendingHPAVVersion" defaultValue="N/A">Pending Version</parameter>
					<parameter actionMapping="name" name="NA" defaultValue="N/A">Channel Status</parameter>
					<parameter actionMapping="name" name="NA" defaultValue="N/A">Download Status</parameter>
					<parameter actionMapping="name" name="InternetGatewayDevice.DeviceInfo.X_CISCO_COM_HPAVUpgradeError" defaultValue="">Upgrade Error</parameter>
				</component>
				<component type="BRANDING_FILE">					
				    <parameter actionMapping="name" name="NA" defaultValue="N/A" >Current Version</parameter>
					<parameter actionMapping="name" name="NA" defaultValue="N/A">Pending Version</parameter>
					<parameter actionMapping="name" name="NA" defaultValue="N/A">Channel Status</parameter>
					<parameter actionMapping="name" name="NA" defaultValue="N/A">Download Status</parameter>
					<parameter actionMapping="name" name="NA" defaultValue="">Upgrade Error</parameter>
				</component>
			   </components>
              </tab>  
			  <tab name="ExternalDevices">
			   <ExternalDeviceType type="ExternalDevice" countparameter="InternetGatewayDevice.DeviceInfo.X_CISCO_COM_Upgrade.ExternalDeviceNumberOfEntries">
					<parameter actionMapping="name" name="InternetGatewayDevice.DeviceInfo.X_CISCO_COM_Upgrade.ExternalDevice.%.ModelName" defaultValue="N/A">Device Name</parameter>
					<parameter actionMapping="name" name="InternetGatewayDevice.DeviceInfo.X_CISCO_COM_Upgrade.ExternalDevice.%.CurrentVersion" defaultValue="N/A" >Current Version</parameter>
					<parameter actionMapping="name" name="InternetGatewayDevice.DeviceInfo.X_CISCO_COM_Upgrade.ExternalDevice.%.PendingVersion" defaultValue="N/A">Pending Version</parameter>
					<parameter actionMapping="name" name="InternetGatewayDevice.DeviceInfo.X_CISCO_COM_Upgrade.ExternalDevice.%.UpgradeStatus" defaultValue="N/A">Upgrade Status</parameter>
					<parameter actionMapping="name" name="NA" defaultValue="">Upgrade Error</parameter>
					<ExternalConnectedDevices>
						<ExternalConnectedDevice type="IPCAM" countparameter="InternetGatewayDevice.X_CISCO_COM_IPCAM.DeviceInfoNumberOfEntries">
						  <parameter actionMapping="name" name="InternetGatewayDevice.X_CISCO_COM_IPCAM.DeviceInfo.%.CommonName" defaultValue="N/A">Device Name</parameter>
						  <parameter actionMapping="name" name="InternetGatewayDevice.X_CISCO_COM_IPCAM.DeviceInfo.%.SoftwareVersion" defaultValue="N/A" >Current Version</parameter>
						  <parameter actionMapping="name" name="NA" defaultValue="">Pending Version</parameter>
						  <parameter actionMapping="name" name="InternetGatewayDevice.X_CISCO_COM_IPCAM.DeviceInfo.%.Status" defaultValue="">Upgrade Status</parameter>
						  <parameter actionMapping="name" name="NA" defaultValue="">Upgrade Error</parameter>
						</ExternalConnectedDevice>
				<!-- 		<ExternalConnectedDevice type="HPAV" countparameter="InternetGatewayDevice.X_CISCO_COM_HomeplugAV.HomeplugAVNumberOfEntries">
						  <parameter actionMapping="name" name="InternetGatewayDevice.X_CISCO_COM_HomeplugAV.%.CommonName" defaultValue="N/A">Device Name</parameter>
						  <parameter actionMapping="name" name="InternetGatewayDevice.X_CISCO_COM_HomeplugAV.%.SoftwareVersion" defaultValue="N/A" >Current Version</parameter>
						  <parameter actionMapping="name" name="NA" defaultValue="">Pending Version</parameter>
						  <parameter actionMapping="name" name="NA" defaultValue="">Upgrade Error</parameter>
						</ExternalConnectedDevice> -->
				    </ExternalConnectedDevices>	
				</ExternalDeviceType>
			    <ExternalDeviceType type="OTA" countparameter="InternetGatewayDevice.DeviceInfo.X_CISCO_COM_Upgrade.OTANumberOfEntries">
					<parameter actionMapping="name" name="InternetGatewayDevice.DeviceInfo.X_CISCO_COM_Upgrade.OTA.%.ModelName" defaultValue="N/A">Device Name</parameter>
					<parameter actionMapping="name" name="InternetGatewayDevice.DeviceInfo.X_CISCO_COM_Upgrade.OTA.%.CurrentVersion" defaultValue="N/A" >Current Version</parameter>
					<parameter actionMapping="name" name="InternetGatewayDevice.DeviceInfo.X_CISCO_COM_Upgrade.OTA.%.PendingVersion" defaultValue="N/A">Pending Version</parameter>
					<parameter actionMapping="name" name="NA" defaultValue="N/A">Upgrade Status</parameter>
					<parameter actionMapping="name" name="NA" defaultValue="">Upgrade Error</parameter>
					<ExternalConnectedDevices>
						<ExternalConnectedDevice type="OTA" countparameter="InternetGatewayDevice.DeviceInfo.X_CISCO_COM_Upgrade.OTA.%.DeviceNumberOfEntries">
						  <parameter actionMapping="name" name="InternetGatewayDevice.DeviceInfo.X_CISCO_COM_Upgrade.OTA.%.Device.%.Label" defaultValue="N/A">Device Name</parameter>
						  <parameter actionMapping="name" name="InternetGatewayDevice.DeviceInfo.X_CISCO_COM_Upgrade.OTA.%.Device.%.FirmwareVersion" defaultValue="N/A" >Current Version</parameter>
						  <parameter actionMapping="name" name="NA" defaultValue="">Pending Version</parameter>
						  <parameter actionMapping="name" name="InternetGatewayDevice.DeviceInfo.X_CISCO_COM_Upgrade.OTA.%.Device.%.UpgradeStatus" defaultValue="">Upgrade Status</parameter>
						  <parameter actionMapping="name" name="NA" defaultValue="">Upgrade Error</parameter>
						</ExternalConnectedDevice>
				    </ExternalConnectedDevices>	
				</ExternalDeviceType>				
			  </tab>			  
			</parameterList>
			<DeviceType name="CiscoHomeSecurity">
					<parameterList/>
					<DeviceType name="DigitalLifeController">
						<parameterList/>
						<DeviceType name="DLCi" customerList="ATT">
								<parameterList/>
								<skipList/>
						</DeviceType>
					</DeviceType>
			</DeviceType>
	</DeviceType>
</SoftwareInventory>