<System>
	<tabs name="Tags">
		<name>PROVISIONING_FAILURE</name>
		<value>Enable</value>
	</tabs>
	<tabs name="Batch Processing">
		<name>Assign domain to device</name>
		<value>Read Only</value>
	</tabs>
	<tabs name="Groups">
		<name>Gateway</name>
		<value>Read Only</value>	
	</tabs>
	<tabs name="Workflows">
		<name>AddProvisionDeviceTagWorkflow</name>
		<value>Enable</value> 
	</tabs>
	<tabs name="Workflow Templates">
		<name>workflowTemplate.EnableDisableSSH.name</name>
		<value>Read Only</value>
	</tabs>
	<tabs name="File Types">
		<name>BirthCertificate</name>
		<value>Read Only</value>
	</tabs>
</System>