<!--
About this file :
Can add Parameters with property name inside ParameterList based on need and Parameter hierarchy.
If any parent Parameter needs to be removed for particular device type can be added in skip list with whole Parameter tag.
Tag Name : Parameter
where,

actionMapping - is to specify whether the listed property needs to be mapped as of Parameter name or with functionality
	name - Maps the related name
	NA - For specific functionality
name - name of the property	
defaultValue - default value needs to be tested when there is no value in device

Tag Name : format
If any kind of paramters type needs to be handled separately
type= type of the Parameter
defaultFormat= in which format the data needs to be modified (NA - if no conversion required)

-->

<SystemStatus>
	<DeviceType name="GW">
		<ParameterList/>
			<DeviceType name="CiscoHomeSecurity">
					<ParameterList/>
					<DeviceType name="DigitalLifeController">
						<ParameterList>
							<Parameter actionMapping="name" name="InternetGatewayDevice.X_CISCO_COM_3GClient.PerformanceData.CellEcNo" defaultValue="N/A" >3G Cell EcNo:</Parameter>
							<Parameter actionMapping="name" name="InternetGatewayDevice.X_CISCO_COM_3GClient.PerformanceData.CellID" defaultValue="N/A" >3G Cell ID:</Parameter>
							<Parameter actionMapping="name" name="InternetGatewayDevice.X_CISCO_COM_3GClient.PerformanceData.CellRSCP" defaultValue="N/A" >3G Cell RSCP:</Parameter>
							<Parameter actionMapping="name" name="InternetGatewayDevice.X_CISCO_COM_3GClient.PerformanceData.Interval.1.CellRSSI" defaultValue="N/A" >3G Cell RSSI:</Parameter>
							<Parameter actionMapping="name" name="InternetGatewayDevice.X_CISCO_COM_3GClient.PerformanceData.FrequencyBand" defaultValue="N/A" >3G Frequency Band:</Parameter>
							<Parameter actionMapping="name" name="InternetGatewayDevice.X_CISCO_COM_3GClient.PerformanceData.LAC" defaultValue="N/A" >3G LAC:</Parameter>
							<Parameter actionMapping="name" name="InternetGatewayDevice.X_CISCO_COM_3GClient.PerformanceData.CellScramblingCode" defaultValue="N/A" >3G Scrambling Code:</Parameter>
							<Parameter actionMapping="name" name="InternetGatewayDevice.X_CISCO_COM_3GClient.PerformanceData.ServingCell" defaultValue="N/A">3G Serving Cell:</Parameter>
							<Parameter actionMapping="name" name="InternetGatewayDevice.X_CISCO_COM_3GClient.PerformanceData.UARFCN" defaultValue="N/A">3G UARFCN:</Parameter>
							<Parameter actionMapping="name" name="InternetGatewayDevice.X_CISCO_COM_Battery.Capacity" defaultValue="N/A">Battery Capacity:</Parameter>
							<Parameter actionMapping="name" name="InternetGatewayDevice.X_CISCO_COM_Battery.NeedReplacement" defaultValue="0" >Battery Needs Replacing:</Parameter>
							<Parameter actionMapping="name" name="InternetGatewayDevice.ManagementServer.X_CISCO_COM_Generate_Birth_Certificate_Status" defaultValue="N/A">Birth Certificate Status:</Parameter>
							<Parameter actionMapping="name" name="InternetGatewayDevice.X_CISCO_COM_Cert.ValidityNotAfter" defaultValue="N/A">Certificate Expiration Date:</Parameter>
							<Parameter actionMapping="name" name="InternetGatewayDevice.X_CISCO_COM_Cert.InstalledOn" defaultValue="N/A">Certificate Installation Date:</Parameter>
							<Parameter actionMapping="name" name="InternetGatewayDevice.X_CISCO_COM_Cert.ValidityNotBefore" defaultValue="N/A">Certificate Issue Date:</Parameter>
							<Parameter actionMapping="name" name="InternetGatewayDevice.X_CISCO_COM_Cert.Upgrade.ErrorDetails" defaultValue="N/A">Certificate Update Error:</Parameter>
							<Parameter actionMapping="name" name="InternetGatewayDevice.X_CISCO_COM_Cert.Upgrade.InitiatedBy" defaultValue="N/A">Certificate Update Mechanism:</Parameter>
							<Parameter actionMapping="name" name="InternetGatewayDevice.X_CISCO_COM_Cert.Upgrade.Requested" defaultValue="N/A">Certificate Update Requested:</Parameter>
							<Parameter actionMapping="name" name="InternetGatewayDevice.ManagementServer.X_CISCO_COM_DLAModeStatus" defaultValue="N/A">DLA Status:</Parameter>
							<Parameter actionMapping="name" name="InternetGatewayDevice.X_CISCO_COM_3GClient.IMEI" defaultValue="N/A">IMEI:</Parameter>							
							<Parameter actionMapping="name" name="InternetGatewayDevice.DeviceInfo.SerialNumber" defaultValue="N/A">Serial Number:</Parameter>
							<Parameter actionMapping="name" name="InternetGatewayDevice.Time.Status" defaultValue="N/A">Time Status:</Parameter>
							<Parameter actionMapping="name" name="InternetGatewayDevice.ManagementServer.X_CISCO_COM_UpgradeMode" defaultValue="N/A">Upgrade Mode:</Parameter>
							<Parameter actionMapping="name" name="InternetGatewayDevice.LANDevice.1.WLANConfiguration.1.X_CISCO_COM_ChannelSelected" defaultValue="N/A">Wifi Channel Selected:</Parameter>
							<Parameter actionMapping="name" name="InternetGatewayDevice.LANDevice.1.WLANConfiguration.1.Channel" defaultValue="N/A">Wifi Channel Selector:</Parameter>
							<Parameter actionMapping="name" name="InternetGatewayDevice.LANDevice.1.WLANConfiguration.1.MaxBitRate" defaultValue="N/A">Wifi Max Bit Rate:</Parameter>
							<Parameter actionMapping="name" name="InternetGatewayDevice.ManagementServer.X_CISCO_COM_SystemModeStatus" defaultValue="N/A">System Mode Status:</Parameter>
							<Parameter actionMapping="name" name="InternetGatewayDevice.LANDevice.1.WLANConfiguration.1.X_CISCO_COM_AutoScanSiteSurvey.APNumberOfEntries" defaultValue="N/A">Wifi Site Survey Number of APs:</Parameter>
						</ParameterList>
						<Format type="date" defaultFormat="dd-MMM-yyyy HH:mm"/>
						<DeviceType name="DLPP" customerList="ATT">
							<ParameterList/>
							<SkipList/>
						</DeviceType>
					</DeviceType>
			</DeviceType>
	</DeviceType>
</SystemStatus>