<!--
mapRole - Name Such as in GUI
group name - new group which will be created
user-details - group-name  - should match with any of the group name which will be created newly.
-->
<login-details>
	<group-mapping>
		<group name="aadmingrp" mapRole="Prime Home Admin"/>
		<group name="acsrgrp" mapRole="Prime Home CSR"/>
		<group name="ahelpdeskgrp" mapRole="Prime Home Help Desk"/>
		<group name="aopergrp" mapRole="Prime Home Operations"/>
		<group name="auniversegrp" mapRole="Universe"/>
	</group-mapping>
	<users>
		<user-details>
			<user-name>phuser1</user-name>
			<first-name>ph</first-name>
			<last-name>user1</last-name>
			<e-mail-id>phuser1@cisco.com</e-mail-id>
			<date-of-birth>15-January-2004</date-of-birth>
			<gender>Male</gender>
			<password>phuser1</password>
			<community>cisco.com</community>
			<group-name>aadmingrp</group-name>
		</user-details>
		<user-details>
			<user-name>phuser2</user-name>
			<first-name>ph</first-name>
			<last-name>user2</last-name>
			<e-mail-id>phuser2@cisco.com</e-mail-id>
			<date-of-birth>15-January-2004</date-of-birth>
			<gender>Male</gender>
			<password>phuser2</password>
			<community>cisco.com</community>
			<group-name>acsrgrp</group-name>
		</user-details>
	</users>
</login-details>