<!--
About this file :
Can add Parameters with property name inside ParameterList based on need and Parameter hierarchy.
If any parent Parameter needs to be removed for particular device type can be added in skip list with whole Parameter tag.

where,

actionMapping - is to specify whether the listed property needs to be mapped as of Parameter name or with functionality
	name - Maps the related name
	NA - For specific functionality
name - name of the property	
defaultValue - default value needs to be tested when there is no value in device
-->

<WANConnectivity>
	<DeviceType name="GW">
			<ParameterList>
					<Parameter actionMapping="name" name="InternetGatewayDevice.WANDevice.%.WANConnectionDevice.%.WANIPConnection.%.ConnectionStatus,InternetGatewayDevice.WANDevice.%.WANConnectionDevice.%.WANIPConnection.%.ConnectionType" defaultValue="N/A">Connection Status:</Parameter>
					<Parameter actionMapping="name" name="InternetGatewayDevice.WANDevice.%.WANConnectionDevice.%.WANIPConnection.%.NATEnabled" defaultValue="N/A">NAT Enabled:</Parameter>
					<Parameter actionMapping="name" name="InternetGatewayDevice.WANDevice.%.WANConnectionDevice.%.WANIPConnection.%.DefaultGateway" defaultValue="N/A">Default Gateway:</Parameter>
					<Parameter actionMapping="name" name="InternetGatewayDevice.WANDevice.%.WANConnectionDevice.%.WANIPConnection.%.DNSServers" defaultValue="N/A">DNS Servers:</Parameter>
					<Parameter actionMapping="name" name="InternetGatewayDevice.WANDevice.%.WANConnectionDevice.%.WANIPConnection.%.ExternalIPAddress" defaultValue="N/A">IP Address:</Parameter>
					<Parameter actionMapping="name" name="InternetGatewayDevice.WANDevice.%.WANConnectionDevice.%.WANIPConnection.%.SubnetMask" defaultValue="N/A">Subnet Mask:</Parameter>
					<Parameter actionMapping="name" name="InternetGatewayDevice.WANDevice.%.WANCommonInterfaceConfig.WANAccessType" defaultValue="N/A">Type</Parameter>
					<Parameter actionMapping="name" name="InternetGatewayDevice.WANDevice.%.WANConnectionDevice.%.WANIPConnection.%.Name" defaultValue="N/A">Name</Parameter>
					<Parameter actionMapping="name" name="InternetGatewayDevice.WANDevice.%.WANConnectionDevice.%.WANIPConnection.%.Stats.EthernetBytesReceived" defaultValue="N/A">Bytes Received:</Parameter>
					<Parameter actionMapping="name" name="InternetGatewayDevice.WANDevice.%.WANConnectionDevice.%.WANIPConnection.%.Stats.EthernetBytesSent" defaultValue="N/A">Bytes Sent:</Parameter>
					<Parameter actionMapping="name" name="InternetGatewayDevice.WANDevice.%.WANConnectionDevice.%.WANIPConnection.%.Stats.EthernetPacketsReceived" defaultValue="N/A">Packets Received:</Parameter>
					<Parameter actionMapping="name" name="InternetGatewayDevice.WANDevice.%.WANConnectionDevice.%.WANIPConnection.%.Stats.EthernetPacketsSent" defaultValue="N/A">Packets Sent:</Parameter>
			</ParameterList>
			<DeviceType name="CiscoHomeSecurity">
					<ParameterList/>
					<DeviceType name="DigitalLifeController">
						<ParameterList>
							<Parameter actionMapping="name" name="InternetGatewayDevice.WANDevice.%.WANEthernetInterfaceConfig.MACAddress" defaultValue="N/A" >MAC Address:</Parameter>
							<Parameter actionMapping="name" name="InternetGatewayDevice.WANDevice.%.WANConnectionDevice.%.WANIPConnection.%.Enable" defaultValue="disabled" >Connection Enabled:</Parameter>
							<Parameter actionMapping="name" name="InternetGatewayDevice.WANDevice.%.WANConnectionDevice.%.WANIPConnection.%.DNSEnabled" defaultValue="disabled" >DNS Enabled:</Parameter>
							<Parameter actionMapping="name" name="InternetGatewayDevice.WANDevice.%.WANConnectionDevice.%.WANIPConnection.%.DNSOverrideAllowed" defaultValue="disabled" >DNS Override Allowed:</Parameter>
							<Parameter actionMapping="name" name="InternetGatewayDevice.WANDevice.%.WANConnectionDevice.%.WANIPConnection.%.AddressingType" defaultValue="N/A" >Addressing Type:</Parameter>
						</ParameterList>
						<DeviceType name="DLPP" customerList="ATT">
							<Status>
								<Label>Connections enabled:</Label>
								<Label>Connections disabled:</Label>
								<Label>Active interfaces with errors:</Label>
							</Status>
							<Buttons>
								<Button>Apply</Button>
								<Button>Clear</Button>
							</Buttons>
							<ParameterList/>
							<SkipList/>
						</DeviceType>
					</DeviceType>
			</DeviceType>
	</DeviceType>
</WANConnectivity>