<!--
About this file :
Can add Parameters with property name inside ParameterList based on need and Parameter hierarchy.
If any parent Parameter needs to be removed for particular device type can be added in skip list with whole Parameter tag.

where,

actionMapping - is to specify whether the listed property needs to be mapped as of Parameter name or with functionality
	name - Maps the related name
	NA - For specific functionality
name - name of the property	
defaultValue - default value needs to be tested when there is no value in device
-->

<WANConnectivity>
	<DeviceType name="GW">
			<ParameterList>
					<Parameter actionMapping="name" name="InternetGatewayDevice.WANDevice.%.WANConnectionDevice.%.WANIPConnection.%.ConnectionStatus" defaultValue="N/A">Connection Status:</Parameter>
					<Parameter actionMapping="name" name="InternetGatewayDevice.WANDevice.%.WANConnectionDevice.%.WANIPConnection.%.NATEnabled" defaultValue="N/A">Nat Enabled:</Parameter>
					<Parameter actionMapping="name" name="InternetGatewayDevice.WANDevice.%.WANConnectionDevice.%.WANIPConnection.%.DNSServers" defaultValue="N/A">DNS Server:</Parameter>
					<Parameter actionMapping="name" name="InternetGatewayDevice.WANDevice.%.WANConnectionDevice.%.WANIPConnection.%.DefaultGateway" defaultValue="N/A">Default Gateway:</Parameter>
					<Parameter actionMapping="name" name="InternetGatewayDevice.WANDevice.%.WANConnectionDevice.%.WANIPConnection.%.ExternalIPAddress" defaultValue="N/A">IP Address:</Parameter>
					<Parameter actionMapping="name" name="InternetGatewayDevice.WANDevice.%.WANConnectionDevice.%.WANIPConnection.%.SubnetMask" defaultValue="N/A">Subnet Mask:</Parameter>
					<Parameter actionMapping="name" name="InternetGatewayDevice.WANDevice.%.WANCommonInterfaceConfig.WANAccessType" defaultValue="N/A">Type</Parameter>
			</ParameterList>
			<DeviceType name="CiscoHomeSecurity">
					<ParameterList/>
					<DeviceType name="DigitalLifeController">
						<ParameterList>
							<Parameter actionMapping="name" name="InternetGatewayDevice.WANDevice.%.WANEthernetInterfaceConfig.MACAddress" defaultValue="N/A" >MAC Address:</Parameter>
							<Parameter actionMapping="name" name="InternetGatewayDevice.WANDevice.%.WANConnectionDevice.%.WANIPConnection.%.Enable" defaultValue="0" >Connection Enabled:</Parameter>
							<Parameter actionMapping="name" name="InternetGatewayDevice.WANDevice.%.WANConnectionDevice.%.WANIPConnection.%.DNSEnabled" defaultValue="0" >DNS Enabled:</Parameter>
						</ParameterList>
						<DeviceType name="DLPP" customerList="ATT">
							<Buttons>
								<Button>Save</Button>
								<Button>Clear</Button>
							</Buttons>
							<ParameterList/>
							<SkipList/>
						</DeviceType>
					</DeviceType>
			</DeviceType>
	</DeviceType>
</WANConnectivity>