<WirelessSettings>		
	<DeviceType name="GW">		
			<DeviceType name="CiscoHomeSecurity">
					<DeviceType name="DigitalLifeController">					
						<DeviceType name="DLPP" customerList="ATT">
							<selectbox>
								<operation name="Channel:" operations="2"/>
								<operation name="Security Mode:" operations="WEP (low security)"/>
							</selectbox>
							<parameterList>
								<parameter actionMapping="name" name="InternetGatewayDevice.LANDevice.1.WLANConfiguration.1.SSID" defaultValue="N/A">Network SSID</parameter>
								<parameter actionMapping="name" name="InternetGatewayDevice.LANDevice.1.WLANConfiguration.1.RadioEnabled" defaultValue="N/A">Enabled</parameter>
								<parameter actionMapping="name" name="InternetGatewayDevice.LANDevice.1.WLANConfiguration.1.Channel" defaultValue="N/A">Channel</parameter>
								<parameter actionMapping="name" name="InternetGatewayDevice.LANDevice.1.WLANConfiguration.1.BeaconType" defaultValue="N/A">Security Type</parameter>
								<parameter actionMapping="name" name="InternetGatewayDevice.LANDevice.1.WLANConfiguration.1.BeaconAdvertisementEnabled" defaultValue="N/A">SSID Advertisement</parameter>
							</parameterList>
						</DeviceType>
			</DeviceType>
		</DeviceType>
	</DeviceType>
</WirelessSettings>