<steps>
	<step>
		<component name=""       action="readValue" xpath="operations.batch.table.statustext" xpathInput="$$batchName" saveTo="statusText" />
		<if value1="Completed,Canceled" value2="$$statusText" condition="not-contains">
			<component name="timer" value="5" />
			<component name="icon"   action="click"     xpath="operations.batch.table.action.cancel" xpathInput="$$batchName" />
			<component name="timer" value="2" />
			<component name="button" action="click"     xpath="popup.message.ok" />
		</if>
		<component name="timer" value="5" />
		<component name="icon"   action="click"     xpath="operations.batch.table.action.delete" xpathInput="$$batchName" />
		<component name="timer" value="2" />
		<component name="button" action="click"     xpath="popup.message.ok" />	 
		<component name="timer" value="3" />
		<if value1="$$Notification" value2="pass" condition="equals">
			<component name="notification" action="validate" xpath="notification.message" compareWith="Batch has been successfully deleted" valdesc="Batch deletion" valkey="Batch deletion"/>		
		</if>
		<if value1="$$Notification" value2="fail" condition="equals">
			<component name="notification" action="validate" xpath="notification.message" condition="contains" compareWith="already removed" valdesc="Check Batch already removed" valkey="Batch Already Removed"/> 
		</if>	
	</step>
</steps>