<steps>
	<step>
		<component name=""       action="readValue" xpath="operations.batch.table.statustext" xpathInput="$$batchName" saveTo="statusText" />
		<if value1="$$statusText" value2="completed" condition="not-equals">
			<component name="timer" value="5" />
			<component name="icon"   action="click"     xpath="operations.batch.table.action.cancel" xpathInput="$$batchName" />
			<component name="timer" value="2" />
			<component name="button" action="click"     xpath="popup.message.ok" />
		</if>
	</step>
</steps>