 <steps>
	<step>
		<component name="button" action="click"      xpath="operations.batch.add.icon" />
		
		<component name="textbox"  action="entervalue" xpath="operations.batch.create.name"	 value="$$batchName" />
		<component name="textbox"  action="entervalue" xpath="operations.batch.create.description" value="$$batchDesc" />
		<component name="select" action="entervalue" xpath="operations.batch.create.groupselect" type="custom" value="$$groupName" />
		
		
		<!-- #Trigger -->
		<component name="link"   action="click"      xpath="operations.batch.create.trigger.link" />
		<!-- #Immediate Trigger -->
		<component name="radiobutton" xpath="operations.batch.create.trigger.immediate.check" action="click" />				
		<component name="button"      action="click" xpath="operations.batch.create.trigger.save" />

		
		
		<!-- #Action -->
		<component name="select"      action="entervalue" xpath="operations.batch.create.action.name" type="autocomplete" value="File download" />	
		<component name="select"      action="entervalue" xpath="operations.batch.action.fileTypes.select" type="regular" xpathInput="1,2" value="IPCAM 821 Firmware" />
		<component name="select"      action="entervalue" xpath="operations.batch.action.fileTypes.select" type="regular" xpathInput="1,5" value="IPCAM821Firmware5825" />
		<!-- #Action save -->
		<component name="button" action="click" xpath="operations.batch.create.action.ok" />
		<component name="timer" value="1" />
		
		<component name="button" action="click"      xpath="operations.batch.action.add.icon" />
		<component name="select"      action="entervalue" xpath="operations.batch.create.action.name" type="autocomplete" value="File download" />
		<component name="select"      action="entervalue" xpath="operations.batch.action.fileTypes.select" type="regular" xpathInput="2,2" value="IPCAM 821D Firmware" />
		<component name="select"      action="entervalue" xpath="operations.batch.action.fileTypes.select" type="regular" xpathInput="2,5" value="IPCAM821DFirmware5825" />
		<!-- #Action save -->
		<component name="button" action="click" xpath="operations.batch.create.action.ok" />
		<component name="timer" value="1" />
		
		<component name="button" action="click"      xpath="operations.batch.action.add.icon" />
		<component name="select"      action="entervalue" xpath="operations.batch.create.action.name" type="autocomplete" value="File download" />			
		<component name="select"      action="entervalue" xpath="operations.batch.action.fileTypes.select" type="regular" xpathInput="3,2" value="IPCAM 8221 Firmware" />
		<component name="select"      action="entervalue" xpath="operations.batch.action.fileTypes.select" type="regular" xpathInput="3,5" value="IPCAM8221Firmware5825" />
		<!-- #Action save -->
		<component name="button" action="click" xpath="operations.batch.create.action.ok" />
		<component name="timer" value="1" />
		
		<component name="button" action="click"      xpath="operations.batch.action.add.icon" />
		<component name="select"      action="entervalue" xpath="operations.batch.create.action.name" type="autocomplete" value="File download" />		
		<component name="timer" value="1" />
		<component name="select"      action="entervalue" xpath="operations.batch.action.fileTypes.select" type="regular" xpathInput="4,2" value="IPCAM 8221D Firmware" />
		<component name="select"      action="entervalue" xpath="operations.batch.action.fileTypes.select" type="regular" xpathInput="4,5" value="IPCAM8221DFirmware5825" />
		<!-- #Action save -->
		<component name="button" action="click" xpath="operations.batch.create.action.ok" />
		<component name="timer" value="1" />
		
		<component name="button" action="click"      xpath="operations.batch.action.add.icon" />
		<component name="select"      action="entervalue" xpath="operations.batch.create.action.name" type="autocomplete" value="File download" />
		<component name="timer" value="1" />		
		<component name="select"      action="entervalue" xpath="operations.batch.action.fileTypes.select" type="regular" xpathInput="5,2" value="IPCAM 8230 Firmware" />
		<component name="select"      action="entervalue" xpath="operations.batch.action.fileTypes.select" type="regular" xpathInput="5,5" value="IPCAM8230Firmware5825" />
				<!-- #Action save -->
		<component name="button" action="click" xpath="operations.batch.create.action.ok" />
		<component name="timer" value="1" />
		<!-- #Action -->
		<component name="button" action="click"      xpath="operations.batch.action.add.icon" />
		<component name="select"      action="entervalue" xpath="operations.batch.create.action.name" type="autocomplete" value="File download" />	
		<component name="select"      action="entervalue" xpath="operations.batch.action.fileTypes.select" type="regular" xpathInput="6,2" value="IPCAM 8230D Firmware" />
		<component name="select"      action="entervalue" xpath="operations.batch.action.fileTypes.select" type="regular" xpathInput="6,5" value="IPCAM8230DFirmware5825" />
		<!-- #Action save -->
		<component name="button" action="click" xpath="operations.batch.create.action.ok" />
		<component name="timer" value="1" />
		
		<component name="button" action="click"      xpath="operations.batch.action.add.icon" />
		<component name="select"      action="entervalue" xpath="operations.batch.create.action.name" type="autocomplete" value="File download" />
		<component name="select"      action="entervalue" xpath="operations.batch.action.fileTypes.select" type="regular" xpathInput="7,2" value="Zwave Firmware" />
		<component name="select"      action="entervalue" xpath="operations.batch.action.fileTypes.select" type="regular" xpathInput="7,5" value="ZwaveFirmware5825" />
		<!-- #Action save -->
		<component name="button" action="click" xpath="operations.batch.create.action.ok" />
		<component name="timer" value="1" />
		
		<component name="button" action="click"      xpath="operations.batch.action.add.icon" />
		<component name="select"      action="entervalue" xpath="operations.batch.create.action.name" type="autocomplete" value="File download" />			
		<component name="select"      action="entervalue" xpath="operations.batch.action.fileTypes.select" type="regular" xpathInput="8,2" value="LPRF Firmware" />
		<component name="select"      action="entervalue" xpath="operations.batch.action.fileTypes.select" type="regular" xpathInput="8,5" value="LPRFFirmware5825" />
		<!-- #Action save -->
		<component name="button" action="click" xpath="operations.batch.create.action.ok" />
		<component name="timer" value="1" />
		
		<component name="button" action="click"      xpath="operations.batch.action.add.icon" />
		<component name="select"      action="entervalue" xpath="operations.batch.create.action.name" type="autocomplete" value="File download" />		
		<component name="timer" value="1" />
		<component name="select"      action="entervalue" xpath="operations.batch.action.fileTypes.select" type="regular" xpathInput="9,2" value="DLC Firmware" />
		<component name="select"      action="entervalue" xpath="operations.batch.action.fileTypes.select" type="regular" xpathInput="9,5" value="DLCFirmware5825" />
		<!-- #Action save -->
		<component name="button" action="click" xpath="operations.batch.create.action.ok" />
		<component name="timer" value="1" />
		
		<component name="button" action="click"      xpath="operations.batch.action.add.icon" />
		<component name="select"      action="entervalue" xpath="operations.batch.create.action.name" type="autocomplete" value="File download" />
		<component name="timer" value="1" />		
		<component name="select"      action="entervalue" xpath="operations.batch.action.fileTypes.select" type="regular" xpathInput="10,2" value="Firmware Image" />
		<component name="select"      action="entervalue" xpath="operations.batch.action.fileTypes.select" type="regular" xpathInput="10,5" value="FirmwareImage5825" />
				<!-- #Action save -->
		<component name="button" action="click" xpath="operations.batch.create.action.ok" />
		<component name="timer" value="1" />
		
		<component name="button" action="click"      xpath="operations.batch.action.add.icon" />
		<component name="select"      action="entervalue" xpath="operations.batch.create.action.name" type="autocomplete" value="File download" />		
		<component name="timer" value="1" />
		<component name="select"      action="entervalue" xpath="operations.batch.action.fileTypes.select" type="regular" xpathInput="11,2" value="Local HPAV Firmware" />
		<component name="select"      action="entervalue" xpath="operations.batch.action.fileTypes.select" type="regular" xpathInput="11,5" value="LocalHPAVFirmware5825" />
		<!-- #Action save -->
		<component name="button" action="click" xpath="operations.batch.create.action.ok" />
		<component name="timer" value="1" />
		
		<component name="button" action="click"      xpath="operations.batch.action.add.icon" />
		<component name="select"      action="entervalue" xpath="operations.batch.create.action.name" type="autocomplete" value="File download" />
		<component name="timer" value="1" />		
		<component name="select"      action="entervalue" xpath="operations.batch.action.fileTypes.select" type="regular" xpathInput="12,2" value="Remote HPAV-200 Firmware" />
		<component name="select"      action="entervalue" xpath="operations.batch.action.fileTypes.select" type="regular" xpathInput="12,5" value="RemoteHPAVFirmware5825" />
		<!-- #Action save -->
		<component name="button" action="click" xpath="operations.batch.create.action.ok" />
		
		
		<!-- <component name="timer" value="2" />
		<component name="notification" action="validate" xpath="notification.message" compareWith="NOT_PRESENT"/> -->

		<!-- #Batch save -->
		<component name="button" action="click" xpath="operations.batch.create.save"  />

		<!-- #confirm submission -->
		<component name="button" action="click" xpath="popup.message.ok" />
		<component name="timer" value="3" />
		
		<if value1="$$Notification" value2="pass" condition="equals">
			<component name="notification" action="validate" xpath="notification.message" compareWith="Batch has been successfully saved and submitted" valdesc="Batch creation" valkey="Batch creation"/>		
		</if>
		<if value1="$$Notification" value2="fail" condition="equals">
			<component name="notification" action="validate" xpath="notification.message" condition="contains" compareWith="already exists" valdesc="Check Batch already exists" valkey="Batch Already exists"/> 
		</if>
		
		<!-- <component name="timer" value="2" />
		<component name="notification" xpath="notification.message" action="validate" compareWith="NOT_PRESENT" /> -->
	</step>
</steps>