 <steps>
	<step>
		<component name="button" action="click"      xpath="operations.batch.add.icon" />
		
		<component name="textbox"  action="entervalue" xpath="operations.batch.create.name"	 value="$$batchName" />
		<component name="textbox"  action="entervalue" xpath="operations.batch.create.description" value="$$batchDesc" />
		<component name="select" action="entervalue" xpath="operations.batch.create.groupselect" type="custom" value="$$groupName" />
		
		
		<!-- #Trigger -->
		<component name="link"   action="click"      xpath="operations.batch.create.trigger.link" />
		<!-- #Immediate Trigger -->
		<component name="radiobutton" xpath="operations.batch.create.trigger.immediate.check" action="click" />				
		<component name="button"      action="click" xpath="operations.batch.create.trigger.save" />

		<!-- #Action -->
		<component name="select"      action="entervalue" xpath="operations.batch.create.action.name" type="autocomplete" value="File download" />	
		<component name="select"      action="entervalue" xpath="operations.batch.action.fileTypes.select" type="regular" xpathInput="1,2" value="DLC Firmware" />
		<component name="select"      action="entervalue" xpath="operations.batch.action.fileTypes.select" type="regular" xpathInput="1,5" value="DLCFirmware6137" />
		<!-- #Action save -->
		<component name="button" action="click" xpath="operations.batch.create.action.ok" />
		<component name="timer" value="1" />
		
		<component name="button" action="click"      xpath="operations.batch.action.add.icon" />
		<component name="select"      action="entervalue" xpath="operations.batch.create.action.name" type="autocomplete" value="File download" />
		<component name="select"      action="entervalue" xpath="operations.batch.action.fileTypes.select" type="regular" xpathInput="2,2" value="Local HPAV Firmware" />
		<component name="select"      action="entervalue" xpath="operations.batch.action.fileTypes.select" type="regular" xpathInput="2,5" value="LocalHPAVFirmware6137" />
		<!-- #Action save -->
		<component name="button" action="click" xpath="operations.batch.create.action.ok" />
		<component name="timer" value="1" />
		
		<component name="button" action="click"      xpath="operations.batch.action.add.icon" />
		<component name="select"      action="entervalue" xpath="operations.batch.create.action.name" type="autocomplete" value="File download" />			
		<component name="select"      action="entervalue" xpath="operations.batch.action.fileTypes.select" type="regular" xpathInput="3,2" value="Remote HPAV-200 Firmware" />
		<component name="select"      action="entervalue" xpath="operations.batch.action.fileTypes.select" type="regular" xpathInput="3,5" value="RemoteHPAVFirmware6137" />
		<!-- #Action save -->
		<component name="button" action="click" xpath="operations.batch.create.action.ok" />
		<component name="timer" value="1" />
		
		<component name="button" action="click"      xpath="operations.batch.action.add.icon" />
		<component name="select"      action="entervalue" xpath="operations.batch.create.action.name" type="autocomplete" value="File download" />		
		<component name="timer" value="1" />
		<component name="select"      action="entervalue" xpath="operations.batch.action.fileTypes.select" type="regular" xpathInput="4,2" value="OTA AFM Firmware" />
		<component name="select"      action="entervalue" xpath="operations.batch.action.fileTypes.select" type="regular" xpathInput="4,5" value="OTAAFMFirmware6137" />
		<!-- #Action save -->
		<component name="button" action="click" xpath="operations.batch.create.action.ok" />
		<component name="timer" value="1" />
		
		<component name="button" action="click"      xpath="operations.batch.action.add.icon" />
		<component name="select"      action="entervalue" xpath="operations.batch.create.action.name" type="autocomplete" value="File download" />
		<component name="timer" value="1" />		
		<component name="select"      action="entervalue" xpath="operations.batch.action.fileTypes.select" type="regular" xpathInput="5,2" value="OTA Zwave Firmware" />
		<component name="select"      action="entervalue" xpath="operations.batch.action.fileTypes.select" type="regular" xpathInput="5,5" value="OTAZwaveFirmware6137" />
		
		<!-- #Action save -->
		<component name="button" action="click" xpath="operations.batch.create.action.ok" />
		<!-- <component name="timer" value="2" />
		<component name="notification" action="validate" xpath="notification.message" compareWith="NOT_PRESENT"/> -->

		<!-- #Batch save -->
		<component name="button" action="click" xpath="operations.batch.create.save"  />

		<!-- #confirm submission -->
		<component name="button" action="click" xpath="popup.message.ok" />
		<component name="timer" value="3" />
		
		<if value1="$$Notification" value2="pass" condition="equals">
			<component name="notification" action="validate" xpath="notification.message" compareWith="Batch has been successfully saved and submitted" valdesc="Batch creation" valkey="Batch creation"/>		
		</if>
		<if value1="$$Notification" value2="fail" condition="equals">
			<component name="notification" action="validate" xpath="notification.message" condition="contains" compareWith="already exists" valdesc="Check Batch already exists" valkey="Batch Already exists"/> 
		</if>
		
		<!-- <component name="timer" value="2" />
		<component name="notification" xpath="notification.message" action="validate" compareWith="NOT_PRESENT" /> -->
	</step>
</steps>