<steps>
	<step>
		<component name="button" action="click"      xpath="operations.batch.add.icon" />
		
		<component name="textbox"  action="entervalue" xpath="operations.batch.create.name"	       value="$$batchName" />
		<component name="textbox"  action="entervalue" xpath="operations.batch.create.description" value="$$batchDesc" />
		<component name="select" action="entervalue" xpath="operations.batch.create.groupselect" type="custom" value="$$groupName" />

		<!-- #Trigger -->
		<component name="link"   action="click"      xpath="operations.batch.create.trigger.link" />
		
		<!-- #Immediate Trigger -->
		<component name="radiobutton" xpath="operations.batch.create.trigger.immediate.check" action="click" />
		
		<component name="button"      action="click" xpath="operations.batch.create.trigger.save" />

		<!-- #Action -->
		<component name="select"      action="entervalue" xpath="operations.batch.create.action.name" type="autocomplete" value="$$actionName" />
		<if value1="Unprovision Device" value2="$$actionName" condition="equals">
			<component name="select"      action="entervalue" xpath="operations.batch.create.action.unprovisiondevice.delete" type="regular" value="$$deleteDevice" />
		</if>
		
		<if value1="Block / Un-Block Device" value2="$$actionName" condition="equals">
			<component name="select"      action="entervalue" xpath="operations.batch.create.action.blockdevice" type="regular" value="$$blockDevice" />
		</if>

		<if value1="Attach / Remove Tags" value2="$$actionName" condition="equals">
			<component name="select"      action="entervalue" xpath="operations.batch.create.action.attachtags.operation" xpathInput="1" type="regular" value="$$tagOperation_1" />
			<component name="select"      action="entervalue" xpath="operations.batch.create.action.attachtags.tagName" xpathInput="1" type="regular" value="$$tagName_1" />
		</if>
		
		<if value1="Set notification" value2="$$actionName" condition="equals">
			<component name="textbox" action="entervalue" xpath="operations.batch.create.action.spn.parameter" xpathInput="1,1" value="$$parameterName_1" />
			<component name="select"  action="entervalue" xpath="operations.batch.create.action.spn.notification" xpathInput="1,1" type="regular" value="$$notification_1" />
		</if>
		<if value1="Set parameter value" value2="$$actionName" condition="equals">
			<component name="textbox" action="entervalue" xpath="operations.batch.create.action.spv.parameter" xpathInput="1,1" value="$$parameterName_1" />
			<component name="textbox"  action="entervalue" xpath="operations.batch.create.action.spv.value"   xpathInput="1,1" value="$$parameterValue_1" />
		</if>

		<if value1="Get parameter value" value2="$$actionName" condition="equals">
			<component name="textbox" action="entervalue" xpath="operations.batch.create.action.gpv.parameter" xpathInput="1" value="$$parameterName_1" />
		</if>
		
		<if value1="Remove object" value2="$$actionName" condition="equals">
			<component name="textbox" action="entervalue" xpath="operations.batch.create.action.removeobject.name" value="$$parameterName" />
		</if>
		
		<if value1="Send Device Configuration Workflow" value2="$$actionName" condition="equals">
			<component name="select"      action="entervalue" xpath="operations.batch.create.action.blockdevice" type="regular" value="$$applyConfiguration" />
		</if>
		
		<if value1="Send Device Commands" value2="$$actionName" condition="equals">
			<component name="textbox" action="entervalue" xpath="operations.batch.create.action.sendcommands.gpnv.parameter" xpathInput="1" value="$$GPNVParameterName_1" />
			
			<component name="button"      action="click" xpath="operations.batch.create.action.sendcommands.gpnv.new" xpathInput="1" />
			<component name="textbox" action="entervalue" xpath="operations.batch.create.action.sendcommands.gpnv.parameter" xpathInput="2" value="$$GPNVParameterName_2" />
			
			
			<!-- gpv -->
			<component name="textbox" action="entervalue" xpath="operations.batch.create.action.sendcommands.gpv.parameter" xpathInput="1" value="$$GPVParameterName_1" />
			
			<component name="button"      action="click" xpath="operations.batch.create.action.sendcommands.gpv.new" xpathInput="1" />
			<component name="textbox" action="entervalue" xpath="operations.batch.create.action.sendcommands.gpv.parameter" xpathInput="2" value="$$GPVParameterName_2" />
			
			<component name="button"      action="click" xpath="operations.batch.create.action.sendcommands.gpv.new" xpathInput="2" />
			<component name="textbox" action="entervalue" xpath="operations.batch.create.action.sendcommands.gpv.parameter" xpathInput="3" value="$$GPVParameterName_3" />
			
			<!-- spa -->
			<component name="textbox" action="entervalue" xpath="operations.batch.create.action.sendcommands.spn.parameter" xpathInput="1" value="$$SPNParameterName_1" />
			<component name="select"  action="entervalue" xpath="operations.batch.create.action.sendcommands.spn.notification" xpathInput="1" type="regular" value="$$SPNNotification_1" />
			
			<component name="button"      action="click" xpath="operations.batch.create.action.sendcommands.spn.new" xpathInput="1" />
			<component name="textbox" action="entervalue" xpath="operations.batch.create.action.sendcommands.spn.parameter" xpathInput="2" value="$$SPNParameterName_2" />
			<component name="select"  action="entervalue" xpath="operations.batch.create.action.sendcommands.spn.notification" xpathInput="2" type="regular" value="$$SPNNotification_2" />
			
			<component name="button"      action="click" xpath="operations.batch.create.action.sendcommands.spn.new" xpathInput="2" />
			<component name="textbox" action="entervalue" xpath="operations.batch.create.action.sendcommands.spn.parameter" xpathInput="3" value="$$SPNParameterName_3" />
			<component name="select"  action="entervalue" xpath="operations.batch.create.action.sendcommands.spn.notification" xpathInput="3" type="regular" value="$$SPNNotification_3" />
			
			<!-- spv -->
			<component name="textbox" action="entervalue" xpath="operations.batch.create.action.sendcommands.spv.parameter" xpathInput="1" value="$$SPVParameterName_1" />
			<component name="textbox" action="entervalue" xpath="operations.batch.create.action.sendcommands.spv.value" xpathInput="1" value="$$SPVParameterValue_1" />
			
			<component name="button"      action="click" xpath="operations.batch.create.action.sendcommands.spv.new" xpathInput="1" />
			<component name="textbox" action="entervalue" xpath="operations.batch.create.action.sendcommands.spv.parameter" xpathInput="2" value="$$SPVParameterName_2" />
			<component name="textbox" action="entervalue" xpath="operations.batch.create.action.sendcommands.spv.value" xpathInput="2" value="$$SPVParameterValue_2" />
			
			<component name="button"      action="click" xpath="operations.batch.create.action.sendcommands.spv.new" xpathInput="2" />
			<component name="textbox" action="entervalue" xpath="operations.batch.create.action.sendcommands.spv.parameter" xpathInput="3" value="$$SPVParameterName_3" />
			<component name="textbox" action="entervalue" xpath="operations.batch.create.action.sendcommands.spv.value" xpathInput="3" value="$$SPVParameterValue_3" />
		</if>
		
		<if value1="Add object" value2="$$actionName" condition="equals">
			<component name="textbox" action="entervalue" xpath="operations.batch.create.action.addobject.parent.parameter" value="$$ParentParameterName" />
			<component name="textbox" action="entervalue" xpath="operations.batch.create.action.addobject.instance.parameter" xpathInput="1" value="$$InstanceParameterName_1" />
			<component name="textbox" action="entervalue" xpath="operations.batch.create.action.addobject.instance.value" xpathInput="1" value="$$InstanceParameterValue_1" />
			
			<component name="button"      action="click" xpath="operations.batch.create.action.addobject.instance.new" xpathInput="1" />
			<component name="textbox" action="entervalue" xpath="operations.batch.create.action.addobject.instance.parameter" xpathInput="2" value="$$InstanceParameterName_2" />
			<component name="textbox" action="entervalue" xpath="operations.batch.create.action.addobject.instance.value" xpathInput="2" value="$$InstanceParameterValue_2" />
		</if>

		<!-- #Action save -->
		<component name="button" action="click" xpath="operations.batch.create.action.ok" />
		<!-- <component name="timer" value="2" />
		<component name="notification" action="validate" xpath="notification.message" compareWith="NOT_PRESENT"/> -->

		<!-- #Batch save -->
		<component name="button" action="click" xpath="operations.batch.create.save"  />

		<!-- #confirm submission -->
		<component name="button" action="click" xpath="popup.message.ok" />
		<component name="timer" value="2" />
		<component name="currenttime" saveTo="BATCH_SAVE_TIME" />
		
		<!-- <component name="timer" value="2" />
		<component name="notification" xpath="notification.message" action="validate" compareWith="NOT_PRESENT" /> -->
	</step>
</steps>