<steps>
	<step>
		<component name="button" action="click"      xpath="operations.batch.add.icon" />
		
		<component name="textbox"  action="entervalue" xpath="operations.batch.create.name"	 value="$$batchName" />
		<component name="textbox"  action="entervalue" xpath="operations.batch.create.description" value="$$batchDesc" />
		<component name="select" action="entervalue" xpath="operations.batch.create.groupselect" type="custom" value="$$groupName" />
		
		
		<!-- #Trigger -->
		<component name="link"   action="click"      xpath="operations.batch.create.trigger.link" />
		<!-- #Immediate Trigger -->
		<component name="radiobutton" xpath="operations.batch.create.trigger.immediate.check" action="click" />				
		<component name="button"      action="click" xpath="operations.batch.create.trigger.save" />

		<!-- #Action -->

		<if value1="$$FileDownload" value2="yes" condition="equals">
			<component name="select"      action="entervalue" xpath="operations.batch.create.action.name" type="autocomplete" value="File download" />	
			<component name="select"      action="entervalue" xpath="operations.batch.action.fileTypes.select" type="regular" xpathInput="1,2" value="$$fileType" />
			<component name="select"      action="entervalue" xpath="operations.batch.action.fileTypes.select" type="regular" xpathInput="1,5" value="$$fileName" />
		</if>
		
		<if value1="$$DLCFwUpgrade" value2="yes" condition="equals">
			<component name="select"  action="entervalue" xpath="operations.batch.create.action.name" type="autocomplete" value="Firmware Upgarde Config" />	
		</if>
		<!-- #Action save -->
		<component name="button" action="click" xpath="operations.batch.create.action.ok" />
		<component name="timer" value="1" />
		
		<!-- #Batch save -->
		<component name="button" action="click" xpath="operations.batch.create.save"  />

		<!-- #confirm submission -->
		<component name="button" action="click" xpath="popup.message.ok" />
		<component name="timer" value="3" />
		
		<if value1="$$Notification" value2="pass" condition="equals">
			<component name="notification" action="validate" xpath="notification.message" compareWith="Batch has been successfully saved and submitted" valdesc="Batch creation" valkey="Batch creation"/>		
		</if>
		<if value1="$$Notification" value2="fail" condition="equals">
			<component name="notification" action="validate" xpath="notification.message" condition="contains" compareWith="already exists" valdesc="Check Batch already exists" valkey="Batch Already exists"/> 
		</if>
		
	</step>
</steps>