<steps>
	<step>
		<component name="button" action="click"      xpath="operations.batch.add.icon" />
		
		<component name="textbox"  action="entervalue" xpath="operations.batch.create.name"	       value="$$batchName" />
		<component name="textbox"  action="entervalue" xpath="operations.batch.create.description" value="$$batchDesc" />
		<component name="select" action="entervalue" xpath="operations.batch.create.groupselect" type="custom" value="$$groupName" />
		
		<!-- #Trigger -->
		
		<component name="link"   action="click"      xpath="operations.batch.create.trigger.link" />
		
		<!-- #Event Based trigger -->
		
		<component name="radiobutton" action="click" xpath="operations.batch.create.trigger.eventbased.check" />
		<component name="link" 	      action="click" xpath="operations.batch.create.trigger.eventbased.settings" />
		<component name="checkbox"    action="enable" xpath="operations.batch.create.trigger.eventbased.boot" />
		<component name="button"      action="click" xpath="operations.batch.create.trigger.save" />
		
		<!-- #Action -->
		<component name="select"      action="entervalue" xpath="operations.batch.create.action.name" type="autocomplete" value="Get parameter value" />
		
		<!-- #Action 1 -->
		<component name="textbox" action="entervalue" xpath="operations.batch.create.action.gpv.parameter.enter.value" xpathInput="1" value="$$parameterName_1" />
		
		<component name="timer" value="1" />
	
		<!-- #Action save -->
		<component name="button" action="click" xpath="operations.batch.create.action.ok" />
		
		<!-- #Batch save -->
		<component name="button" action="click" xpath="operations.batch.create.save"  />

		<!-- #confirm submission -->
		<component name="button" action="click" xpath="popup.message.ok" />
		
		<component name="timer" value="3" />
		
		<if value1="$$Notification" value2="pass" condition="equals">
			<component name="notification" action="validate" xpath="notification.message" compareWith="Batch has been successfully saved and submitted" valdesc="Batch creation" valkey="Batch creation"/>		
		</if>
		<if value1="$$Notification" value2="fail" condition="equals">
			<component name="notification" action="validate" xpath="notification.message" condition="contains" compareWith="already exists" valdesc="Check Batch already exists" valkey="Batch Already exists"/> 
		</if>
	</step>
</steps>