<steps>
	<step>
		<component name="button" action="click"      xpath="operations.batch.add.icon" />
		
		<component name="textbox"  action="entervalue" xpath="operations.batch.create.name"	       value="$$batchName" />
		<component name="textbox"  action="entervalue" xpath="operations.batch.create.description" value="$$batchDesc" />
		<component name="select" action="entervalue" xpath="operations.batch.create.groupselect" type="custom" value="$$groupName" />

		<!-- #Trigger -->
		<component name="link"   action="click"      xpath="operations.batch.create.trigger.link" />
		
		<!-- #Immediate Trigger -->
		<component name="radiobutton" xpath="operations.batch.create.trigger.immediate.check" action="click" />
		
		<component name="button"      action="click" xpath="operations.batch.create.trigger.save" />

		<!-- #Action -->
		<component name="select"      action="entervalue" xpath="operations.batch.create.action.name" type="autocomplete" value="$$actionName" />
		<if value1="Unprovision Device" value2="$$actionName" condition="equals">
			<component name="select"      action="entervalue" xpath="operations.batch.create.action.unprovisiondevice.delete" type="regular" value="$$deleteDevice" />
		</if>
		
		<if value1="Block / Un-Block Device" value2="$$actionName" condition="equals">
			<component name="select"      action="entervalue" xpath="operations.batch.create.action.blockdevice" type="regular" value="$$blockDevice" />
		</if>

		<if value1="Attach / Remove Tags" value2="$$actionName" condition="equals">
			<component name="select"      action="entervalue" xpath="operations.batch.create.action.attachtags.operation" xpathInput="1" type="regular" value="$$tagOperation_1" />
			<component name="select"      action="entervalue" xpath="operations.batch.create.action.attachtags.tagName" xpathInput="1" type="regular" value="$$tagName_1" />
			
			<component name="button"      action="click" xpath="operations.batch.create.action.attachtags.add.new" xpathInput="1,1"/>
			<component name="select"      action="entervalue" xpath="operations.batch.create.action.attachtags.operation" xpathInput="2" type="regular" value="$$tagOperation_2" />
			<component name="select"      action="entervalue" xpath="operations.batch.create.action.attachtags.tagName" xpathInput="2" type="regular" value="$$tagName_2" />
			
			<component name="button"      action="click" xpath="operations.batch.create.action.attachtags.add.new" xpathInput="2,2" />
			<component name="select"      action="entervalue" xpath="operations.batch.create.action.attachtags.operation" xpathInput="3" type="regular" value="$$tagOperation_3" />
			<component name="select"      action="entervalue" xpath="operations.batch.create.action.attachtags.tagName" xpathInput="3" type="regular" value="$$tagName_3" />
		</if>
		
		<if value1="Set parameter value" value2="$$actionName" condition="equals">
			<component name="textbox" action="entervalue" xpath="operations.batch.create.action.spv.parameter" xpathInput="1,1" value="$$parameterName_1" />
			<component name="textbox"  action="entervalue" xpath="operations.batch.create.action.spv.value"   xpathInput="1,1" value="$$parameterValue_1" />
		</if>

		<!-- #Action save -->
		<component name="button" action="click" xpath="operations.batch.create.action.ok" />
		<!-- <component name="timer" value="2" />
		<component name="notification" action="validate" xpath="notification.message" compareWith="NOT_PRESENT"/> -->

		<!-- #Batch save -->
		<component name="button" action="click" xpath="operations.batch.create.save"  />

		<!-- #confirm submission -->
		<component name="button" action="click" xpath="popup.message.ok" />
		<component name="timer" value="3" />
		
		<if value1="$$Notification" value2="pass" condition="equals">
			<component name="notification" action="validate" xpath="notification.message" compareWith="Batch has been successfully saved and submitted" valdesc="Batch creation" valkey="Batch creation"/>		
		</if>
		<if value1="$$Notification" value2="fail" condition="equals">
			<component name="notification" action="validate" xpath="notification.message" condition="contains" compareWith="already exists" valdesc="Check Batch already exists" valkey="Batch Already exists"/> 
		</if>
		<!-- <component name="timer" value="2" />
		<component name="notification" xpath="notification.message" action="validate" compareWith="NOT_PRESENT" /> -->
	</step>
</steps>