<steps>
	<step>
		<component name="button" action="click"      xpath="operations.batch.add.icon" />
		
		<component name="textbox"  action="entervalue" xpath="operations.batch.create.name"	       value="$$batchName" />
		<component name="textbox"  action="entervalue" xpath="operations.batch.create.description" value="$$batchDesc" />
		<component name="select" action="entervalue" xpath="operations.batch.create.groupselect" type="custom" value="$$groupName" />

		<!-- #Trigger -->
		<component name="link"   action="click"      xpath="operations.batch.create.trigger.link" />
		
		<!-- #Immediate Trigger -->
		<!-- <component name="radiobutton" xpath="operations.batch.create.trigger.immediate.check" action="click" /> -->
		
		<!-- #Time Based trigger -->
		<!-- <component name="radiobutton" xpath="operations.batch.create.trigger.timebased.check" action="click" />
		<component name="datetime" xpath="operations.batch.create.trigger.timebased.date" action="entervalue" value="" /> -->
		
		<!-- reoccurence -->
		<!-- <component name="checkbox" xpath="operations.batch.create.trigger.timebased.reoccuring.check" action="enable" />
		<component name="select" xpath="operations.batch.create.trigger.timebased.reoccuring.type" type="regular" action="entervalue" value="daily"/> -->
		
		<!-- #Event Based trigger -->
		<component name="radiobutton" action="click" xpath="operations.batch.create.trigger.eventbased.check" />
		<component name="link" 	      action="click" xpath="operations.batch.create.trigger.eventbased.settings" />
		
		
		<component name="checkbox"    action="disable" xpath="operations.batch.create.trigger.settings.runOnce.checkbox" />
		<component name="textbox"    action="entervalue" xpath="operations.batch.create.trigger.settings.retryLimit" value="2"/>
		
		<component name="checkbox"    action="enable" xpath="operations.batch.create.trigger.eventbased.boot" />
		
		<component name="button"      action="click" xpath="operations.batch.create.trigger.save" />

		<!-- #Action -->
		<component name="select"      action="entervalue" xpath="operations.batch.create.action.name" type="autocomplete" value="Set parameter value" />

		<!-- #Action 1 -->
		<component name="textbox" action="entervalue" xpath="operations.batch.create.action.spv.parameter" xpathInput="1,1" value="$$parameterName_1" />
		<component name="textbox"  action="entervalue" xpath="operations.batch.create.action.spv.value"   xpathInput="1,1" value="$$parameterValue_1" />

		<!-- #Action 2 -->
		<component name="button" action="click"      xpath="operations.batch.create.action.spv.new.2" />
		<component name="textbox" action="entervalue" xpath="operations.batch.create.action.spv.parameter" xpathInput="2,2" value="$$parameterName_2" />
		<component name="textbox"  action="entervalue" xpath="operations.batch.create.action.spv.value"   xpathInput="2,2" value="$$parameterValue_2" />
		
		<!-- #Action save -->
		<component name="button" action="click" xpath="operations.batch.create.action.ok" />
		<!-- <component name="timer" value="2" />
		<component name="notification" action="validate" xpath="notification.message" compareWith="NOT_PRESENT"/> -->

		<!-- #Batch save -->
		<component name="button" action="click" xpath="operations.batch.create.save"  />

		<!-- #confirm submission -->
		<component name="button" action="click" xpath="popup.message.ok" />
		<component name="timer" value="3" />
		
		<if value1="$$Notification" value2="pass" condition="equals">
			<component name="notification" action="validate" xpath="notification.message" compareWith="Batch has been successfully saved and submitted" valdesc="Batch creation" valkey="Batch creation"/>		
		</if>
		<if value1="$$Notification" value2="fail" condition="equals">
			<component name="notification" action="validate" xpath="notification.message" condition="contains" compareWith="already exists" valdesc="Check Batch already exists" valkey="Batch Already exists"/> 
		</if>
		
		<!-- <component name="timer" value="2" />
		<component name="notification" xpath="notification.message" action="validate" compareWith="NOT_PRESENT" /> -->
	</step>
</steps>