<steps>
	<step>
		<component name="link" action="click" xpath="operations.batch.filter.dropdown.select" />
		<component name="link" action="click" xpath="operations.batch.filter.dropdown.select.name" />
		<component name="textbox"  action="entervalue" xpath="operations.batch.filter.input.enter" value="$$batchName"/>
		<component name="timer" value="2" />
		<component name="button"  action="click" xpath="operations.batch.filter.find"/>
		<component name="timer" value="2" />
		
		<!-- Delete Batch -->
		
		<component name=""       action="readValue" xpath="operations.batch.table.statustext" xpathInput="$$batchName" saveTo="statusText" />
		<if value1="Completed,Canceled" value2="$$statusText" condition="not-contains">
			<component name="timer" value="5" />
			<component name="icon"   action="click"     xpath="operations.batch.table.action.cancel" xpathInput="$$batchName" />
			<component name="timer" value="2" />
			<component name="button" action="click"     xpath="popup.message.ok" />
		</if>
		<component name="timer" value="5" />
		<component name="icon"   action="click"     xpath="operations.batch.table.action.delete" xpathInput="$$batchName" />
		<component name="timer" value="2" />
		<component name="button" action="click"     xpath="popup.message.ok" />	 
		<component name="timer" value="2" />
		<component name="link"   action="click"  xpath="sidemenu.operations.batchprocessing" />
		
	</step>
</steps>