<steps>
	<step>
		<component name="link" action="click" xpath="operations.batch.filter.dropdown.select" />
		<component name="link" action="click" xpath="operations.batch.filter.dropdown.select.name" />
		<component name="textbox"  action="entervalue" xpath="operations.batch.filter.input.enter" value="$$batchName"/>
		<component name="timer" value="2" />
		<component name="button"  action="click" xpath="operations.batch.filter.find"/>
		<component name="timer" value="2" />
	</step>
</steps>