<steps>
	<step>
		<component name="timer" value="3" />
		
		<component name=""   action="extract"  type="table"    xpath="operations.filemanagement.table" saveTo="deletefilemanagement" />		
		<component name=""   action="rowaction" value="JMETEROBJ::deletefilemanagement" compareWith="$$fileName"  columnindex="1,4" dataindex="2" tableaction="click" elementtype="text"/>	
			
		<!-- <component name="link"   action="click"      xpath="operations.filemanagement.delete" />	 -->
		<component name="timer" value="2" />
		<component name="button" action="click" xpath="popup.message.ok" />
		<component name="timer" value="2" />
		<if value1="$$Notification" value2="pass" condition="equals">
			<component name="notification" action="validate" xpath="notification.message" compareWith="File has been successfully deleted" valdesc="File Management deletion" valkey="File Management deletion"/>		
		</if>
		<if value1="$$Notification" value2="fail" condition="equals">
			<component name="notification" action="validate" xpath="notification.message" condition="contains" compareWith="already removed" valdesc="Check File Management already removed" valkey="File Management Already Removed"/> 
		</if>		
	</step>
</steps>