<steps>
	<step type="START-DS" name="Start DS" description="Performs - START-DS " severity="Blocker">
		<parameter name="DEVICE_ID" value="dev-test-1" />
		<parameter name="ACS_IP" value="props::ACS_IP" />
		<parameter name="DEVICE_DATA_MODEL_NAME" value="props::DEVICE_DATA_MODEL_NAME" />
	</step>
	<step type="JAVA" name="Login" description="PrimeHome Login" severity="Blocker">
		<component name="textbox"  action="entervalue" xpath="login.username" value="props::PH_LOGIN_USERNAME"/>
		<component name="textbox"  action="entervalue" xpath="login.password" value="props::PH_LOGIN_PASSWORD" />
		<component name="button" action="click" 	 xpath="login.submit"  />
	</step>	
	<step type="JAVA" name="Click Dashboard Tab" description="Click Dashboard Tab" severity="Blocker">
		<component name="link"   action="click"      xpath="tab.dashboard" />
	</step>
	<step type="JAVA" name="Click Search Devices SideMenu" description="Click Search Devices SideMenu" severity="Blocker">
		<component name="link"   action="click"      xpath="sidemenu.dashboard.searchdevices" />
	</step>
	<step type="JAVA" name="Navigate to device" description="Navigate to device" severity="Blocker">
		<parameter name="SerialNumber" value="'Serial Number'='dev-test-1'" />	
		<component name="textbox"  action="entervalue" xpath="operations.devicemanagement.query" value="$$SerialNumber"/>
		<component name="button"  action="click" xpath="operations.devicemanagement.query.find" />
		<component name="timer" value="2" />
		<component name="button"  action="click" xpath="dashboard.searchdevices.quicksearch.device" xpathInput="$$DEVICE_ID"/>
		<component name="timer" value="10" />
	</step>
	<step type="JAVA" name="Check Device Status" description="Device View Portlet" severity="Blocker">
		<component name=""  action="save" xpath="deviceview.device.status" saveTo="deviceOnline" attrName="class" compareWith="dvCircle circle-green" valdesc="Device View Portlet : Device Online" valkey="Device Status"/>		
		<component name="timer" value="3" />
	</step>	
	<step type="JAVA" name="Click LAN Hosts SideMenu" description="Click LAN Hosts SideMenu" severity="Blocker">
		<component name="link"   action="click"      xpath="sidemenu.deviceview.lanhosts" />
		<component name="timer" value="3" />
	</step>
	<step type="JAVA" name="Check LAN Hosts headers" description="LAN Hosts" severity="Blocker">
		<component name="timer" value="3" />
		<component name=""   action="extract"  type="table"    xpath="deviceview.lanhosts.table" saveTo="lanHostsDetails" />
		<component name=""   action="headervalidate" value="JMETEROBJ::lanHostsDetails" compareWith="Status,Host,Connection Type,IP Address,MAC Address,Vendor,Ping" valdesc="Verify LAN Hosts Headers" valkey="LAN Hosts Header"/>		
	</step>
	
	<step type="JAVA" name="Collect LAN Hosts Table Row-1 " description="Collects LAN Hosts Table Row-1" severity="Blocker">
		<component name="timer" value="3" />
		
		<component name=""   action="extract" type="string"  xpath="deviceview.lanhosts.host.status" xpathInput="2,1" attrName="tlp" saveTo="hoststatus" />
		<if value1="$$hoststatus" value2="Active" condition="equals">				
				<parameter name="updatedhoststatus" value="1" />
		</if>
		<if value1="$$hoststatus" value2="InActive" condition="equals">				
				<parameter name="updatedhoststatus" value="0" />
		</if>
		<component name=""   action="extract" type="string"  xpath="deviceview.lanhosts.host.hostname" xpathInput="2,2" saveTo="hostname1" />
		<component name=""   action="extract" type="string"  xpath="deviceview.lanhosts.host.connectiontype" xpathInput="2,3" saveTo="hostconnectiontype1" />
		<component name=""   action="extract" type="string"  xpath="deviceview.lanhosts.host.ipaddress" xpathInput="2,4" saveTo="hostipaddress1" />
		<component name=""   action="extract" type="string"  xpath="deviceview.lanhosts.host.macaddress" xpathInput="2,5" saveTo="hostmacaddress1" />
		<component name=""   action="extract" type="string"  xpath="deviceview.lanhosts.host.vendor" xpathInput="2,6" saveTo="hostvendor1" />		
	</step>
	
	<step type="DS" name="Extract parameters values from DS" description="Collects parameters values from DS" severity="Blocker">
		<component operation="gpv" name="InternetGatewayDevice.LANDevice.1.Hosts.Host.1.Active" saveTo="DSValue_IPStatus"/>
		<component operation="gpv" name="InternetGatewayDevice.LANDevice.1.Hosts.Host.1.HostName" saveTo="DSValue_HostName"/>
		<component operation="gpv" name="InternetGatewayDevice.LANDevice.1.Hosts.Host.1.InterfaceType" saveTo="DSValue_InterfaceType"/>
		<component operation="gpv" name="InternetGatewayDevice.LANDevice.1.Hosts.Host.1.IPAddress" saveTo="DSValue_IPAddress" />
		<component operation="gpv" name="InternetGatewayDevice.LANDevice.1.Hosts.Host.1.MACAddress" saveTo="DSValue_MACAddress"/>
		<component operation="gpv" name="InternetGatewayDevice.LANDevice.1.Hosts.Host.1.Vendor" saveTo="DSValue_Vendor"/>													
	</step>
	
	<step type="JAVA" name="Compares values" description="Compares values" severity="Blocker">	
		<if value1="$$DSValue_Vendor" value2="" condition="equals">				
				<parameter name="updatedvendor" value="N/A" />
		</if>
		<if value1="$$DSValue_Vendor" value2="" condition="not-equals">				
				<parameter name="updatedvendor" value="$$DSValue_Vendor" />
		</if>
		<component name=""   action="validatevalues"  compareWith="$$DSValue_IPStatus" value="$$updatedhoststatus" valdesc="Compares IP Status " valkey="Host Status" />
		<component name=""   action="validatevalues" compareWith="$$DSValue_HostName" value="$$hostname1" valdesc="Compares Host Name"  valkey="Host Name"/>		
		<component name=""   action="validatevalues" compareWith="$$DSValue_InterfaceType" value="$$hostconnectiontype1" valdesc="Compares Interface Type " valkey="Interface Type" />	
		<component name=""   action="validatevalues" compareWith="$$DSValue_IPAddress" value="$$hostipaddress1" valdesc="Compares IP Address " valkey="IP Address" />	
		<component name=""   action="validatevalues" compareWith="$$DSValue_MACAddress" value="$$hostmacaddress1" valdesc="Compares MAC Address " valkey="MAC Address" />	
		<component name=""   action="validatevalues" compareWith="$$updatedvendor" value="$$hostvendor1" valdesc="Compares vendor " valkey="Vendor" />	
	</step>
	<step type="JAVA" name="Collect LAN Hosts Table Row-2 " description="Collects LAN Hosts Table Row-2" severity="Blocker">
		<component name="timer" value="3" />
		
		<component name=""   action="extract" type="string"  xpath="deviceview.lanhosts.host.status" xpathInput="3,1" attrName="tlp" saveTo="hoststatus" />
		<if value1="$$hoststatus" value2="Active" condition="equals">				
				<parameter name="updatedhoststatus" value="1" />
		</if>
		<if value1="$$hoststatus" value2="InActive" condition="equals">				
				<parameter name="updatedhoststatus" value="0" />
		</if>
		<component name=""   action="extract" type="string"  xpath="deviceview.lanhosts.host.hostname" xpathInput="3,2" saveTo="hostname1" />
		<component name=""   action="extract" type="string"  xpath="deviceview.lanhosts.host.connectiontype" xpathInput="3,3" saveTo="hostconnectiontype1" />
		<component name=""   action="extract" type="string"  xpath="deviceview.lanhosts.host.ipaddress" xpathInput="3,4" saveTo="hostipaddress1" />
		<component name=""   action="extract" type="string"  xpath="deviceview.lanhosts.host.macaddress" xpathInput="3,5" saveTo="hostmacaddress1" />
		<component name=""   action="extract" type="string"  xpath="deviceview.lanhosts.host.vendor" xpathInput="3,6" saveTo="hostvendor1" />		
	</step>
	
	<step type="DS" name="Extract parameters values from DS" description="Collects parameters values from DS" severity="Blocker">
		<component operation="gpv" name="InternetGatewayDevice.LANDevice.1.Hosts.Host.2.Active" saveTo="DSValue_IPStatus"/>
		<component operation="gpv" name="InternetGatewayDevice.LANDevice.1.Hosts.Host.2.HostName" saveTo="DSValue_HostName"/>
		<component operation="gpv" name="InternetGatewayDevice.LANDevice.1.Hosts.Host.2.InterfaceType" saveTo="DSValue_InterfaceType"/>
		<component operation="gpv" name="InternetGatewayDevice.LANDevice.1.Hosts.Host.2.IPAddress" saveTo="DSValue_IPAddress" />
		<component operation="gpv" name="InternetGatewayDevice.LANDevice.1.Hosts.Host.2.MACAddress" saveTo="DSValue_MACAddress"/>
		<component operation="gpv" name="InternetGatewayDevice.LANDevice.1.Hosts.Host.2.Vendor" saveTo="DSValue_Vendor"/>													
	</step>
	
	<step type="JAVA" name="Compares values" description="Compares values" severity="Blocker">	
		<if value1="$$DSValue_Vendor" value2="" condition="equals">				
				<parameter name="updatedvendor" value="N/A" />
		</if>
		<if value1="$$DSValue_Vendor" value2="" condition="not-equals">				
				<parameter name="updatedvendor" value="$$DSValue_Vendor" />
		</if>
		<component name=""   action="validatevalues"  compareWith="$$DSValue_IPStatus" value="$$updatedhoststatus" valdesc="Compares IP Status " valkey="Host Status" />
		<component name=""   action="validatevalues" compareWith="$$DSValue_HostName" value="$$hostname1" valdesc="Compares Host Name"  valkey="Host Name"/>		
		<component name=""   action="validatevalues" compareWith="$$DSValue_InterfaceType" value="$$hostconnectiontype1" valdesc="Compares Interface Type " valkey="Interface Type" />	
		<component name=""   action="validatevalues" compareWith="$$DSValue_IPAddress" value="$$hostipaddress1" valdesc="Compares IP Address " valkey="IP Address" />	
		<component name=""   action="validatevalues" compareWith="$$DSValue_MACAddress" value="$$hostmacaddress1" valdesc="Compares MAC Address " valkey="MAC Address" />	
		<component name=""   action="validatevalues" compareWith="$$updatedvendor" value="$$hostvendor1" valdesc="Compares vendor " valkey="Vendor" />	
	</step>
	<step type="JAVA" name="Collect LAN Hosts Table Row-3" description="Collects LAN Hosts Table Row-3" severity="Blocker">
		<component name="timer" value="3" />
		
		<component name=""   action="extract" type="string"  xpath="deviceview.lanhosts.host.status" xpathInput="4,1" attrName="tlp" saveTo="hoststatus" />
		<if value1="$$hoststatus" value2="Active" condition="equals">				
				<parameter name="updatedhoststatus" value="1" />
		</if>
		<if value1="$$hoststatus" value2="InActive" condition="equals">				
				<parameter name="updatedhoststatus" value="0" />
		</if>
		<component name=""   action="extract" type="string"  xpath="deviceview.lanhosts.host.hostname" xpathInput="4,2" saveTo="hostname1" />
		<component name=""   action="extract" type="string"  xpath="deviceview.lanhosts.host.connectiontype" xpathInput="4,3" saveTo="hostconnectiontype1" />
		<component name=""   action="extract" type="string"  xpath="deviceview.lanhosts.host.ipaddress" xpathInput="4,4" saveTo="hostipaddress1" />
		<component name=""   action="extract" type="string"  xpath="deviceview.lanhosts.host.macaddress" xpathInput="4,5" saveTo="hostmacaddress1" />
		<component name=""   action="extract" type="string"  xpath="deviceview.lanhosts.host.vendor" xpathInput="4,6" saveTo="hostvendor1" />		
	</step>
	
	<step type="DS" name="Extract parameters values from DS" description="Collects parameters values from DS" severity="Blocker">
		<component operation="gpv" name="InternetGatewayDevice.LANDevice.1.Hosts.Host.3.Active" saveTo="DSValue_IPStatus"/>
		<component operation="gpv" name="InternetGatewayDevice.LANDevice.1.Hosts.Host.3.HostName" saveTo="DSValue_HostName"/>
		<component operation="gpv" name="InternetGatewayDevice.LANDevice.1.Hosts.Host.3.InterfaceType" saveTo="DSValue_InterfaceType"/>
		<component operation="gpv" name="InternetGatewayDevice.LANDevice.1.Hosts.Host.3.IPAddress" saveTo="DSValue_IPAddress" />
		<component operation="gpv" name="InternetGatewayDevice.LANDevice.1.Hosts.Host.3.MACAddress" saveTo="DSValue_MACAddress"/>
		<component operation="gpv" name="InternetGatewayDevice.LANDevice.1.Hosts.Host.3.Vendor" saveTo="DSValue_Vendor"/>													
	</step>
	
	<step type="JAVA" name="Compares values" description="Compares values" severity="Blocker">	
		<if value1="$$DSValue_Vendor" value2="" condition="equals">				
				<parameter name="updatedvendor" value="N/A" />
		</if>
		<if value1="$$DSValue_Vendor" value2="" condition="not-equals">				
				<parameter name="updatedvendor" value="$$DSValue_Vendor" />
		</if>
		<component name=""   action="validatevalues"  compareWith="$$DSValue_IPStatus" value="$$updatedhoststatus" valdesc="Compares IP Status " valkey="Host Status" />
		<component name=""   action="validatevalues" compareWith="$$DSValue_HostName" value="$$hostname1" valdesc="Compares Host Name"  valkey="Host Name"/>		
		<component name=""   action="validatevalues" compareWith="$$DSValue_InterfaceType" value="$$hostconnectiontype1" valdesc="Compares Interface Type " valkey="Interface Type" />	
		<component name=""   action="validatevalues" compareWith="$$DSValue_IPAddress" value="$$hostipaddress1" valdesc="Compares IP Address " valkey="IP Address" />	
		<component name=""   action="validatevalues" compareWith="$$DSValue_MACAddress" value="$$hostmacaddress1" valdesc="Compares MAC Address " valkey="MAC Address" />	
		<component name=""   action="validatevalues" compareWith="$$updatedvendor" value="$$hostvendor1" valdesc="Compares vendor " valkey="Vendor" />	
	</step>
	
	<step type="DS" name="Change Parameter Value in DS" description="Changes Parameter Value in DS" severity="Blocker" >
		 <component operation="spv" name="InternetGatewayDevice.LANDevice.1.Hosts.Host.3.IPAddress"  value="10.10.10.10"/> 
		 <component name="timer" value="3" />			
	</step>
	
	<step type="JAVA" name="Click Refresh Portlet " description="Clicks Refresh Portlet" severity="Blocker">
		<component name="button" action="click" 	 xpath="deviceview.devicepage.refreshicon"  />
		<component name="timer" value="3" />		
	</step>
	
	<step type="JAVA" name="Compare Updated Value with UI" description="Compares Updated Value" severity="Blocker">
		<component name=""   action="extract" type="string"  xpath="deviceview.lanhosts.host.ipaddress" xpathInput="4,4" saveTo="hostipaddress1" />
		<component name=""   action="validatevalues" compareWith="10.10.10.10" value="$$hostipaddress1" valdesc="Compares Updated IP Address " valkey="Updated IP Address" />	
	</step>
	
</steps>