<steps>
	<step type="START-DS" name="Start DS" description="Performs - START-DS " severity="Blocker">
		<parameter name="DEVICE_ID" value="dev-test-nd" />
		<parameter name="ACS_IP" value="props::ACS_IP" />
		<parameter name="DEVICE_DATA_MODEL_NAME" value="props::DEVICE_DATA_MODEL_NAME" />
	</step>
	
	<step type="JAVA" name="Login" description="PrimeHome Login" severity="Blocker">
		<component name="textbox"  action="entervalue" xpath="login.username" value="props::PH_LOGIN_USERNAME"/>
		<component name="textbox"  action="entervalue" xpath="login.password" value="props::PH_LOGIN_PASSWORD" />
		<component name="button" action="click" 	 xpath="login.submit"  />
	</step>
	<step type="JAVA" name="Click Dashboard Tab" description="Click Dashboard Tab" severity="Blocker">
		<component name="link"   action="click"      xpath="tab.dashboard" />
	</step>
	<step type="JAVA" name="Click Search Devices SideMenu" description="Click Search Devices SideMenu" severity="Blocker">
		<component name="link"   action="click"      xpath="sidemenu.dashboard.searchdevices" />
	</step>
	<step type="JAVA" name="Navigate to device" description="Navigate to device" severity="Blocker">
		<parameter name="SerialNo" value="'Serial Number'='dev-test-nd'" />	
		<component name="textbox"  action="entervalue" xpath="operations.devicemanagement.query" value="$$SerialNo"/>
		<component name="button"  action="click" xpath="operations.devicemanagement.query.find" />
		<component name="timer" value="2" />
		<component name="button"  action="click" xpath="dashboard.searchdevices.quicksearch.device" xpathInput="$$DEVICE_ID"/>
		<component name="timer" value="15" />
	</step>
	<step type="JAVA" name="Device View Portlet : Device Online" description="Device View Portlet" severity="Blocker">
		<component name=""  action="save" xpath="deviceview.device.status" saveTo="deviceOnline" attrName="class" compareWith="dvCircle circle-green" valdesc="Device View Portlet : Device Online" valkey="Device Status"/>		
		<component name="timer" value="3" />
	</step>	
	<step type="JAVA" name="Click Statistics Tab" description="Click Statistics Tab" severity="Blocker">
		<component name="link"   action="click"      xpath="tab.statistics" />
	</step>
	
	<step type="JAVA" name="Click New Devices SideMenu" description="Click New Devices SideMenu" severity="Blocker">
		<component name="link"   action="click"      xpath="sidemenu.statistics.newdevices" />
	</step>	
	
	<step type="JAVA" name="Check Graph - Per Hour" description="Checks Device Distribution Portlet Graph" severity="Blocker">	
		<component name="graph" action="getgraphdata"  type="barmousehoverclick"  xpath="statistics.newdevices.graph.bar" xpathInput="1,1,highcharts-0"  mouseHoverIndexXpath="statistics.newdevices.graph.bar.mouse_hover.index"  mouseHoverContentXpath="statistics.newdevices.graph.bar.mouse_hover.device_count"  onclickContentXpath="operations.devicemanagement.devicecount" splitBy=":" condition="equals" waitRepeatOnFail="true" failWaitTime="10000" checkZeroValue="false" failRepeatCount="18" valdesc="Verify Graph Content" valkey="Device Count" />			
	</step> 
	
	<step type="JAVA" name="Check Graph - Per Day" description="Checks Device Distribution Portlet Graph" severity="Blocker">	
		<component name="graph" action="getgraphdata"  type="barmousehoverclick"  xpath="statistics.newdevices.graph.bar" xpathInput="1,2,highcharts-3"  mouseHoverIndexXpath="statistics.newdevices.graph.bar.mouse_hover.index"  mouseHoverContentXpath="statistics.newdevices.graph.bar.mouse_hover.device_count"  onclickContentXpath="operations.devicemanagement.devicecount" splitBy=":" condition="equals" waitRepeatOnFail="false" failWaitTime="10000" checkZeroValue="false"  failRepeatCount="18" valdesc="Verify Graph Content" valkey="Device Count" />			
	</step>
	
	<step type="JAVA" name="Check Graph - Per Hour" description="Checks Device Distribution Portlet Graph" severity="Blocker">	
		<component name="graph" action="getgraphdata"  type="barmousehoverclick"  xpath="statistics.newdevices.graph.bar" xpathInput="2,1,highcharts-6"  mouseHoverIndexXpath="statistics.newdevices.graph.bar.mouse_hover.index"  mouseHoverContentXpath="statistics.newdevices.graph.bar.mouse_hover.device_count"  onclickContentXpath="operations.devicemanagement.devicecount" splitBy=":" condition="equals" waitRepeatOnFail="false" failWaitTime="10000" checkZeroValue="false"  failRepeatCount="18" valdesc="Verify Graph Content" valkey="Device Count" />			
	</step>
	
	<step type="JAVA" name="Check Graph - Per Hour" description="Checks Device Distribution Portlet Graph" severity="Blocker">	
		<component name="graph" action="getgraphdata"  type="barmousehoverclick"  xpath="statistics.newdevices.graph.bar" xpathInput="2,2,highcharts-9"  mouseHoverIndexXpath="statistics.newdevices.graph.bar.mouse_hover.index"  mouseHoverContentXpath="statistics.newdevices.graph.bar.mouse_hover.device_count"  onclickContentXpath="operations.devicemanagement.devicecount" splitBy=":" condition="equals" waitRepeatOnFail="false" failWaitTime="10000" checkZeroValue="false" failRepeatCount="18" valdesc="Verify Graph Content" valkey="Device Count" />			
	</step>
	
</steps>