<steps name="Validate-LoginPage" description="Validate LoginPage" severity="Blocker">
	
	<!-- Login  -->
	
	<step type="JAVA" name="Check login page" description="Performs - Login Page validation" severity="Blocker">
	

		<component name=""  action="element-availability" xpath="login_page.username.lable.check.xpath" saveTo="usernameLableAvailability" compareWith="Element present" valdesc="Check User-name label availability" valkey="Presence"/>	

		<component name=""  action="element-availability" xpath="login.username" saveTo="usernameInputAvailability" compareWith="Element present" valdesc="Check User-name input-box availability" valkey="Presence"/>
		
		<component name=""  action="element-availability" xpath="login_page.password.lable.check.xpath" saveTo="passwordLableAvailability" compareWith="Element present" valdesc="Check Password label availability" valkey="Presence"/>	
		
		<component name=""  action="element-availability" xpath="login.password" saveTo="passwordInputAvailability" compareWith="Element present" valdesc="Check Password input-box availability" valkey="Presence"/>
		
		<component name=""  action="element-availability" xpath="login.submit" saveTo="submitButtonAvailability" compareWith="Element present" valdesc="Check Submit button availability" valkey="Presence"/>
		
		<!-- <component name=""  action="element-availability" xpath="login_page.version.check.xpath" saveTo="versionAvailability" compareWith="Element present" valdesc="Check Product-version content availability" valkey="Presence"/> -->
		
		<component name=""  action="save" xpath="login_page.version.check.xpath" saveTo="versionAvailability" type="string" compareWith="Version:  6.4.1.0" valdesc="Check Product-family content availability" valkey="Presence"/>
		
		<!-- <component name=""  action="element-availability" xpath="login_page.product_name.check.xpath" saveTo="productNameAvailability" compareWith="Element present" valdesc="Check Product-name content availability" valkey="Presence"/> -->
		
		<component name=""  action="save" xpath="login_page.product_name.check.xpath" saveTo="productNameAvailability" type="string" compareWith="Home" valdesc="Check Product-name content availability" valkey="Presence"/>
		
		<!-- <component name=""  action="element-availability" xpath="login_page.product_family.check.xpath" saveTo="productFamilyAvailability" compareWith="Element present" valdesc="Check Product-family content availability" valkey="Presence"/> -->
		
		<component name=""  action="save" xpath="login_page.product_family.check.xpath" saveTo="productFamilyAvailability" type="string"  compareWith="Cisco Prime" valdesc="Check Product-family content availability" valkey="Presence"/>
		
		<!-- <component name=""  action="element-availability" xpath="login_page.header_logo.check.xpath" saveTo="headerLogoAvailability" compareWith="Element present" valdesc="Check Header-Logo availability" valkey="Presence"/> -->
		
		<component name=""  action="save" xpath="login_page.header_logo.check.xpath" saveTo="headerLogoAvailability" attrName="class" type="string"  compareWith="loginProductLogo" valdesc="Check Header-Logo availability" valkey="Presence"/>
		
		<!-- <component name=""  action="element-availability" xpath="login_page.footer_logo.check.xpath" saveTo="footerLogoAvailability" compareWith="Element present" valdesc="Check Footer-Logo availability" valkey="Presence"/> -->
		
		<component name=""  action="save" xpath="login_page.footer_logo.check.xpath" saveTo="footerLogoAvailability" attrName="class" type="string"  compareWith="loginCiscoLogo" valdesc="Check Footer-Logo availability" valkey="Presence"/>
		
		<!-- <component name=""  action="element-availability" xpath="login_page.copy_right.check.xpath" saveTo="loginPageCopyRightAvailability" compareWith="Element present" valdesc="Check Copy-right content availability" valkey="Presence"/>		 -->
		
		<component name=""  action="save" xpath="login_page.copy_right.check.xpath" saveTo="loginPageCopyRightAvailability" type="string" compareWith="© 2008-2015 Cisco Systems, Inc. Cisco, Cisco Systems and Cisco Systems logo are registered trademarks of Cisco Systems, Inc. and/or its affiliates in the U.S. and certain other countries" valdesc="Check Copy-right content availability" valkey="Presence"/>
		
		<!-- <component name=""  action="element-availability" xpath="" xpathInput="" saveTo="dynamicgroupAvailability" compareWith="Element present" valdesc="Check Element availability" valkey="Presence"/> -->
		
	</step>
	

	 <!-- Login  -->
	
	<step type="JAVA" name="Validates Valid User Login" description="Performs - Login with Valid User" severity="Blocker">
		<component name="textbox"  action="entervalue" xpath="login.username" value="test@cisco.com"/>
		<component name="textbox"  action="entervalue" xpath="login.password" value="test" />
		<component name="button" action="click" 	 xpath="login.submit"  />		
		<component name="timer" value="2" />
		<component name=""  action="element-availability" xpath="login_page.check.xpath" saveTo="redirectedToLoginPage" compareWith="Element Not present" valdesc="Check successful Login Operation" valkey="Home Page Contents changed "/> 
		
	</step>
	
	<!-- Logout -->
	
	<step type="JAVA" name="Logout" description="Performs - Logout" severity="Blocker">
		<component name="button"  action="click"  xpath="dockbar.user.dropdown" />
		<component name="button"  action="click"  xpath="dockbar.user.dropdown.select.logout" />
	</step>
	
	 <!-- Login  -->
	
	<step type="JAVA" name="Validates InValid User Login" description="Performs - Login with InValid User" severity="Blocker">
		<component name="textbox"  action="entervalue" xpath="login.username" value="InValidUser@cisco.com"/>
		<component name="textbox"  action="entervalue" xpath="login.password" value="InValid" />
		<component name="button" action="click" 	 xpath="login.submit"  />
		<component name="timer" value="2" />
		<component name=""  action="save" xpath="portlet_error_msg_641.xpath" saveTo="invalidErrorMsg" type="string"  condition="contains" compareWith="failed" valdesc="Check Invalid user login message" valkey="Invalid user login contents"/>
		
	</step>
	
	
	
	
</steps>
