<steps>
	<step type="START-DS" name="Start DS" description="Performs - START-DS " severity="Blocker">
		<parameter name="DEVICE_ID" value="dev-test-1" />
		<parameter name="ACS_IP" value="props::ACS_IP" />
		<parameter name="DEVICE_DATA_MODEL_NAME" value="props::DEVICE_DATA_MODEL_NAME" />
	</step>
	<step type="JAVA" name="Login" description="PrimeHome Login" severity="Blocker">
		<component name="textbox"  action="entervalue" xpath="login.username" value="props::PH_LOGIN_USERNAME"/>
		<component name="textbox"  action="entervalue" xpath="login.password" value="props::PH_LOGIN_PASSWORD" />
		<component name="button" action="click" 	 xpath="login.submit"  />
	</step>	
	<step type="JAVA" name="Click Dashboard Tab" description="Click Dashboard Tab" severity="Blocker">
		<component name="link"   action="click"      xpath="tab.dashboard" />
	</step>
	<step type="JAVA" name="Click Search Devices SideMenu" description="Click Search Devices SideMenu" severity="Blocker">
		<component name="link"   action="click"      xpath="sidemenu.dashboard.searchdevices" />
	</step>
	<step type="JAVA" name="Navigate to device" description="Navigate to device" severity="Blocker">
		<parameter name="SerialNumber" value="'Serial Number'='dev-test-1'" />	
		<component name="textbox"  action="entervalue" xpath="operations.devicemanagement.query" value="$$SerialNumber"/>
		<component name="button"  action="click" xpath="operations.devicemanagement.query.find" />
		<component name="timer" value="2" />
		<component name="button"  action="click" xpath="dashboard.searchdevices.quicksearch.device" xpathInput="$$DEVICE_ID"/>
		<component name="timer" value="10" />
	</step>
	<step type="JAVA" name="Check Device Status" description="Device View Portlet" severity="Blocker">
		<component name=""  action="save" xpath="deviceview.device.status" saveTo="deviceOnline" attrName="class" compareWith="dvCircle circle-green" valdesc="Device View Portlet : Device Online" valkey="Device Status"/>		
		<component name="timer" value="3" />
	</step>	
	<step type="JAVA" name="Click WAN Connectivity SideMenu" description="Click WAN Connectivity SideMenu" severity="Blocker">
		<component name="link"   action="click"      xpath="sidemenu.deviceview.wanconnectivity" />
		<component name="timer" value="3" />
	</step>
	<step type="JAVA" name="Validate WAN Connectivity Tabs" description="Validate WAN Connectivity Tabs" severity="Blocker">
		<component name=""   action="extract"  type="string"    xpath="deviceview.wanconnectivity.tab" xpathInput="1" saveTo="ethernet" />
		<component name=""   action="validatevalues"  value="$$ethernet"  compareWith="Ethernet" valdesc="Ethernet Tab to be present" valkey="Ethernet Tab"/>		
		<component name=""   action="extract"  type="string"    xpath="deviceview.wanconnectivity.tab" xpathInput="2" saveTo="3g" />
		<component name=""   action="validatevalues"  value="$$3g"  compareWith="3G" valdesc="3G Tab to be present" valkey="3G Tab"/>
		<component name="timer" value="3" />
	</step>
	<step type="JAVA" name="Collect Ethernet MACAddress" description="Collects Ethernet MACAddress" severity="Blocker">
		<component name="button"   action="click"  xpath="deviceview.wanconnectivity.tab" xpathInput="1" />
	`	<component name="timer" value="1" />
		<component name=""   action="extract"  type="table"    xpath="deviceview.wanconnectivity.tab.macaddresss" xpathInput="1,1" saveTo="MACAddr" isHeaderAvailable="no"/>
		<component name=""   action="rowaction" value="JMETEROBJ::MACAddr" compareWith="MAC Address:" columnindex="1,2" dataindex="1" saveTo="MACAddress1" tableaction="gettext" elementtype="text" />		
	</step>
	<step type="JAVA" name="Collect Ethernet Connection-1 parameters values from UI" description="Collects Ethernet Connection-1 parameters values from UI" severity="Blocker">
		<component name=""   action="extract"  type="table"    xpath="deviceview.wanconnectivity.tab.ethernet" xpathInput="1,1,1,1" saveTo="ethernetConnectionTable1" isHeaderAvailable="no"/>
		<component name=""   action="rowaction" value="JMETEROBJ::ethernetConnectionTable1" compareWith="Connection Enabled:" saveTo="ConnectionEnabledEthernet1" columnindex="1,2" dataindex="1" tableaction="getattribute" attrName="class" elementtype="text" />
		
		<if value1="$$class" value2="inline status_enable" condition="equals">
			<parameter name="ConnectionEnabledEthernetResult1" value="1" />
		</if>
		<if value1="$$class" value2="inline error" condition="equals">
			<parameter name="ConnectionEnabledEthernetResult1" value="0" />
		</if>	
		
		<component name=""   action="rowaction" value="JMETEROBJ::ethernetConnectionTable1" saveTo="ConnectionStatusEthernet1" compareWith="Connection Status:" columnindex="1,2" dataindex="1" tableaction="gettext" elementtype="text" saveAs="string"/>
		
		<component name=""   action="rowaction" value="JMETEROBJ::ethernetConnectionTable1" compareWith="Nat Enabled:" saveTo="ConnectionEnabledEthernet1" columnindex="1,2" dataindex="1" tableaction="getattribute" attrName="onclick" elementtype="text" />
		<if value1="$$onclick" value2="false" condition="contains">
			<parameter name="NatEnabledResult1" value="1" />
		</if>
		<if value1="$$onclick" value2="true" condition="contains">
			<parameter name="NatEnabledResult1" value="0" />
		</if>
		
		<component name=""   action="rowaction" value="JMETEROBJ::ethernetConnectionTable1" compareWith="DNS Enabled:" columnindex="1,2" dataindex="1" tableaction="getcheckboxstatus" elementtype="text" saveTo="DNSEnabled1" saveAs="string"/>
		<if value1="$$DNSEnabled1" value2="checked" condition="equals">
			<parameter name="DNSEnabledResult1" value="1" />
		</if>
		<if value1="$$DNSEnabled1" value2="notchecked" condition="equals">
			<parameter name="DNSEnabledResult1" value="0" />
		</if>
		
		<component name=""   action="extract" type="string" xpath="deviceview.wanconnectivity.addresstype" xpathInput="1,1,1,2" saveTo="addressingType1" />
		<if value1="$$addressingType1" value2="dhcp" condition="equals">
			<component name=""   action="getsplittedipaddress" xpath="deviceview.wanconnectivity.tab.ethernet.ipaddress" xpathInput="1,1" saveTo="ipaddress1" />
			<component name=""   action="getsplittedipaddress" xpath="deviceview.wanconnectivity.tab.ethernet.subnetmask" xpathInput="1,1" saveTo="subnetmask1" />
			<component name=""   action="getsplittedipaddress" xpath="deviceview.wanconnectivity.tab.ethernet.defaultgateway" xpathInput="1,1" saveTo="defaultgateway1" />
		</if>
		
		<component name=""   action="extract" type="string" xpath="deviceview.wanconnectivity.dnsserver" xpathInput="1,1,1,1,1" saveTo="dnsserver1" />
		<if value1="$$dnsserver1" value2="Manually Configure DNS Servers" condition="equals">
			<component name=""   action="getsplittedipaddress" xpath="deviceview.wanconnectivity.tab.ethernet.dnsserver" xpathInput="1,1,1,1,2" saveTo="dnsserver11" />
			<component name=""   action="getsplittedipaddress" xpath="deviceview.wanconnectivity.tab.ethernet.dnsserver" xpathInput="1,1,1,1,3" saveTo="dnsserver12" />
			<component name=""   action="getsplittedipaddress" xpath="deviceview.wanconnectivity.tab.ethernet.dnsserver" xpathInput="1,1,1,1,4" saveTo="dnsserver13" />
		</if>			
		
	</step>
	
	<step type="DS" name="Collect Ethernet Connection-1 parameters values from DS" description="Collects Ethernet Connection-1 parameters values from DS" severity="Blocker">
		<component operation="gpv" name="InternetGatewayDevice.WANDevice.1.WANConnectionDevice.1.WANIPConnection.1.Enable" saveTo="DSValue_Enable1"/>
		<component operation="gpv" name="InternetGatewayDevice.WANDevice.1.WANConnectionDevice.1.WANIPConnection.1.ConnectionStatus" saveTo="DSValue_ConnectionStatus1"/>
		<component operation="gpv" name="InternetGatewayDevice.WANDevice.1.WANConnectionDevice.1.WANIPConnection.1.NATEnabled" saveTo="DSValue_NATEnabled1"/>
		<component operation="gpv" name="InternetGatewayDevice.WANDevice.1.WANConnectionDevice.1.WANIPConnection.1.DNSEnabled" saveTo="DSValue_DNSEnabled1"/>		
		<component operation="gpv" name="InternetGatewayDevice.WANDevice.1.WANConnectionDevice.1.WANIPConnection.1.DNSServers" saveTo="DSValue_DNSServers1" />
		<component operation="gpv" name="InternetGatewayDevice.WANDevice.1.WANConnectionDevice.1.WANIPConnection.1.DefaultGateway" saveTo="DSValue_DefaultGateway1"/>
		<component operation="gpv" name="InternetGatewayDevice.WANDevice.1.WANConnectionDevice.1.WANIPConnection.1.ExternalIPAddress" saveTo="DSValue_ExternalIPAddress1"/>		
		<component operation="gpv" name="InternetGatewayDevice.WANDevice.1.WANConnectionDevice.1.WANIPConnection.1.SubnetMask" saveTo="DSValue_SubnetMask1"/>	
		<component operation="gpv" name="InternetGatewayDevice.WANDevice.1.WANEthernetInterfaceConfig.MACAddress" saveTo="DSValue_MACAddress1"/>						
	</step>
	<step type="JAVA" name="Compares values" description="Compare values" severity="Blocker">
		<if value1="$$DSValue_DNSEnabled1" value2="" condition="equals">				
				<parameter name="updatedDNSValue1" value="0" />
		</if>	
		<component name=""   action="validatevalues"  compareWith="$$DSValue_Enable1" value="$$ConnectionEnabledEthernetResult1" valdesc="Compares Connection Enabled parameter" valkey="Connection Enabled" />				
		<component name=""   action="validatevalues" compareWith="$$DSValue_ConnectionStatus1" value="$$ConnectionStatusEthernet1" valdesc="Compares Connection Status parameter" valkey="Connection Status"/>	
		<component name=""   action="validatevalues" compareWith="$$DSValue_NATEnabled1" value="$$NatEnabledResult1" valdesc="Compares NAT Enabled parameter" valkey="NAT Enabled" />	
		<component name=""   action="validatevalues" compareWith="$$updatedDNSValue1" value="$$DNSEnabledResult1" valdesc="Compares DNS Enabled parameter" valkey="DNS Enabled" />	
		<component name=""   action="validatelist" value="JMETEROBJ::MACAddress1" condition="equals" compareWith="$$DSValue_MACAddress1"  valdesc="Compares MAC Address " valkey="MAC Adddress" />
		<component name=""   action="validatevalues" compareWith="$$DSValue_ExternalIPAddress1" value="$$ipaddress1" valdesc="Compares IP Address parameter" valkey="IP Address" />	
		<component name=""   action="validatevalues" compareWith="$$DSValue_SubnetMask1" value="$$subnetmask1" valdesc="Compares SubNet Mask parameter" valkey="SubNet Mask" />	
		<component name=""   action="validatevalues" compareWith="$$DSValue_DefaultGateway1" value="$$defaultgateway1" valdesc="Compares Default gateway parameter" valkey="Default Gateway" />	
		<component name=""   action="validatevalues" value="$$DSValue_DNSServers1" condition="contains" compareWith="$$dnsserver11" valdesc="Compares DNS Server parameter" valkey="DNS Server" />	
		<component name=""   action="validatevalues" value="$$DSValue_DNSServers1" condition="contains" compareWith="$$dnsserver12" valdesc="Compares DNS Server parameter" valkey="DNS Server" />	
		<component name=""   action="validatevalues" value="$$DSValue_DNSServers1" condition="contains" compareWith="$$dnsserver13" valdesc="Compares DNS Server parameter" valkey="DNS Server" />			
	</step>
	
	<step type="JAVA" name="Collect Ethernet Connection-2 parameters values from UI" description="Collects Ethernet Connection-2 parameters values from UI" severity="Blocker">
		<component name=""   action="extract"  type="table"    xpath="deviceview.wanconnectivity.tab.ethernet" xpathInput="1,1,1,2" saveTo="ethernetConnectionTable2" isHeaderAvailable="no"/>
		<component name=""   action="rowaction" value="JMETEROBJ::ethernetConnectionTable2" compareWith="Connection Enabled:" saveTo="ConnectionEnabledEthernet2" columnindex="1,2" dataindex="1" tableaction="getattribute" attrName="class" elementtype="text" />
		
		<if value1="$$class" value2="inline status_enable" condition="equals">
			<parameter name="ConnectionEnabledEthernetResult2" value="1" />
		</if>
		<if value1="$$class" value2="inline error" condition="equals">
			<parameter name="ConnectionEnabledEthernetResult2" value="0" />
		</if>	
		
		<component name=""   action="rowaction" value="JMETEROBJ::ethernetConnectionTable2" saveTo="ConnectionStatusEthernet2" compareWith="Connection Status:" columnindex="1,2" dataindex="1" tableaction="gettext" elementtype="text" saveAs="string"/>
		
		<component name=""   action="rowaction" value="JMETEROBJ::ethernetConnectionTable2" compareWith="Nat Enabled:" saveTo="ConnectionEnabledEthernet2" columnindex="1,2" dataindex="1" tableaction="getattribute" attrName="onclick" elementtype="text" />
		<if value1="$$onclick" value2="false" condition="contains">
			<parameter name="NatEnabledResult2" value="1" />
		</if>
		<if value1="$$onclick" value2="true" condition="contains">
			<parameter name="NatEnabledResult2" value="0" />
		</if>
		
		<component name=""   action="rowaction" value="JMETEROBJ::ethernetConnectionTable2" compareWith="DNS Enabled:" columnindex="1,2" dataindex="1" tableaction="getcheckboxstatus" elementtype="text" saveTo="DNSEnabled2" saveAs="string"/>
		<if value1="$$DNSEnabled2" value2="checked" condition="equals">
			<parameter name="DNSEnabledResult2" value="1" />
		</if>
		<if value1="$$DNSEnabled2" value2="notchecked" condition="equals">
			<parameter name="DNSEnabledResult2" value="0" />
		</if>
		
		<component name=""   action="extract" type="string" xpath="deviceview.wanconnectivity.addresstype" xpathInput="1,1,2,2" saveTo="addressingType2" />
		<if value1="$$addressingType2" value2="static" condition="equals">
			<component name=""   action="getsplittedipaddress" xpath="deviceview.wanconnectivity.tab.ethernet.ipaddress" xpathInput="1,2" saveTo="ipaddress2" />
			<component name=""   action="getsplittedipaddress" xpath="deviceview.wanconnectivity.tab.ethernet.subnetmask" xpathInput="1,2" saveTo="subnetmask2" />
			<component name=""   action="getsplittedipaddress" xpath="deviceview.wanconnectivity.tab.ethernet.defaultgateway" xpathInput="1,2" saveTo="defaultgateway2" />
		</if>
		
		<component name=""   action="extract" type="string" xpath="deviceview.wanconnectivity.dnsserver" xpathInput="1,1,2,1,2" saveTo="dnsserver2" />
		<if value1="$$dnsserver2" value2="Manually Configure DNS Servers" condition="equals">
			<component name=""   action="getsplittedipaddress" xpath="deviceview.wanconnectivity.tab.ethernet.dnsserver" xpathInput="1,2,1,2,2" saveTo="dnsserver21" />
			<component name=""   action="getsplittedipaddress" xpath="deviceview.wanconnectivity.tab.ethernet.dnsserver" xpathInput="1,2,1,2,3" saveTo="dnsserver22" />
			<component name=""   action="getsplittedipaddress" xpath="deviceview.wanconnectivity.tab.ethernet.dnsserver" xpathInput="1,2,1,2,4" saveTo="dnsserver23" />
		</if>					
	</step>
	
	<step type="DS" name="Collect Ethernet Connection-2 parameters values from DS" description="Collects Ethernet Connection-2 parameters values from DS" severity="Blocker">
		<component operation="gpv" name="InternetGatewayDevice.WANDevice.1.WANConnectionDevice.1.WANIPConnection.2.Enable" saveTo="DSValue_Enable2"/>
		<component operation="gpv" name="InternetGatewayDevice.WANDevice.1.WANConnectionDevice.1.WANIPConnection.2.ConnectionStatus" saveTo="DSValue_ConnectionStatus2"/>
		<component operation="gpv" name="InternetGatewayDevice.WANDevice.1.WANConnectionDevice.1.WANIPConnection.2.NATEnabled" saveTo="DSValue_NATEnabled2"/>
		<component operation="gpv" name="InternetGatewayDevice.WANDevice.1.WANConnectionDevice.1.WANIPConnection.2.DNSEnabled" saveTo="DSValue_DNSEnabled2"/>		
		<component operation="gpv" name="InternetGatewayDevice.WANDevice.1.WANConnectionDevice.1.WANIPConnection.2.DNSServers" saveTo="DSValue_DNSServers2" />
		<component operation="gpv" name="InternetGatewayDevice.WANDevice.1.WANConnectionDevice.1.WANIPConnection.2.DefaultGateway" saveTo="DSValue_DefaultGateway2"/>
		<component operation="gpv" name="InternetGatewayDevice.WANDevice.1.WANConnectionDevice.1.WANIPConnection.2.ExternalIPAddress" saveTo="DSValue_ExternalIPAddress2"/>		
		<component operation="gpv" name="InternetGatewayDevice.WANDevice.1.WANConnectionDevice.1.WANIPConnection.2.SubnetMask" saveTo="DSValue_SubnetMask2"/>	
		<component operation="gpv" name="InternetGatewayDevice.WANDevice.1.WANEthernetInterfaceConfig.MACAddress" saveTo="DSValue_MACAddress2"/>						
	</step>
	<step type="JAVA" name="Compares values" description="Compare values" severity="Blocker">
		<if value1="$$DSValue_DNSEnabled2" value2="" condition="equals">				
				<parameter name="updatedDNSValue2" value="0" />
		</if>	
		<component name=""   action="validatevalues"  compareWith="$$DSValue_Enable2" value="$$ConnectionEnabledEthernetResult2" valdesc="Compares Connection Enabled parameter" valkey="Connection Enabled" />				
		<component name=""   action="validatevalues" compareWith="$$DSValue_ConnectionStatus2" value="$$ConnectionStatusEthernet2" valdesc="Compares Connection Status parameter" valkey="Connection Status"/>	
		<component name=""   action="validatevalues" compareWith="$$DSValue_NATEnabled2" value="$$NatEnabledResult2" valdesc="Compares NAT Enabled parameter" valkey="NAT Enabled" />	
		<component name=""   action="validatevalues" compareWith="$$updatedDNSValue2" value="$$DNSEnabledResult2" valdesc="Compares DNS Enabled parameter" valkey="DNS Enabled" />	
		
		<component name=""   action="validatevalues" compareWith="$$DSValue_ExternalIPAddress2" value="$$ipaddress2" valdesc="Compares IP Address parameter" valkey="IP Address" />	
		<component name=""   action="validatevalues" compareWith="$$DSValue_SubnetMask2" value="$$subnetmask2" valdesc="Compares SubNet Mask parameter" valkey="SubNet Mask" />	
		<component name=""   action="validatevalues" compareWith="$$DSValue_DefaultGateway2" value="$$defaultgateway2" valdesc="Compares Default gateway parameter" valkey="Default Gateway" />	
		<component name=""   action="validatevalues" value="$$DSValue_DNSServers2" condition="contains" compareWith="$$dnsserver21" valdesc="Compares DNS Server parameter" valkey="DNS Server" />	
		<component name=""   action="validatevalues" value="$$DSValue_DNSServers2" condition="contains" compareWith="$$dnsserver22" valdesc="Compares DNS Server parameter" valkey="DNS Server" />	
		<component name=""   action="validatevalues" value="$$DSValue_DNSServers2" condition="contains" compareWith="$$dnsserver23" valdesc="Compares DNS Server parameter" valkey="DNS Server" />			
	</step>
	
	
	
	
	
	<step type="JAVA" name="Collect 3G MACAddress" description="Collects 3G MACAddress" severity="Blocker">
		<component name="button"   action="click"  xpath="deviceview.wanconnectivity.tab" xpathInput="2" />
	`	<component name="timer" value="1" />
		<component name=""   action="extract"  type="table"    xpath="deviceview.wanconnectivity.tab.macaddresss" xpathInput="2,2" saveTo="MACAddr" isHeaderAvailable="no"/>
		<component name=""   action="rowaction" value="JMETEROBJ::MACAddr" compareWith="MAC Address:" columnindex="1,2" dataindex="1" saveTo="MACAddress2" tableaction="gettext" elementtype="text" />		
	</step>
	
	
	<step type="JAVA" name="Collect 3G Parameter Values from UI" description="Collects 3G Parameter Values from UI" severity="Blocker">
		<component name=""   action="extract"  type="table"    xpath="deviceview.wanconnectivity.tab.ethernet" xpathInput="2,2,2,1" saveTo="ethernetConnectionTable3" isHeaderAvailable="no"/>
		<component name=""   action="rowaction" value="JMETEROBJ::ethernetConnectionTable3" compareWith="Connection Enabled:" saveTo="ConnectionEnabledEthernet3" columnindex="1,2" dataindex="1" tableaction="getattribute" attrName="class" elementtype="text" />
		
		<if value1="$$class" value2="inline status_enable" condition="equals">
			<parameter name="ConnectionEnabledEthernetResult3" value="1" />
		</if>
		<if value1="$$class" value2="inline error" condition="equals">
			<parameter name="ConnectionEnabledEthernetResult3" value="0" />
		</if>	
		
		<component name=""   action="rowaction" value="JMETEROBJ::ethernetConnectionTable3" saveTo="ConnectionStatusEthernet3" compareWith="Connection Status:" columnindex="1,2" dataindex="1" tableaction="gettext" elementtype="text" saveAs="string"/>
		
		<component name=""   action="rowaction" value="JMETEROBJ::ethernetConnectionTable3" compareWith="Nat Enabled:" saveTo="ConnectionEnabledEthernet3" columnindex="1,2" dataindex="1" tableaction="getattribute" attrName="onclick" elementtype="text" />
		<if value1="$$onclick" value2="false" condition="contains">
			<parameter name="NatEnabledResult3" value="1" />
		</if>
		<if value1="$$onclick" value2="true" condition="contains">
			<parameter name="NatEnabledResult3" value="0" />
		</if>
		
		<component name=""   action="rowaction" value="JMETEROBJ::ethernetConnectionTable3" compareWith="DNS Enabled:" columnindex="1,2" dataindex="1" tableaction="getcheckboxstatus" elementtype="text" saveTo="DNSEnabled3" saveAs="string"/>
		<if value1="$$DNSEnabled3" value2="checked" condition="equals">
			<parameter name="DNSEnabledResult3" value="1" />
		</if>
		<if value1="$$DNSEnabled3" value2="notchecked" condition="equals">
			<parameter name="DNSEnabledResult3" value="0" />
		</if>
		
		<component name=""   action="extract" type="string" xpath="deviceview.wanconnectivity.addresstype" xpathInput="2,2,1,2" saveTo="addressingType3" />
		<if value1="$$addressingType3" value2="dhcp" condition="equals">
			<component name=""   action="getsplittedipaddress" xpath="deviceview.wanconnectivity.tab.ethernet.ipaddress" xpathInput="2,1" saveTo="ipaddress3" />
			<component name=""   action="getsplittedipaddress" xpath="deviceview.wanconnectivity.tab.ethernet.subnetmask" xpathInput="2,1" saveTo="subnetmask3" />
			<component name=""   action="getsplittedipaddress" xpath="deviceview.wanconnectivity.tab.ethernet.defaultgateway" xpathInput="2,1" saveTo="defaultgateway3" />
		</if>
		
		<component name=""   action="extract" type="string" xpath="deviceview.wanconnectivity.dnsserver" xpathInput="2,2,1,2,1" saveTo="dnsserver" />
		<if value1="$$dnsserver" value2="Manually Configure DNS Servers" condition="equals">
			<component name=""   action="getsplittedipaddress" xpath="deviceview.wanconnectivity.tab.ethernet.dnsserver" xpathInput="2,1,2,1,2" saveTo="dnsserver31" />
		</if>					
	</step>
	
	<step type="DS" name="Collect 3G parameters values from DS" description="Collects 3G parameters values from DS" severity="Blocker">
		<component operation="gpv" name="InternetGatewayDevice.WANDevice.2.WANConnectionDevice.1.WANIPConnection.1.Enable" saveTo="DSValue_Enable3"/>
		<component operation="gpv" name="InternetGatewayDevice.WANDevice.2.WANConnectionDevice.1.WANIPConnection.1.ConnectionStatus" saveTo="DSValue_ConnectionStatus3"/>
		<component operation="gpv" name="InternetGatewayDevice.WANDevice.2.WANConnectionDevice.1.WANIPConnection.1.NATEnabled" saveTo="DSValue_NATEnabled3"/>
		<component operation="gpv" name="InternetGatewayDevice.WANDevice.2.WANConnectionDevice.1.WANIPConnection.1.DNSEnabled" saveTo="DSValue_DNSEnabled3"/>		
		<component operation="gpv" name="InternetGatewayDevice.WANDevice.2.WANConnectionDevice.1.WANIPConnection.1.DNSServers" saveTo="DSValue_DNSServers3" />
		<component operation="gpv" name="InternetGatewayDevice.WANDevice.2.WANConnectionDevice.1.WANIPConnection.1.DefaultGateway" saveTo="DSValue_DefaultGateway3"/>
		<component operation="gpv" name="InternetGatewayDevice.WANDevice.2.WANConnectionDevice.1.WANIPConnection.1.ExternalIPAddress" saveTo="DSValue_ExternalIPAddress3"/>		
		<component operation="gpv" name="InternetGatewayDevice.WANDevice.2.WANConnectionDevice.1.WANIPConnection.1.SubnetMask" saveTo="DSValue_SubnetMask3"/>	
		<component operation="gpv" name="InternetGatewayDevice.WANDevice.2.WANEthernetInterfaceConfig.MACAddress" saveTo="DSValue_MACAddress3"/>						
	</step>
	<step type="JAVA" name="Compares values" description="Compare values" severity="Blocker">
		<if value1="$$DSValue_DNSEnabled3" value2="" condition="equals">				
				<parameter name="updatedDNSValue3" value="0" />
		</if>	
		<component name=""   action="validatevalues"  compareWith="$$DSValue_Enable3" value="$$ConnectionEnabledEthernetResult3" valdesc="Compares Connection Enabled parameter" valkey="Connection Enabled" />				
		<component name=""   action="validatevalues" compareWith="$$DSValue_ConnectionStatus3" value="$$ConnectionStatusEthernet3" valdesc="Compares Connection Status parameter" valkey="Connection Status"/>	
		<component name=""   action="validatevalues" compareWith="$$DSValue_NATEnabled3" value="$$NatEnabledResult3" valdesc="Compares NAT Enabled parameter" valkey="NAT Enabled" />	
		<component name=""   action="validatevalues" compareWith="$$updatedDNSValue3" value="$$DNSEnabledResult3" valdesc="Compares DNS Enabled parameter" valkey="DNS Enabled" />	
		<component name=""   action="validatelist" value="JMETEROBJ::MACAddress2" condition="equals" compareWith="$$DSValue_MACAddress3"  valdesc="Compares MAC Address " valkey="MAC Adddress" />
		<component name=""   action="validatevalues" compareWith="$$DSValue_ExternalIPAddress3" value="$$ipaddress3" valdesc="Compares IP Address parameter" valkey="IP Address" />	
		<component name=""   action="validatevalues" compareWith="$$DSValue_SubnetMask3" value="$$subnetmask3" valdesc="Compares SubNet Mask parameter" valkey="SubNet Mask" />	
		<component name=""   action="validatevalues" compareWith="$$DSValue_DefaultGateway3" value="$$defaultgateway3" valdesc="Compares Default gateway parameter" valkey="Default Gateway" />	
		<component name=""   action="validatevalues" value="$$DSValue_DNSServers3" condition="equals" compareWith="$$dnsserver31" valdesc="Compares DNS Server parameter" valkey="DNS Server" />	
					
	</step>
	
	
	
	<step type="DS" name="Change Parameter Value in DS" description="Changes Parameter Value in DS" severity="Blocker" >
		 <component operation="spv" name="InternetGatewayDevice.WANDevice.1.WANConnectionDevice.1.WANIPConnection.1.DefaultGateway"  value="10.10.10.10"/> 
		 <component name="timer" value="3" />			
	</step>
	
	<step type="JAVA" name="Click Refresh Portlet " description="Clicks Refresh Portlet" severity="Blocker">
		<component name="button" action="click" 	 xpath="deviceview.devicepage.refreshicon"  />
		<component name="timer" value="3" />		
	</step>
		
	<step type="JAVA" name="Compare Updated Value" description="Compares Updated Value" severity="Blocker">
		<component name=""   action="getsplittedipaddress" xpath="deviceview.wanconnectivity.tab.ethernet.defaultgateway" xpathInput="1,1" saveTo="defaultgatewayUpdated" />
		<component name=""   action="validatevalues" compareWith="10.10.10.10" value="$$defaultgatewayUpdated" valdesc="Compares Updated Default gateway parameter" valkey="Default Gateway" />			
	</step>
		
	
</steps>