<steps>
	
	<step type="JAVA" name="Login" description="PrimeHome Login" severity="Blocker">
		<component name="textbox"  action="entervalue" xpath="login.username" value="props::PH_LOGIN_USERNAME"/>
		<component name="textbox"  action="entervalue" xpath="login.password" value="props::PH_LOGIN_PASSWORD" />
		<component name="button" action="click" 	 xpath="login.submit"  />
	</step>
	
	<step type="JAVA" name="Click Statistics Tab" description="Click Statistics Tab" severity="Blocker">
		<component name="link"   action="click"      xpath="tab.statistics" />
	</step>
	<step type="JAVA" name="Click Device Distribution SideMenu" description="Click Device Distribution SideMenu" severity="Blocker">
		<component name="link"   action="click"      xpath="sidemenu.statistics.devicedistribution" />
	</step>
	
	
	<step type="JAVA" name="Check Device Distribution - Type Graph" description="Checks Device Distribution - Type Graph" severity="Blocker">	

		<component name="graph" action="getgraphdata"  type="piemousehoverclick"  xpath="statistics.graph.pie" xpathInput="1,1,highcharts-0"  mouseHoverIndexXpath="statistics.graph.bar.mouse_hover.index"  mouseHoverContentXpath="statistics.graph.bar.mouse_hover.device_count"  onclickContentXpath="operations.devicemanagement.devicecount" splitBy=":" condition="equals" waitRepeatOnFail="true" failWaitTime="10000" checkZeroValue="false" failRepeatCount="18" valdesc="Verify Graph Content" valkey="Device Count" />			
			
	</step>
	<!-- Sample with retry -->
	<!-- <step type="JAVA" name="Check Device Distribution - Manufacturer Graph" description="Checks Device Distribution Portlet Graph" severity="Blocker">	
		<component name="graph" action="getgraphdata"  type="barmousehoverclick"  xpath="statistics.graph.pie" xpathInput="1,1,highcharts-0"  mouseHoverIndexXpath="statistics.graph.pie.mouse_hover.index"  mouseHoverContentXpath="statistics.graph.pie.mouse_hover.device_count"  onclickContentXpath="operations.devicemanagement.devicecount" splitBy=":" condition="equals" waitRepeatOnFail="true" failWaitTime="10000" checkZeroValue="false" failRepeatCount="18" valdesc="Verify Graph Content" valkey="Device Count" />			
	</step>  -->
	<step type="JAVA" name="Check Device Distribution - Manufacturer Graph" description="Checks Device Distribution - Manufacturer Graph" severity="Blocker">
		<component name="graph"   action="getgraphdata"  type="piechartsize"    xpath="deviceview.devicepage.dlchealth.graph.size" saveTo="chartsize" xpathInput="1,2,highcharts-2"/>
		<component name="graph" action="getgraphdata"  type="piechartheader"    xpath="deviceview.devicepage.dlchealth.graph.text" saveTo="chartheader" xpathInput="1,2,highcharts-2"/>	
		<loop value="$$chartsize" condition="chart">
			<component name="graph" value="$$chartsize" action="getgraphdata"  type="piechart"    xpath="deviceview.devicepage.dlchealth.graph" saveTo="graphvalue" xpathInput="1,2,highcharts-2" splitBy="Device Count:"/>		
			<component name="timer" value="3" />
			<component name="devicecount" action="extract" type="string" xpath="operations.devicemanagement.devicecount" saveTo="devicecount" />
			<component name="timer" value="1" />
			<component name="clickbrowserback" action="browserbackbutton" />
			<component name="timer" value="3" />
			<component name=""  action="validategraph" value="$$graphvalue" compareWith="$$devicecount" valdesc="Verify Graph Content" valkey="Device Count" saveTo="chartsize" condition="equals"/>
			<component name="timer" value="2" />
		</loop>		
	</step>
	
	<step type="JAVA" name="Check Device Distribution - Software Version Graph" description="Check Device Distribution - Software Version Graph" severity="Blocker">			
		<component name="graph"   action="getgraphdata"  type="piechartsize"    xpath="deviceview.devicepage.dlchealth.graph.size" saveTo="chartsize" xpathInput="2,1,highcharts-4"/>
		<component name="graph" action="getgraphdata"  type="piechartheader"    xpath="deviceview.devicepage.dlchealth.graph.text" saveTo="chartheader" xpathInput="2,1,highcharts-4"/>	
		<loop value="$$chartsize" condition="chart">
			<component name="graph" value="$$chartsize" action="getgraphdata"  type="piechart"    xpath="deviceview.devicepage.dlchealth.graph" saveTo="graphvalue" xpathInput="2,1,highcharts-4" splitBy="Device Count:"/>		
			<component name="timer" value="3" />
			<component name="devicecount" action="extract" type="string" xpath="operations.devicemanagement.devicecount" saveTo="devicecount" />
			<component name="timer" value="1" />
			<component name="clickbrowserback" action="browserbackbutton" />
			<component name="timer" value="3" />
			<component name=""  action="validategraph" value="$$graphvalue" compareWith="$$devicecount" valdesc="Verify Graph Content" valkey="Device Count" saveTo="chartsize" condition="equals"/>
			<component name="timer" value="2" />
		</loop>		
	</step>
	
	<step type="JAVA" name="Check Device Distribution - Tags Graph" description="Checks Device Distribution - Tags Graph" severity="Blocker">	
		
		<component name="graph"   action="getgraphdata"  type="piechartsize"    xpath="deviceview.devicepage.dlchealth.graph.size" saveTo="chartsize" xpathInput="2,2,highcharts-6"/>
		<component name="graph" action="getgraphdata"  type="piechartheader"    xpath="deviceview.devicepage.dlchealth.graph.text" saveTo="chartheader" xpathInput="2,2,highcharts-6"/>	
		<loop value="$$chartsize" condition="chart">
			<component name="graph" value="$$chartsize" action="getgraphdata"  type="piechart"    xpath="deviceview.devicepage.dlchealth.graph" saveTo="graphvalue" xpathInput="2,2,highcharts-6" splitBy="Device Count:"/>		
			<component name="timer" value="3" />
			<component name="devicecount" action="extract" type="string" xpath="operations.devicemanagement.devicecount" saveTo="devicecount" />
			<component name="timer" value="1" />
			<component name="clickbrowserback" action="browserbackbutton" />
			<component name="timer" value="3" />
			<component name=""  action="validategraph" value="$$graphvalue" compareWith="$$devicecount" valdesc="Verify Graph Content" valkey="Device Count" saveTo="chartsize" condition="equals"/>
			<component name="timer" value="2" />
		</loop>
	
	</step>
	
</steps>