<steps>
	<step type="START-DS" name="Start DS" description="Performs - START-DS " severity="Blocker">
		<parameter name="DEVICE_ID" value="dev-test-1" />
		<parameter name="ACS_IP" value="props::ACS_IP" />
		<parameter name="DEVICE_DATA_MODEL_NAME" value="props::DEVICE_DATA_MODEL_NAME" />
	</step>
	<step type="JAVA" name="Login" description="PrimeHome Login" severity="Blocker">
		<component name="textbox"  action="entervalue" xpath="login.username" value="props::PH_LOGIN_USERNAME"/>
		<component name="textbox"  action="entervalue" xpath="login.password" value="props::PH_LOGIN_PASSWORD" />
		<component name="button" action="click" 	 xpath="login.submit"  />
	</step>	
	<step type="JAVA" name="Click Dashboard Tab" description="Click Dashboard Tab" severity="Blocker">
		<component name="link"   action="click"      xpath="tab.dashboard" />
	</step>
	<step type="JAVA" name="Click Search Devices SideMenu" description="Click Search Devices SideMenu" severity="Blocker">
		<component name="link"   action="click"      xpath="sidemenu.dashboard.searchdevices" />
	</step>
	<step type="JAVA" name="Navigate to device" description="Navigate to device" severity="Blocker">
		<parameter name="SerialNumber" value="'Serial Number'= 'dev-test-1'" />	
		<component name="textbox"  action="entervalue" xpath="operations.devicemanagement.query" value="$$SerialNumber"/>
		<component name="button"  action="click" xpath="operations.devicemanagement.query.find" />
		<component name="timer" value="2" />
		<component name="button"  action="click" xpath="dashboard.searchdevices.quicksearch.device" xpathInput="$$DEVICE_ID"/>
		<component name="timer" value="15" />
	</step>
	<step type="JAVA" name="Check Device Status" description="Device View Portlet" severity="Blocker">
		<component name=""  action="save" xpath="deviceview.device.status" saveTo="deviceOnline" attrName="class" compareWith="dvCircle circle-green" valdesc="Device View Portlet : Device Online" valkey="Device Status"/>		
		<component name="timer" value="3" />
	</step>	
	<step type="JAVA" name="Click System Status SideMenu" description="Click System Status SideMenu" severity="Blocker">
		<component name="link"   action="click"      xpath="sidemenu.deviceview.systemstatus" />
		<component name="timer" value="3" />
	</step>
	
	<step type="JAVA" name="System Details tab values from UI" description="Collect System Details tab values from UI" severity="Blocker">
		<component name="button"   action="click"  xpath="deviceview.systemstatus.tab" xpathInput="0" />
	`	<component name="timer" value="1" />
		<component name=""   action="extract"  type="table"    xpath="deviceview.systemstatus.table" xpathInput="0" saveTo="systemDetails" isHeaderAvailable="no"/>
		<component name=""   action="rowaction" value="JMETEROBJ::systemDetails" compareWith="IMEI:" columnindex="1,2" dataindex="1" saveTo="IMEI" tableaction="gettext" elementtype="text" />
		<component name=""   action="rowaction" value="JMETEROBJ::systemDetails" compareWith="Serial Number:" columnindex="1,2" dataindex="1" saveTo="SerialNo" tableaction="gettext" elementtype="text" />	
		<component name=""   action="rowaction" value="JMETEROBJ::systemDetails" compareWith="DLA Status:" columnindex="1,2" dataindex="1" saveTo="DLAState" tableaction="gettext" elementtype="text"/>
		<component name=""   action="rowaction" value="JMETEROBJ::systemDetails" compareWith="Upgrade Mode:" columnindex="1,2" dataindex="1" saveTo="UpgradeMode" tableaction="gettext" elementtype="text" />		
		<component name=""   action="rowaction" value="JMETEROBJ::systemDetails" compareWith="Time Status:" columnindex="1,2" dataindex="1" saveTo="TimeStatus" tableaction="gettext" elementtype="text" />		
		<component name=""   action="rowaction" value="JMETEROBJ::systemDetails" compareWith="System Mode Status:" columnindex="1,2" dataindex="1" saveTo="SystemModeState" tableaction="gettext" elementtype="text" />
	</step>
	<step type="DS" name="System Details parameters values from DS" description="Collects System Details parameters values from DS" severity="Blocker">
		<component operation="gpv" name="InternetGatewayDevice.X_CISCO_COM_3GClient.IMEI" saveTo="DSValue_IMEI"/>
		<component operation="gpv" name="InternetGatewayDevice.DeviceInfo.SerialNumber" saveTo="DSValue_SerialNumber"/>
		<component operation="gpv" name="InternetGatewayDevice.ManagementServer.X_CISCO_COM_DLAModeStatus" saveTo="DSValue_DLAStatus" />
		<component operation="gpv" name="InternetGatewayDevice.ManagementServer.X_CISCO_COM_UpgradeMode" saveTo="DSValue_UpgradeMode"/>
		<component operation="gpv" name="InternetGatewayDevice.Time.Status" saveTo="DSValue_TimeStatus"/>		
	</step>
	<step type="JAVA" name="Compares values of System Details" description="Compare values of System Details" severity="Blocker">		
		<component name=""   action="validatelist" value="JMETEROBJ::IMEI" condition="equals" compareWith="$$DSValue_IMEI" valdesc="Compares IMEI parameter" valkey="IMEI" />		
		<component name=""   action="validatelist" value="JMETEROBJ::SerialNo" condition="equals" compareWith="$$DSValue_SerialNumber" valdesc="Compares Serial Number parameter" valkey="Serial Number"/>		
		<component name=""   action="validatelist" value="JMETEROBJ::DLAState" condition="equals" compareWith="$$DSValue_DLAStatus" valdesc="Compares DLA Status parameter" valkey="DLA Status" />		
		<component name=""   action="validatelist" value="JMETEROBJ::UpgradeMode" condition="equals" compareWith="$$DSValue_UpgradeMode"  valdesc="Compares Upgrade Mode parameter" valkey="Upgrade Mode" />		
		<component name=""   action="validatelist" value="JMETEROBJ::TimeStatus" condition="equals" compareWith="$$DSValue_TimeStatus" valdesc="Compares Time Status parameter" valkey="Time Status" />		
	</step>
	
	<step type="JAVA" name="System Certificate tab values from UI" description="Collects System Certificate tab values from UI" severity="Blocker">
		<component name="button"   action="click"  xpath="deviceview.systemstatus.tab" xpathInput="2" />
	`	<component name="timer" value="1" />
		<component name=""   action="extract"  type="table"    xpath="deviceview.systemstatus.table" xpathInput="2" saveTo="systemDetails" isHeaderAvailable="no"/>	
		
		<component name=""   action="rowaction" value="JMETEROBJ::systemDetails" compareWith="Certificate Installation Date:" columnindex="1,2" dataindex="1" saveTo="CertificateInstallationDate" tableaction="gettext" elementtype="text" />
		<component name=""   action="rowaction" value="JMETEROBJ::systemDetails" compareWith="Certificate Expiration Date:" columnindex="1,2" dataindex="1" saveTo="CertificateExpirationDate" tableaction="gettext" elementtype="text" />	
		<component name=""   action="rowaction" value="JMETEROBJ::systemDetails" compareWith="Certificate Issue Date:" columnindex="1,2" dataindex="1" saveTo="CertificateIssueDate" tableaction="gettext" elementtype="text"/>
		<component name=""   action="rowaction" value="JMETEROBJ::systemDetails" compareWith="Certificate Update Requested:" columnindex="1,2" dataindex="1" saveTo="CertificateUpdateRequested" tableaction="gettext" elementtype="text" />
		<component name=""   action="rowaction" value="JMETEROBJ::systemDetails" compareWith="Certificate Update Error:" columnindex="1,2" dataindex="1" saveTo="CertificateUpdateError" tableaction="gettext" elementtype="text" />
		<component name=""   action="rowaction" value="JMETEROBJ::systemDetails" compareWith="Birth Certificate Status:" columnindex="1,2" dataindex="1" saveTo="BirthCertificateStatus" tableaction="gettext" elementtype="text" />
		<component name=""   action="rowaction" value="JMETEROBJ::systemDetails" compareWith="Certificate Update Mechanism:" columnindex="1,2" dataindex="1" saveTo="CertificateUpdateMechanism" tableaction="gettext" elementtype="text" />
	</step>
	<step type="DS" name="System Certificate parameters values from DS" description="Collects System Certificate parameters values from DS" severity="Blocker">
		<component operation="gpv" name="InternetGatewayDevice.Time.LocalTimeZoneName" saveTo="DSValue_DSTimeZone"  />
		<component operation="gpv" name="InternetGatewayDevice.X_CISCO_COM_Cert.InstalledOn" saveTo="DSValue_CertificateInstallationDate"  />
		<component operation="gpv" name="InternetGatewayDevice.X_CISCO_COM_Cert.ValidityNotAfter" saveTo="DSValue_CertificateExpirationDate"   />
		<component operation="gpv" name="InternetGatewayDevice.X_CISCO_COM_Cert.ValidityNotBefore" saveTo="DSValue_CertificateIssueDate"  />
		<component operation="gpv" name="InternetGatewayDevice.X_CISCO_COM_Cert.Upgrade.Requested" saveTo="DSValue_CertificateUpdateRequested"   />
		<component operation="gpv" name="InternetGatewayDevice.X_CISCO_COM_Cert.Upgrade.ErrorDetails" saveTo="DSValue_CertificateUpdateError"  />
		<component operation="gpv" name="InternetGatewayDevice.ManagementServer.X_CISCO_COM_Generate_Birth_Certificate_Status" saveTo="DSValue_BirthCertificateStatus"  />
		<component operation="gpv" name="InternetGatewayDevice.X_CISCO_COM_Cert.Upgrade.InitiatedBy" saveTo="DSValue_CertificateUpdateMechanism"  />		
	</step>
	<step type="JAVA" name="Compares values of System Certificate" description="Compare values of System Certificate" severity="Blocker">	
		<component name=""   action="substringcontent"  value="$$DSValue_DSTimeZone" startIndex="1" endIndex=")" saveTo="actualLocalTimeZone" />
		<component name=""   action="convertdate"  value="$$DSValue_CertificateInstallationDate" timezone="$$actualLocalTimeZone" timeformat="dd-MMM-yyyy HH:mm" saveTo="DSValue_ConvertedCertificateInstallationDate" />
		<component name=""   action="convertdate"  value="$$DSValue_CertificateExpirationDate" timezone="$$actualLocalTimeZone" timeformat="dd-MMM-yyyy HH:mm" saveTo="DSValue_ConvertedCertificateExpirationDate" />
		<component name=""   action="convertdate"  value="$$DSValue_CertificateIssueDate" timezone="$$actualLocalTimeZone" timeformat="dd-MMM-yyyy HH:mm" saveTo="DSValue_ConvertedCertificateIssueDate" />
		<component name=""   action="click"  value="deviceview.systemstatus.tab" xpathInput="4" />
		<component name=""   action="validatelist" value="JMETEROBJ::CertificateInstallationDate" condition="equals" compareWith="$$DSValue_ConvertedCertificateInstallationDate" valdesc="Compares Certificate Installation Date parameter" valkey="Certificate Installation Date" />		
		<component name=""   action="validatelist" value="JMETEROBJ::CertificateExpirationDate" condition="equals" compareWith="$$DSValue_ConvertedCertificateExpirationDate" valdesc="Compares Certificate Expiration Date parameter" valkey="Certificate Expiration Date" />		
		<component name=""   action="validatelist" value="JMETEROBJ::CertificateIssueDate" condition="equals" compareWith="$$DSValue_ConvertedCertificateIssueDate" valdesc="Compares Certificate Issue Date parameter" valkey="Certificate Issue Date" />		
		<component name=""   action="validatelist" value="JMETEROBJ::CertificateUpdateRequested" condition="equals" compareWith="$$DSValue_CertificateUpdateRequested" valdesc="Compares Certificate Update Requested parameter" valkey="Certificate Update Requested" />		
		<component name=""   action="validatelist" value="JMETEROBJ::CertificateUpdateError" condition="equals" compareWith="$$DSValue_CertificateUpdateError" valdesc="Compares Certificate Update Error parameter" valkey="Certificate Update Error" />		
		<component name=""   action="validatelist" value="JMETEROBJ::BirthCertificateStatus" condition="equals" compareWith="$$DSValue_BirthCertificateStatus" valdesc="Compares Birth Certificate Status parameter" valkey="Birth Certificate Status" />		
		<component name=""   action="validatelist" value="JMETEROBJ::CertificateUpdateMechanism" condition="equals" compareWith="$$DSValue_CertificateUpdateMechanism" valdesc="Compares Certificate Update Mechanism parameter" valkey="Certificate Update Mechanism" />		
	</step>
	
	<step type="JAVA" name="System Battery parameters values from UI" description="Collects System Battery parameters values from UI" severity="Blocker">
		<component name="button"   action="click"  xpath="deviceview.systemstatus.tab" xpathInput="4" />
	`	<component name="timer" value="1" />
		<component name=""   action="extract"  type="table"    xpath="deviceview.systemstatus.table" xpathInput="4" saveTo="systemDetails" isHeaderAvailable="no"/>
		<component name=""   action="rowaction" value="JMETEROBJ::systemDetails" compareWith="Battery Capacity:" columnindex="1,2" dataindex="1" saveTo="BatteryCapacity" tableaction="gettext" elementtype="text" />		
		<component name=""   action="rowaction" value="JMETEROBJ::systemDetails" compareWith="Battery Needs Replacing:" columnindex="1,2" dataindex="1" saveTo="BatteryNeedsReplacing" tableaction="gettext"  elementtype="text" />
		<component name="timer" value="2" />		
	</step>
	<step type="DS" name="System Battery parameters values from DS" description="Collects System Battery parameters values from DS" severity="Blocker">
		<component operation="gpv" name="InternetGatewayDevice.X_CISCO_COM_Battery.Capacity" saveTo="DSValue_BatteryCapacity" />
		<component operation="gpv" name="InternetGatewayDevice.X_CISCO_COM_Battery.NeedReplacement" saveTo="DSValue_BatteryNeedsReplacing" />		
	</step>
	<step type="JAVA" name="Compares values of System Battery" description="Compare values of System Battery" severity="Blocker">		
		<component name=""   action="validatelist" value="JMETEROBJ::BatteryCapacity" condition="equals" compareWith="$$DSValue_BatteryCapacity" valdesc="Compares Battery Capacity parameter" valkey="Battery Capacity" />		
		<component name=""   action="validatelist" value="JMETEROBJ::BatteryNeedsReplacing" condition="equals" compareWith="$$DSValue_BatteryNeedsReplacing" valdesc="Compares Battery Needs Replacing parameter" valkey="Battery Needs Replacing" />		
	</step>
	
	<step type="JAVA" name="System Wifi parameters values from UI" description="Collects System Wifi parameters values from UI" severity="Blocker">
		<component name="button"   action="click"  xpath="deviceview.systemstatus.tab" xpathInput="1" />
	`	<component name="timer" value="1" />
		<component name=""   action="extract"  type="table"    xpath="deviceview.systemstatus.table" xpathInput="1" saveTo="systemDetails" isHeaderAvailable="no"/>
		<component name=""   action="rowaction" value="JMETEROBJ::systemDetails" compareWith="Wifi Channel Selector:" columnindex="1,2" dataindex="1" saveTo="wifichannel" tableaction="gettext" elementtype="text" />
		<component name=""   action="rowaction" value="JMETEROBJ::systemDetails" compareWith="Wifi Channel Selected:" columnindex="1,2" dataindex="1" saveTo="wifichannelselected" tableaction="gettext" elementtype="text" />	
		<component name=""   action="rowaction" value="JMETEROBJ::systemDetails" compareWith="Wifi Max Bit Rate:" columnindex="1,2" dataindex="1" saveTo="wifimaxrate" tableaction="gettext" elementtype="text"/>
		<component name=""   action="rowaction" value="JMETEROBJ::systemDetails" compareWith="Wifi Site Survey Number of APs:" columnindex="1,2" dataindex="1" saveTo="wifesitenumber" tableaction="gettext" elementtype="text" />
	</step>
	<step type="DS" name="System wifi parameters values from DS" description="Collects System Wifi parameters values from DS" severity="Blocker">
		<component operation="gpv" name="InternetGatewayDevice.LANDevice.1.WLANConfiguration.1.Channel" saveTo="DSValue_wifichannel" />
		<component operation="gpv" name="InternetGatewayDevice.LANDevice.1.WLANConfiguration.1.X_CISCO_COM_ChannelSelected" saveTo="DSValue_wifichannelselected"/>
		<component operation="gpv" name="InternetGatewayDevice.LANDevice.1.WLANConfiguration.1.MaxBitRate" saveTo="DSValue_wifimaxrate"/>
		<component operation="gpv" name="InternetGatewayDevice.LANDevice.1.WLANConfiguration.1.X_CISCO_COM_AutoScanSiteSurvey.APNumberOfEntries" saveTo="DSValue_wifesitenumber"/>		
	</step>
	<step type="JAVA" name="Compares values of System Wifi" description="Compare values of System wifi" severity="Blocker">		
		<component name=""   action="validatelist" value="JMETEROBJ::wifichannel" condition="equals" compareWith="$$DSValue_wifichannel" valdesc="Verify Wifi Channel Selector in DS" valkey="Wifi Channel Selector" />		
		<component name=""   action="validatelist" value="JMETEROBJ::wifichannelselected" condition="equals" compareWith="$$DSValue_wifichannelselected" valdesc="Verify Wifi Channel Selected in DS" valkey="Wifi Channel Selected" />		
		<component name=""   action="validatelist" value="JMETEROBJ::wifimaxrate" condition="equals" compareWith="$$DSValue_wifimaxrate" valdesc="Verify Wifi Max Bit Rate in DS" valkey="Wifi Max Bit Rate" />		
		<component name=""   action="validatelist" value="JMETEROBJ::wifesitenumber" condition="equals" compareWith="$$DSValue_wifesitenumber" valdesc="Verify Wifi Site Survey Number of APs in DS" valkey="Wifi Site Survey Number of APs" />		
	</step>
	
	
`	<step type="JAVA" name="System 3G parameters values from UI" description="Collects System 3G parameters values from UI" severity="Blocker">
		<component name="button"   action="click"  xpath="deviceview.systemstatus.tab" xpathInput="3" />
	`	<component name="timer" value="1" />
		<component name=""   action="extract"  type="table"    xpath="deviceview.systemstatus.table" xpathInput="3" saveTo="systemDetails" isHeaderAvailable="no"/>
		
		<component name=""   action="rowaction" value="JMETEROBJ::systemDetails" compareWith="3G Cell EcNo:" columnindex="1,2" dataindex="1" saveTo="3GCellEcNo" tableaction="gettext" elementtype="text" />
		<component name=""   action="rowaction" value="JMETEROBJ::systemDetails" compareWith="3G Cell RSCP:" columnindex="1,2" dataindex="1" saveTo="3GCellRSCP" tableaction="gettext" elementtype="text" />	
		<component name=""   action="rowaction" value="JMETEROBJ::systemDetails" compareWith="3G Cell RSSI:" columnindex="1,2" dataindex="1" saveTo="3GCellRSSI" tableaction="gettext" elementtype="text"/>
		<component name=""   action="rowaction" value="JMETEROBJ::systemDetails" compareWith="3G LAC:" columnindex="1,2" dataindex="1" saveTo="3GLAC" tableaction="gettext" elementtype="text" />
		<component name=""   action="rowaction" value="JMETEROBJ::systemDetails" compareWith="3G Frequency Band:" columnindex="1,2" dataindex="1" saveTo="3GFrequencyBand" tableaction="gettext" elementtype="text" />
		<component name=""   action="rowaction" value="JMETEROBJ::systemDetails" compareWith="3G UARFCN:" columnindex="1,2" dataindex="1" saveTo="3GUARFCN" tableaction="gettext" elementtype="text" />
		<component name=""   action="rowaction" value="JMETEROBJ::systemDetails" compareWith="3G Scrambling Code:" columnindex="1,2" dataindex="1" saveTo="3GScramblingCode" tableaction="gettext" elementtype="text" />
		<component name=""   action="rowaction" value="JMETEROBJ::systemDetails" compareWith="3G Cell ID:" columnindex="1,2" dataindex="1" saveTo="3GCellID" tableaction="gettext" elementtype="text" />
		<component name=""   action="rowaction" value="JMETEROBJ::systemDetails" compareWith="3G Serving Cell:" columnindex="1,2" dataindex="1" saveTo="3GServingCell" tableaction="gettext" elementtype="text" />
		
	</step>
	<step type="DS" name="System 3G parameters values from DS" description="Collects System 3G parameters values from DS" severity="Blocker">
		<component operation="gpv" name="InternetGatewayDevice.X_CISCO_COM_3GClient.PerformanceData.CellEcNo" saveTo="DSValue_3GCellEcNo" />
		<component operation="gpv" name="InternetGatewayDevice.X_CISCO_COM_3GClient.PerformanceData.CellRSCP" saveTo="DSValue_3GCellRSCP" />
		<component operation="gpv" name="InternetGatewayDevice.X_CISCO_COM_3GClient.PerformanceData.Interval.1.CellRSSI" saveTo="DSValue_3GCellRSSI"  />
		<component operation="gpv" name="InternetGatewayDevice.X_CISCO_COM_3GClient.PerformanceData.LAC" saveTo="DSValue_3GLAC"/>
		<component operation="gpv" name="InternetGatewayDevice.X_CISCO_COM_3GClient.PerformanceData.FrequencyBand" saveTo="DSValue_3GFrequencyBand"/>
		<component operation="gpv" name="InternetGatewayDevice.X_CISCO_COM_3GClient.PerformanceData.UARFCN" saveTo="DSValue_3GUARFCN"  />
		<component operation="gpv" name="InternetGatewayDevice.X_CISCO_COM_3GClient.PerformanceData.CellScramblingCode" saveTo="DSValue_3GScramblingCode"  />
		<component operation="gpv" name="InternetGatewayDevice.X_CISCO_COM_3GClient.PerformanceData.CellID" saveTo="DSValue_3GCellID"  />
		<component operation="gpv" name="InternetGatewayDevice.X_CISCO_COM_3GClient.PerformanceData.ServingCell" saveTo="DSValue_3GServingCell"  />
		<component operation="gpv" name="InternetGatewayDevice.ManagementServer.X_CISCO_COM_SystemModeStatus" saveTo="DSValue_SystemModeStatus"  />		
	</step>
	<step type="JAVA" name="Compares values of System 3G" description="Compare values of System 3G" severity="Blocker">		
		<component name=""   action="validatelist" value="JMETEROBJ::3GCellEcNo" condition="equals" compareWith="$$DSValue_3GCellEcNo"  valdesc="Verify 3G Cell EcNo in DS" valkey="3G Cell EcNo"/>		
		<component name=""   action="validatelist" value="JMETEROBJ::3GCellRSCP" condition="equals" compareWith="$$DSValue_3GCellRSCP" valdesc="Verify 3G Cell RSCP in DS" valkey="3G Cell RSCP"/>		
		<component name=""   action="validatelist" value="JMETEROBJ::3GCellRSSI" condition="equals" compareWith="$$DSValue_3GCellRSSI" valdesc="Verify 3G Cell RSSI in DS" valkey="3G Cell RSSI"/>		
		<component name=""   action="validatelist" value="JMETEROBJ::3GLAC" condition="equals" compareWith="$$DSValue_3GLAC"   valdesc="Verify 3G LAC in DS" valkey="3G LAC"/>		
		<component name=""   action="validatelist" value="JMETEROBJ::3GFrequencyBand" condition="equals" compareWith="$$DSValue_3GFrequencyBand"   valdesc="Verify 3G Frequency Band in DS" valkey="3G Frequency Band"/>		
		<component name=""   action="validatelist" value="JMETEROBJ::3GUARFCN" condition="equals" compareWith="$$DSValue_3GUARFCN" valdesc="Verify 3G UARFCN in DS" valkey="3G UARFCN"/>		
		<component name=""   action="validatelist" value="JMETEROBJ::3GScramblingCode" condition="equals" compareWith="$$DSValue_3GScramblingCode" valdesc="Verify 3G Scrambling Code in DS" valkey="3G Scrambling Code"/>		
		<component name=""   action="validatelist" value="JMETEROBJ::3GCellID" condition="equals" compareWith="$$DSValue_3GCellID" valdesc="Verify 3G Cell ID in DS" valkey="3G Cell ID"/>		
		<component name=""   action="validatelist" value="JMETEROBJ::3GServingCell" condition="equals" compareWith="$$DSValue_3GServingCell" valdesc="Verify 3G Serving Cell in DS" valkey="3G Serving Cell"/>		
		<component name=""   action="validatelist" value="JMETEROBJ::SystemModeState" condition="equals" compareWith="$$DSValue_SystemModeStatus" valdesc="Verify System Mode Status in DS" valkey="System Mode Status"/>		
	</step>
	
	
	<step type="DS" name="Change Parameter Value in DS" description="Changes Parameter Value in DS" severity="Blocker" >
		 <component operation="spv" name="InternetGatewayDevice.X_CISCO_COM_Battery.Capacity"  value="100mah"/> 
		 <component name="timer" value="3" />			
	</step>
	
	<step type="JAVA" name="Click Refresh Portlet " description="Clicks Refresh Portlet" severity="Blocker">
		<component name="button" action="click" 	 xpath="deviceview.devicepage.refreshicon"  />
		<component name="timer" value="3" />		
	</step>
	
	<step type="JAVA" name="Compare Updated Value with UI" description="Compares Updated Value with UI" severity="Blocker">
		<component name="button"   action="click"  xpath="deviceview.systemstatus.tab" xpathInput="4" />
	`	<component name="timer" value="1" />
		<component name=""   action="extract"  type="table"    xpath="deviceview.systemstatus.table" xpathInput="4" saveTo="systemDetails" isHeaderAvailable="no"/>
		<component name=""   action="rowaction" value="JMETEROBJ::systemDetails" compareWith="Battery Capacity:" columnindex="1,2" dataindex="1" saveTo="BatteryCapacityUpdated" tableaction="gettext" elementtype="text" />		
		<component name=""   action="validatelist" value="JMETEROBJ::BatteryCapacityUpdated" condition="equals" compareWith="100mah" valdesc="Compares Updated Battery Capacity parameter" valkey="Battery Capacity" />	
		
	</step>
	
	

</steps>