<steps>
	<step type="START-DS" name="Start DS" description="Performs - START-DS " severity="Blocker">
		<parameter name="DEVICE_ID" value="dev-test-1" />
		<parameter name="ACS_IP" value="props::ACS_IP" />
		<parameter name="DEVICE_DATA_MODEL_NAME" value="props::DEVICE_DATA_MODEL_NAME" />
	</step>
	<step type="JAVA" name="Login" description="PrimeHome Login" severity="Blocker">
		<component name="textbox"  action="entervalue" xpath="login.username" value="props::PH_LOGIN_USERNAME"/>
		<component name="textbox"  action="entervalue" xpath="login.password" value="props::PH_LOGIN_PASSWORD" />
		<component name="button" action="click" 	 xpath="login.submit"  />
	</step>	
	<step type="JAVA" name="Click Dashboard Tab" description="Click Dashboard Tab" severity="Blocker">
		<component name="link"   action="click"      xpath="tab.dashboard" />
	</step>
	<step type="JAVA" name="Click Search Devices SideMenu" description="Click Search Devices SideMenu" severity="Blocker">
		<component name="link"   action="click"      xpath="sidemenu.dashboard.searchdevices" />
	</step>
	<step type="JAVA" name="Navigate to device" description="Navigate to device" severity="Blocker">
		<parameter name="SerialNumber" value="'Serial Number'='dev-test-1'" />	
		<component name="textbox"  action="entervalue" xpath="operations.devicemanagement.query" value="$$SerialNumber"/>
		<component name="button"  action="click" xpath="operations.devicemanagement.query.find" />
		<component name="timer" value="2" />
		<component name="button"  action="click" xpath="dashboard.searchdevices.quicksearch.device" xpathInput="$$DEVICE_ID"/>
		<component name="timer" value="15" />
	</step>
	<step type="JAVA" name="Check Device Status" description="Device View Portlet" severity="Blocker">
		<component name=""  action="save" xpath="deviceview.device.status" saveTo="deviceOnline" attrName="class" compareWith="dvCircle circle-green" valdesc="Device View Portlet : Device Online" valkey="Device Status"/>		
		<component name="timer" value="3" />
	</step>	
	<step type="JAVA" name="Click LAN Hosts SideMenu" description="Click LAN Hosts SideMenu" severity="Blocker">
		<component name="link"   action="click"      xpath="sidemenu.deviceview.lansettings" />
		<component name="timer" value="3" />
	</step>
	
	<step type="JAVA" name="Collect LAN Settings Parameters " description="Collects LAN Settings Parameters" severity="Blocker">
		<component name="timer" value="3" />
		<component name=""   action="extract" type="string"  xpath="deviceview.devicepage.lansettings.ip.address" saveTo="lanipaddress" />
		<component name=""   action="extract" type="string"  xpath="deviceview.devicepage.lansettings.subnetmask" saveTo="lansubnetmask" />
		
		<component name=""   action="extract" type="string"  xpath="deviceview.devicepage.lansettings.dhcp.enabled" attrName="class" saveTo="landhcpenabled" />

		<if value1="$$landhcpenabled" value2="status_enable" condition="contains">				
				<parameter name="landhcpenabledstatus" value="1" />
		</if>
		<if value1="$$landhcpenabled" value2="status_disable" condition="contains">				
				<parameter name="landhcpenabledstatus" value="0" />
		</if>
		<component name=""   action="extract" type="string"  xpath="deviceview.devicepage.lansettings.dhcp.macaddress" saveTo="landhcpmacaddress" />
		<component name=""   action="extract" type="string"  xpath="deviceview.devicepage.lansettings.dhcp.startingaddress" saveTo="lanstartingaddress" />
		<component name=""   action="extract" type="string"  xpath="deviceview.devicepage.lansettings.dhcp.endingaddress" saveTo="lanendingaddress" />
		<component name=""   action="extract" type="string"  xpath="deviceview.devicepage.lansettings.dhcp.subnetmask" saveTo="lansubnetmask" />
		<component name=""   action="extract" type="string"  xpath="deviceview.devicepage.lansettings.dhcp.leasetime" saveTo="lanleasetime" />
		<component name=""   action="extract" type="string"  xpath="deviceview.devicepage.lansettings.dhcp.domainame" saveTo="landomainname" />
		
		
	</step>
	<step type="DS" name="Extract parameters values from DS" description="Collects parameters values from DS" severity="Blocker">
		<component operation="gpv" name="InternetGatewayDevice.LANDevice.1.LANHostConfigManagement.IPInterface.1.IPInterfaceIPAddress" saveTo="DSValue_lanipaddress"/>
		<component operation="gpv" name="InternetGatewayDevice.LANDevice.1.LANHostConfigManagement.IPInterface.1.IPInterfaceSubnetMask" saveTo="DSValue_lansubnetmask"/>
		
		<component operation="gpv" name="InternetGatewayDevice.LANDevice.1.LANHostConfigManagement.DHCPServerEnable" saveTo="DSValue_landhcpenabled"/>
		<component operation="gpv" name="InternetGatewayDevice.LANDevice.1.LANHostConfigManagement.MACAddress" saveTo="DSValue_landhcpmacaddress" />		
		<component operation="gpv" name="InternetGatewayDevice.LANDevice.1.LANHostConfigManagement.MaxAddress" saveTo="DSValue_lanmaxaddress"/>									
		<component operation="gpv" name="InternetGatewayDevice.LANDevice.1.LANHostConfigManagement.MinAddress" saveTo="DSValue_lanminaddress"/>									
		<component operation="gpv" name="InternetGatewayDevice.LANDevice.1.LANHostConfigManagement.SubnetMask" saveTo="DSValue_lansubnetmask"/>									
		<component operation="gpv" name="InternetGatewayDevice.LANDevice.1.LANHostConfigManagement.DHCPLeaseTime" saveTo="DSValue_landhcpleasetime"/>
		<component operation="gpv" name="InternetGatewayDevice.LANDevice.1.LANHostConfigManagement.DomainName" saveTo="DSValue_landomainname"/>									
				
	</step>
	<step type="JAVA" name="Compares values" description="Compare values" severity="Blocker">	
		
		<component name=""   action="validatevalues"  compareWith="$$DSValue_lanipaddress" value="$$lanipaddress" valdesc="Compares LAN IP Address " valkey="LAN IP Address" />
		<component name=""   action="validatevalues" compareWith="$$DSValue_lansubnetmask" value="$$lansubnetmask" valdesc="Compares LAN Subnet Mask"  valkey="LAN Subnet Mask"/>		
		
		<component name=""   action="validatevalues" compareWith="$$DSValue_landhcpenabled" value="$$landhcpenabledstatus" valdesc="Compares DHCP Enabled " valkey="DHCP Enabled" />			
		<component name=""   action="validatevalues" compareWith="$$DSValue_landhcpmacaddress" value="$$landhcpmacaddress" valdesc="Compares MAC Address " valkey="MAC Address" />	
		<component name=""   action="validatevalues" compareWith="$$DSValue_lanminaddress" value="$$lanstartingaddress" valdesc="Compares Starting address " valkey="Starting address" />	
		<component name=""   action="validatevalues" compareWith="$$DSValue_lansubnetmask" value="$$lansubnetmask" valdesc="Compares DHCP Subnet mask " valkey="DHCP Subnet Mask" />	
		<component name=""   action="validatevalues" compareWith="$$DSValue_landhcpleasetime" value="$$lanleasetime" valdesc="Compares Lease Time " valkey="Lease Time" />	
		<component name=""   action="validatevalues" compareWith="$$DSValue_landomainname" value="$$landomainname" valdesc="Compares Domain Name " valkey="Domain Name" />	
	</step>
	
	
	<step type="DS" name="Change Parameter Value in DS" description="Changes Parameter Value in DS" severity="Blocker" >
		 <component operation="spv" name="InternetGatewayDevice.LANDevice.1.LANHostConfigManagement.DHCPLeaseTime"  value="121212"/> 
		 <component name="timer" value="3" />			
	</step>
	
	<step type="JAVA" name="Click Refresh Portlet " description="Clicks Refresh Portlet" severity="Blocker">
		<component name="button" action="click" 	 xpath="deviceview.devicepage.refreshicon"  />
		<component name="timer" value="3" />		
	</step>
	
	<step type="JAVA" name="Compare Updated Value" description="Compares Updated Value" severity="Blocker">
		<component name=""   action="extract" type="string"  xpath="deviceview.devicepage.lansettings.dhcp.leasetime" saveTo="updatedLeaseTime" />
		<component name=""   action="validatevalues" compareWith="121212" value="$$updatedLeaseTime" valdesc="Compares Updated Lease Time " valkey="Updated Lease Time" />	
	</step>
	
</steps>