<steps name="Verify PH" description="Verify PH" severity="Blocker">	
	<!-- Login  -->	
	<step type="JAVA" name="Login" description="Performs - Login" severity="Blocker">
		<component name="textbox"  action="entervalue" xpath="login.username" value="props::PH_LOGIN_USERNAME"/>
		<component name="textbox"  action="entervalue" xpath="login.password" value="props::PH_LOGIN_PASSWORD" />
		<component name="button" action="click" 	 xpath="login.submit"  />
	</step>		
	<!-- Logout -->	
	<step type="JAVA" name="Logout" description="Performs - Logout" severity="Blocker">
		<component name="button"  action="click"  xpath="dockbar.user.dropdown" />
		<component name="button"  action="click"  xpath="dockbar.user.dropdown.select.logout" />
	</step>	
</steps>
