<steps>
	<step>
		<component name="textbox"  action="entervalue" xpath="advancedsearch.textbox" value="$$DEVICE_ID"/>
		<component name="button"  action="click" xpath="advancedsearch.findbutton" />
		<component name="timer" value="6" />		
		<component name="button"    action="click" xpath="operations.deviceview.tags.add.link" />
		<component name="button" action="click" xpath="operations.batch.create.exclude.select" xpathInput="$$TagName-1"/>
		<component name="button" action="click" xpath="operations.batch.create.exclude.select" xpathInput="$$TagName-2"/>	
		<!-- <component name="button" action="click" xpath="operations.batch.create.exclude.select" xpathInput="$$TagName-3"/>			 -->
		<component name="button" action="click" xpath="operations.batch.create.exclude.moveright" />
		<component name="button" action="click" xpath="operations.deviceview.tag.add.apply" />
		<component name="timer" value="1" />
	
	
		<!-- notifiation-->
		<component name="timer" value="2" />
		<if value1="$$Notification" value2="pass" condition="equals">
			<component name="notification" action="validate" xpath="notification.message" compareWith="Device Tags:Operation completed successfully" valdesc="Add Tag to Device" valkey="Add Tag"/>		
		</if>
		
		<if value1="$$Notification" value2="fail" condition="equals">
			<component name="notification" action="validate" xpath="notification.message" condition="contains" compareWith="already exists" valdesc="Check Tag already added" valkey="Add Tag "/>		
		</if>
		<component name="timer" value="2" />
		
		
	</step>
</steps>

