<steps>
	<step>
		<!-- search for a device in advance search -->
		<component name="textbox"  action="entervalue" xpath="operations.devicemanagement.query" value="$$SerialNumber"/>
		<component name="button"  action="click" xpath="operations.devicemanagement.query.find" />
		<component name="timer" value="2" />
		<component name="checkbox"  action="enable" xpath="operations.devicemanagement.checkAll.device.icon" />
		<!-- add tag to device -->
		<component name="button"  action="click" xpath="operations.devicemanagement.add.tag.icon" />
		
		<component name="button" action="click" xpath="operations.batch.create.exclude.select" xpathInput="$$TagName"/>
		<component name="button" action="click" xpath="operations.batch.create.exclude.moveright" />
		<component name="button" action="click" xpath="operations.devicemanagement.tag.add.apply" />
		<component name="timer" value="1" />
		
		
			<!-- notifiation-->
		<component name="timer" value="2" />
		<if value1="$$Notification" value2="pass" condition="equals">
			<component name="notification" action="validate" xpath="notification.message" compareWith="Search Devices: Operation completed successfully" valdesc="Add Tag to Device" valkey="Add Tag"/>		
		</if>
		
		<if value1="$$Notification" value2="fail" condition="equals">
			<component name="notification" action="validate" xpath="notification.message" condition="contains" compareWith="already exists" valdesc="Check Tag already added" valkey="Notification "/>		
		</if>
		<component name="timer" value="2" />
		
		
	</step>
</steps>
		