<steps>
	<step>
		<!--  click add tag icon-->
		<component name="button"   action="click"      xpath="operations.tags.settings.icon" />
		<component name="button"   action="click"      xpath="operations.tags.add.icon" />
		
		<if value1="$$Color" value2="true" condition="equals">
		
		<!--  enter tag name-->
			<component name="textbox"  action="entervalue" xpath="operations.tags.create.name" value="$$TagName" />
			<component name="select"   action="entervalue" xpath="operations.tags.category" type="custom" value="$$Category" />
			<component name="select"   action="entervalue" xpath="operations.tags.visibility" type="custom" value="$$Visibility" />
		<!-- color picker -->
			<component name="button"   action="click"      xpath="operations.tags.color.icon" />
			<component name="timer" value="1" />
			
			<component name="button"   action="click"      xpath="operations.tags.color.picker.select" />				
		</if>		
		
		<if value1="$$Color" value2="false" condition="equals">
		<!--  enter tag name-->
			<component name="textbox"  action="entervalue" xpath="operations.tags.create.name" value="$$TagName" />
			<component name="select"   action="entervalue" xpath="operations.tags.category" type="custom" value="$$Category" />
			<component name="select"   action="entervalue" xpath="operations.tags.visibility" type="custom" value="$$Visibility" />		
		</if>
		<!-- save tag -->
		<component name="button" action="click"      xpath="operations.tags.ok.icon" />
		
		
		<!-- notifiation-->
		<component name="timer" value="2" />
		<if value1="$$Notification" value2="pass" condition="equals">
			<component name="notification" action="validate" xpath="notification.message" compareWith="Tags: Operation completed successfully"  valdesc="New Tag Creation " valkey="Tag Creation"/>		
		</if>
		
		<if value1="$$Notification" value2="fail" condition="equals">
			<component name="notification" action="validate" xpath="notification.message" condition="contains" compareWith="already exists" valdesc="Check Tag already added" valkey="Tag Already Exist"/>		
		</if>
		<component name="timer" value="2" />
	</step>
</steps>