<steps>
	<step>
		<if value1="$$DeviceAssoc" value2="true" condition="equals">
			<component name="timer" value="1" />
			<component name=""   action="extract" xpath="operations.tags.table"  saveTo="operationsTableTagData" type="table" />
			<component name=""   action="rowaction" value="JMETEROBJ::operationsTableTagData" compareWith="$$TagName"  columnindex="2,11" dataindex="2" tableaction="click" elementtype="text"/>
			<component name="timer" value="1" />
			<component name="checkbox" xpath="operations.tags.delete.checkbox" action="enable" />
			<component name="button" action="click"      xpath="operations.tags.delete.icon" />		
		</if>
		<if value1="$$DeviceAssoc" value2="false" condition="equals">
			<component name="timer" value="1" />
			<component name=""   action="extract" xpath="operations.tags.table"  saveTo="operationsTableTagData" type="table" />
			<component name=""   action="rowaction" value="JMETEROBJ::operationsTableTagData" compareWith="$$TagName"  columnindex="2,11" dataindex="2" tableaction="click" elementtype="text"/>
			<component name="timer" value="1" />		
			<component name="button" action="click"      xpath="operations.tags.delete.icon" />		
		</if>
			<!-- notification-->
		<component name="timer" value="2" />
		<if value1="$$Notification" value2="pass" condition="equals">
			<component name="notification" action="validate" xpath="notification.message" compareWith="Tags: Operation completed successfully" valdesc="Delete Tag" valkey="Delete Tag"/>		
		</if>
		
		<if value1="$$Notification" value2="fail" condition="equals">
			<component name="notification" action="validate" xpath="notification.message" condition="contains" compareWith="already exists" valdesc="Check Tag already deleted" valkey="Delete Tag "/>		
		</if>
		<component name="timer" value="2" />
	</step>
</steps>