<steps>
	<step>
		<component name="textbox"  action="entervalue" xpath="advancedsearch.textbox" value="$$DEVICE_ID"/>
		<component name="button"  action="click" xpath="advancedsearch.findbutton" />
		<component name="timer" value="6" />		
		<component name="button"    action="click" xpath="operations.deviceview.tags.add.link" />
		<component name="button" action="click" xpath="operations.deviceview.remove.select" xpathInput="$$TagName-1"/>
<!-- 		<component name="button" action="click" xpath="operations.deviceview.remove.select" xpathInput="$$TagName-2"/>	 -->	
		<component name="button" action="click" xpath="operations.deviceview.remove.move.left" />
		<component name="button" action="click" xpath="operations.deviceview.tag.add.apply" />
		<component name="timer" value="1" />
	
	
		<!-- notifiation-->
		<component name="timer" value="2" />
		<if value1="$$Notification" value2="pass" condition="equals">
			<component name="notification" action="validate" xpath="notification.message" compareWith="Device Tags:Operation completed successfully" valdesc="Remove Tag from Device" valkey="Remove Tag"/>		
		</if>
		
		<if value1="$$Notification" value2="fail" condition="equals">
			<component name="notification" action="validate" xpath="notification.message" condition="contains" compareWith="already exists" valdesc="Check Tag already removed" valkey="Tag Already Exist "/>		
		</if>
		<component name="timer" value="2" />
	</step>
</steps>

