<steps>
	<step>
		<component name="textbox"  action="entervalue" xpath="operations.devicemanagement.query" value="$$SerialNumber"/>
		<component name="button"  action="click" xpath="operations.devicemanagement.query.find" />
		<component name="timer" value="2" />
		<component name="checkbox"  action="enable" xpath="operations.devicemanagement.query.checkall" />
		<component name="timer" value="2" />
		<component name="button"  action="click" xpath="operations.devicemanagement.add.tag.icon" />
		<component name="button"  action="click" xpath="operations.devicemanagement.tag.remove.action.select" xpathInput="0"/>
		<component name="button" action="click" xpath="operations.devicemanagement.tag.remove.select" xpathInput="$$TagName"/>
		<component name="button" action="click" xpath="operations.devicemanagement.remove.right" />
		<component name="button" action="click" xpath="operations.devicemanagement.remove.apply" />
		<component name="timer" value="1" />
		
		<!-- notifiation-->
		<component name="timer" value="2" />
		<if value1="$$Notification" value2="pass" condition="equals">
			<component name="notification" action="validate" xpath="notification.message" compareWith="Search Devices: Operation completed successfully" valdesc="Remove Tag from Device" valkey="Remove Tag"/>		
		</if>
		
		<if value1="$$Notification" value2="fail" condition="equals">
			<component name="notification" action="validate" xpath="notification.message" condition="contains" compareWith="already exists" valdesc="Check Tag already removed" valkey="Tag Already Exist "/>		
		</if>
		<component name="timer" value="2" />
	</step>
</steps>