<steps>
	<step>
	<!-- click add dynamic group icon -->
	<component name="button"   action="click"  xpath="operations.devicemanagement.dynamicgroup.create" />
	
	<!-- Enter  Dynamic Group Name and Description-->
	
	<component name="textbox"  action="entervalue" xpath="operations.devicemanagement.staticgroup.add.name" value="$$dynamicGroupName" />
	<component name="textbox"  action="entervalue" xpath="operations.devicemanagement.staticgroup.add.description" value="$$dynamicGroupDesc" />
	
	 <!-- save group -->
		<component name="button" action="click"   xpath="operations.devicemanagement.staticgroup.apply-btn" />
		<component name="timer" value="2" />
		
	<!-- notifiation -->
		<if value1="$$Notification" value2="pass" condition="equals">
			<component name="notification" action="validate" xpath="notification.message" compareWith="Search Devices : group saved successfully"  valdesc="New Dynamic Group Creation " valkey="Dynamic Group Creation"/>		
		</if>
		
		<if value1="$$Notification" value2="fail" condition="equals">
			<component name="notification" action="validate" xpath="notification.message" condition="contains" compareWith="already a group with that name" valdesc="Check Dynamic Groupalready added" valkey="Dynamic Group Already Exist"/>		
		</if>
	</step>	
	
</steps>