<steps>
	<step>
	<!-- click add static group icon -->
	<component name="button"   action="click"  xpath="operations.devicemanagement.staticgroup.create" />
	
	<!-- Enter  Static Group Name and Description-->
	<component name="textbox"  action="entervalue" xpath="operations.devicemanagement.staticgroup.add.name" value="$$staticGroupName" />
	<component name="textbox"  action="entervalue" xpath="operations.devicemanagement.staticgroup.add.description" value="$$staticGroupDesc" />
	
	 <!-- save group -->
		<component name="button" action="click"   xpath="operations.devicemanagement.staticgroup.apply-btn" />
		<component name="timer" value="2" />
		<if value1="$$Notification" value2="pass" condition="equals">
			<component name="notification" action="validate" xpath="notification.message" compareWith="Search Devices : group saved successfully"  valdesc="New Static Group Creation " valkey="Static Group Creation"/>		
		</if>
		
		<if value1="$$Notification" value2="fail" condition="equals">
			<component name="notification" action="validate" xpath="notification.message" condition="contains" compareWith="already a group with that name" valdesc="Check Static Groupalready added" valkey="Static Group Already Exist"/>		
		</if>
	</step>	
	
</steps>