<steps>
	<step>
		<!--  click add group icon-->
		<component name="button" action="click"      xpath="operations.group.add.icon" />
		
		<!--  enter groups name and description-->
		<component name="textbox"  action="entervalue" xpath="operations.group.add.name" value="$$groupName" />
		<component name="textbox"  action="entervalue" xpath="operations.group.add.description" value="$$groupDesc" />
			
		<!-- select groups category -->
		<component name="button" action="click"      xpath="operations.group.add.criterion.icon" />
		<component name="select"   action="entervalue" xpath="operations.group.add.criterion.type" type="regular" value="Device Parameters" />
		<component name="select"   action="entervalue" xpath="operations.group.add.criterion.parameter" type="regular" value="Serial Number" />
		<component name="select"   action="entervalue" xpath="operations.group.add.criterion.match" type="regular" value="equals" />
		<component name="textbox"  action="entervalue" xpath="operations.group.add.criterion.value" 	  value="$$DEVICE_ID" />

		<!-- save group -->
		<component name="button" action="click"   xpath="operations.group.add.criterion.saveclose" />
		<component name="button" action="click"   xpath="operations.group.add.criterion.save" />
		
		<!-- notifiation-->
		<component name="timer" value="2" />
		<if value1="$$Notification" value2="pass" condition="equals">
			<component name="notification" action="validate" xpath="notification.message" compareWith="Group saved"  valdesc="Create Group" valkey="Create Group"/>		
		</if>
		<if value1="$$Notification" value2="fail" condition="equals">
			<component name="notification" action="validate" xpath="notification.message" condition="contains" compareWith="already exists" valdesc="Check Group already Exist" valkey="Group Already Exist"/> 
		</if>
	</step>
</steps>