<steps>
	<step>
		<!--  click add group icon-->
		<component name="textbox" action="entervalue"      xpath="operaions.group.search.group.inputbox" value ="$$groupName" />
		
		<component name="timer" value="4" />

		<!--  enter groups name and description-->
		<component name="button"  action="click" xpath="operaions.group.select.group.delete.icon" xpathInput="$$groupName" />
		<component name="timer" value="2" />

		<component name="button"  action="click" xpath="operaions.group.select.group.delete.confirm"/>
		<component name="timer" value="2" />
		<parameter name="Notification" value="pass" />
			<if value1="$$Notification" value2="pass" condition="equals">
				<component name="notification" action="validate" xpath="notification.message" compareWith="Deleted successfully" valdesc="Group deletion" valkey="Group deletion"/>		
			</if>
			<if value1="$$Notification" value2="fail" condition="equals">
			<component name="notification" action="validate" xpath="notification.message" condition="contains" compareWith="already removed" valdesc="Check Group already removed" valkey="Group Already Removed"/> 
			</if>
	</step>
</steps>