<steps>
	<step>
		<component name="link" action="click"  xpath="operations.devicemanagement.tablist.groups" />
		<component name="dropdown" action="dropdownselect" xpath="operations.devicemanagement.tablist.availability.groups" xpathInput="$$groupName" value="Delete Group"/>
		<component name="timer" value="1" />

		<component name="button"  action="click" xpath="popup.message.ok"/>
		<component name="timer" value="2" />
		<component name="notification" action="validate" xpath="notification.message" compareWith="Deleted successfully"/>
		<!-- notifiation -->
		<if value1="$$Notification" value2="pass" condition="equals">
			<component name="notification" action="validate" xpath="notification.message" compareWith="Deleted successfully"  valdesc="Delete Group" valkey="Delete Group"/>		
		</if>
		<if value1="$$Notification" value2="fail" condition="equals">
			<component name="notification" action="validate" xpath="notification.message" condition="contains" compareWith="already removed" valdesc="Group already removed" valkey="Group Already Removed"/> 
		</if>
	</step>
</steps>