<steps>
	<step>
		<component name="checkbox"  action="disable" xpath="system.customizationmanagement.groups.checkboxselected" xpathInput = "$$groupName" />
		<component name="timer" value="2" />
		<component name="button" action="click"   xpath="system.customizationmanagement.groups.apply-btn" />
		<component name="timer" value="2" />
		<!-- notifiation -->
			<if value1="$$Notification" value2="pass" condition="equals">
				<component name="notification" action="validate" xpath="notification.message" compareWith="Customization Management : Operation completed successfully" valdesc="Check Enable Mode" valkey="Enable Mode Selection"/>		
			</if>
	</step>
</steps>