<steps>
	<step>
		<!--  Search created group-->
		<component name="textbox" action="entervalue" xpath="operaions.group.search.group.inputbox" value ="$$groupName" />
		<component name="timer" value="4" />
		<!--  enter groups name and description-->
		<component name="button"  action="click" xpath="operaions.group.select.group.edit" xpathInput="$$groupName" />
		<component name="timer" value="4" />
			
		<!-- select groups category Please set explicitly whether deviceParams criteria is required or not.-->
		<!-- If device params true add criteria for device params -->
		<if value1="$$deviceParams" value2="true" condition="equals">
			<component name="button" action="click"      xpath="operations.group.add.criterion.icon" />
			<component name="select"   action="entervalue" xpath="operations.group.add.criterion.type" type="regular" value="Device Parameters" />
			<component name="select"   action="entervalue" xpath="operations.group.add.criterion.parameter" type="regular" value="Serial Number" />
			<component name="select"   action="entervalue" xpath="operations.group.add.criterion.match" type="regular" value="equals" />
			<component name="textbox"  action="entervalue" xpath="operations.group.add.criterion.value" value="$$DEVICE_TO_ASS" />			
		</if>
		<!-- If tags true add criteria for tags -->
		<if value1="$$tags" value2="true" condition="equals">
			<component name="button" action="click"      xpath="operations.group.add.criterion.icon" />
			<component name="select"   action="entervalue" xpath="operations.group.add.criterion.type" type="regular" value="Tags" />			
			<component name="select"   action="entervalue" xpath="operations.group.add.criterion.match" type="regular" value="equals" />
			<!-- Add tag -->
			<component name="button" action="click" xpath="operations.batch.create.exclude.select" xpathInput="$$tagName"/>
			<component name="button" action="click" xpath="operations.batch.create.exclude.moveright" />
			<component name="timer" value="1" />
		</if>
		<!-- save group -->
		<component name="button" action="click"   xpath="operations.group.add.criterion.saveclose" />
		<component name="button" action="click"   xpath="operations.group.add.criterion.save" />
		
		<!-- notifiation-->
		<component name="timer" value="2" />
	<if value1="$$Notification" value2="pass" condition="equals">
			<component name="notification" action="validate" xpath="notification.message" compareWith="Group saved"  valdesc="New Group With Criteria" valkey="Group Criteria"/>		
		</if>
		
		<if value1="$$Notification" value2="fail" condition="equals">
			<component name="notification" action="validate" xpath="notification.message" condition="contains" compareWith="there is already a group with that name" valdesc="Check Group already added" valkey="Group Already Exist"/>		
		</if>
	</step>
</steps>