<steps>
	<step>
	<!-- click edit static group icon -->
	<component name="link" action="click"  xpath="operations.devicemanagement.tablist.groups" />
	<component name="timer" value="2" />
	<component name="dropdown" action="dropdownselect" xpath="operations.devicemanagement.tablist.availability.groups" xpathInput="$$targetGroupName" value="Edit Details"/>
	
	<!-- Enter  Static Group Name and Description-->
	<component name="textbox"  action="entervalue" xpath="operations.devicemanagement.staticgroup.add.name" value="$$staticGroupName" />
	<component name="textbox"  action="entervalue" xpath="operations.devicemanagement.staticgroup.add.description" value="$$staticGroupDesc" />
	
	 <!-- save group -->
		<component name="button" action="click"   xpath="operations.devicemanagement.staticgroup.apply-btn" />
		
	<!-- notifiation -->
		<component name="timer" value="2" />
		<if value1="$$Notification" value2="pass" condition="equals">
			<component name="notification" action="validate" xpath="notification.message" compareWith="Group saved"  valdesc="edit Group" valkey="edit Group"/>		
		</if>
		<if value1="$$Notification" value2="fail" condition="equals">
			<component name="notification" action="validate" xpath="notification.message" condition="contains" compareWith="already exists" valdesc="Check Group already Exist" valkey="Group Already Exist"/> 
		</if>
	</step>	
</steps>


