<steps>
	<step>
	
		
		<!--  Search and find config set-->
		
		
		<component name="button" action="click" xpath="operations.configurationsets.clear.button" />
		<component name="timer" value="2" />
		<component name="textbox"  action="entervalue" xpath="operations.configurationsets.name.search" value="$$configName" />
		<component name="button" action="click"      xpath="operations.configurationsets.find.button" />
		
		<!--  Click actual searched-->
		<component name="button" action="click"      xpath="operations.configurationsets.click.searched" xpathInput="$$configName"/>
		<!--  Save unique ID of the confset-->
		<component name="" action="save"      xpath="operations.configurationsets.click.searched.getname" saveTo="ITEMID" attrName="itemid"/>
		<!--  Click operations icon-->
		<component name="button" action="click"      xpath="operations.configurationsets.getname.arrow" xpathInput="$$ITEMID"/>
		
		<!--  Click Activate menu-->
		<component name="button" action="click"      xpath="operations.configuration_set.activate.xpath" xpathInput="$$ITEMID"/>
		
		<!-- Confirm Operation -->
		<component name="button" action="click"      xpath="operations.configuration_set.action.confirm.xpath" />
		<component name="timer" value="2" />
		<component name="notification" action="validate" xpath="notification.message" compareWith="Configuration Sets: Operation completed successfully" valdesc="Activate Configuration Set" valkey="Configuration Set Activation "/>
		<component name="timer" value="1" />
		
	</step>
</steps>