<steps>
	<step>
	<!-- Click Add Associate Group -->
	<component name="button" action="click" xpath="operations.configurationsets.addnew.groupassoc"/>
	<!-- enter associate group -->
	<component name="textbox" action="entervalue" xpath ="operations.configurationsets.addnew.groupassoc.groupname" value="$$groupName" />
	<component name="button" action="click" xpath="operations.configurationsets.addnew.groupassoc.attribute.role" xpathInput="$$groupName"/>
	<!-- Click Update Button -->
	<component name="button" action="click" xpath="operations.configurationsets.addnew.groupassoc.okbutton"/>
	</step>
	<!-- notifiation-->
		<component name="timer" value="2" />
		<component name="notification" action="validate" xpath="notification.message" compareWith="Configuration Sets: Operation completed successfully"/>
</steps>