<steps>
	<step>
	<!--  Search and find config set-->
		<component name="textbox"  action="entervalue" xpath="operations.configurationsets.name.search" value="$$configName" />
		<component name="button" action="click"      xpath="operations.configurationsets.find.button" />
		
		<component name="button" action="click"      xpath="operations.configurationsets.configname.select" xpathInput="$$configName"/>
		
		<!--  click configuration tab -->
		<component name="button" action="click"      xpath="operations.configurationsets.addnew.tab" xpathInput="1"/>
		
		<if value1="$$overrideConfiguration" value2="true" condition="not-equals">
			<!--  click config settings icon -->
			<component name="button" action="click"      xpath="operations.configurationsets.addnew.tab.configuration.settings.icon"/>
			<component name="button" action="click"      xpath="operations.configurationsets.addnew.tab.configuration.addnew" />

			<component name="select"   action="entervalue" xpath="operations.configurationsets.addnew.tab.configuration.parameter" type="autocomplete" value="$$parameterName" />
			<component name="textbox"   action="entervalue" xpath="operations.configurationsets.addnew.tab.configuration.value" value="$$parameterValue" />	
			<component name="select" action="entervalue" xpath="operations.configurationsets.addnew.tab.configuration.select.status" type="custom" value="$$parameterStatus" />
		</if>
		
		<if value1="$$overrideConfiguration" value2="true" condition="equals">
			<component name="button" action="click"      xpath="operations.configurationsets.addnew.tab.configuration.override" xpathInput="$$parameterName"/>
			<component name="textbox"   action="entervalue" xpath="operations.configurationsets.addnew.tab.configuration.value" value="$$parameterValue" />	
			<component name="select" action="entervalue" xpath="operations.configurationsets.addnew.tab.configuration.override.status" type="custom" value="$$parameterStatus" />
		</if>
		
		<!-- save configuration category -->
		<component name="button" action="click"      xpath="operations.configurationsets.addnew.tab.configuration.okbutton" />
		<!-- save configuration set -->
		<component name="button" action="click"      xpath="operations.configurationsets.addnew.save" />
		
		<!-- notifiation-->
		<component name="timer" value="2" />
		<component name="notification" action="validate" xpath="notification.message" compareWith="Configuration Sets: Operation completed successfully"/>
	</step>
</steps>

