<steps>
	<step>
		<component name="textbox"  action="entervalue" xpath="operations.configurationsets.name.search" value="$$configName" />
		<component name="button" action="click"      xpath="operations.configurationsets.find.button" />		
		<component name="button" action="click"      xpath="operations.configurationsets.configname.select" xpathInput="$$configName"/>
		
		<!--  click add group icon -->
		<component name="button" action="click"      xpath="operations.configurationsets.addnew.groupassoc" />

		<!-- select group name -->
		<component name="select"      action="entervalue" xpath="operations.configurationsets.addnew.groupassoc.groupname" type="autocomplete" value="$$groupName" />
		
		<!-- save group association -->
		<component name="button" action="click"      xpath="operations.configurationsets.addnew.groupassoc.okbutton" />		
	</step>
</steps>