<steps>
	<step>
	
		<!--  Search and find config set-->
		
		<component name="button" action="click" xpath="operations.configurationsets.clear.button" />
		<component name="timer" value="2" />
		<component name="textbox"  action="entervalue" xpath="operations.configurationsets.name.search" value="$$configName" />
		<component name="button" action="click"	xpath="operations.configurationsets.find.button" />
		
		<!--  Click Actual Searched Item-->
		<component name="button" action="click" xpath="operations.configurationsets.click.searched" xpathInput="$$configName"/>
		
		<!--  get and compare status by class name-->
		<component name="" action="save" xpath="operations.configurationsets.click.searched.getstatus" saveTo="StatusToCheck" attrName="class" compareWith="$$statusCheck"/>
		
		
	</step>
</steps>