<steps>
	<step>
	<!--  Search and find config set-->
		<component name="textbox"  action="entervalue" xpath="operations.configurationsets.name.search" value="$$configName" />
		<component name="button" action="click"      xpath="operations.configurationsets.find.button" />
		
		<component name="button" action="click"      xpath="operations.configurationsets.configname.select" xpathInput="$$configName"/>
		<component name="timer" value="1" />
		<!--  click configuration tab -->
		<component name="button" action="click"      xpath="operations.configurationsets.addnew.tab" xpathInput="3"/>
		<component name="timer" value="2" />
		<!--  click config settings icon -->
		<component name="button" action="click"      xpath="operations.configurationsets.addnew.tab.filemanagement.settings.icon"/>
		<component name="button" action="click"      xpath="operations.configurationsets.addnew.tab.filemanagement.addnew" />
		
			
		<!-- select groups category -->
		<component name="select" action="entervalue" xpath="operations.configurationsets.addnew.tab.filemanagement.select.filetype" type="custom" value="$$fileType" />
		<component name="select" action="entervalue" xpath="operations.configurationsets.addnew.tab.filemanagement.select.filename" type="custom" value="$$fileName" />
		<if value1="$$minversupport" value2="yes" condition="equals">
		<component name="textbox" action="entervalue" xpath="operations.configurationsets.filemanagement.minversion"  value="$$minversion" />
		</if>
		<component name="select" action="entervalue" xpath="operations.configurationsets.addnew.tab.filemanagement.select.status" type="custom" value="$$fileStatus" />

		<!-- save configuration category -->
		<component name="button" action="click"      xpath="operations.configurationsets.addnew.tab.filemanagement.okbutton" />
		
		<!-- save configuration set -->
		<component name="button" action="click"      xpath="operations.configurationsets.addnew.save" />
		
		<!-- notifiation-->
		<component name="timer" value="2" />
		<component name="notification" action="validate" xpath="notification.message" compareWith="Configuration Sets: Operation completed successfully"  valdesc="Check Success Notification" valkey="Notification "/>
	</step>
</steps>