<steps>
	<step>

		<!--  Search and find config set-->
		<component name="textbox"  action="entervalue" xpath="operations.configurationsets.name.search" value="$$configName" />
		<component name="button" action="click"      xpath="operations.configurationsets.find.button" />
		
		<!-- activate csets -->
		<component name="button" action="click"      xpath="operations.configurationsets.configname.select" xpathInput="$$configName"/>
		<component name="menu" action="menuselect"      xpath="operations.configurationsets.configname.arrow" xpathInput="$$configName" value="Activate"/>
				<!-- Confirm Operation -->
		<component name="button" action="click"      xpath="operations.configuration_set.action.confirm.xpath" />
		<component name="timer" value="2" />
		<component name="notification" action="validate" xpath="notification.message" compareWith="Configuration Sets: Operation completed successfully"/>
		<component name="timer" value="1" />
	</step>
</steps>