<steps>
	<step>
		<!--  click add config icon-->
		<component name="button" action="click"      xpath="operations.configurationsets.addnew.settings.icon" />
		<component name="button" action="click"      xpath="operations.configurationsets.addnew.configset" />
		
		<!--  enter config name and description-->
		<component name="textbox"  action="entervalue" xpath="operations.configurationsets.addnew.configset.name" value="$$configName" />
		<component name="textbox"  action="entervalue" xpath="operations.configurationsets.addnew.configset.desc" value="$$configDesc" />
		
		<!--  click configuration tab -->
		<!-- <component name="button" action="click"      xpath="operations.configurationsets.addnew.tab" xpathInput="1"/> -->
		
		<!--  click config settings icon -->
<!-- 		<component name="button" action="click"      xpath="operations.configurationsets.addnew.tab.configuration.settings.icon"/>
		<component name="button" action="click"      xpath="operations.configurationsets.addnew.tab.configuration.addnew" /> -->
		
			
		<!-- select groups category -->
<!-- 		<component name="textbox"   action="entervalue" xpath="operations.configurationsets.addnew.tab.configuration.parameter" type="regular" value="$$parameterName_1" />
		<component name="textbox"   action="entervalue" xpath="operations.configurationsets.addnew.tab.configuration.value" type="regular" value="$$parameterValue_1" />		
		<component name="checkbox"    action="enable" xpath="operations.configurationsets.addnew.tab.configuration.checkbox" />
		<component name="select" action="entervalue" xpath="operations.configurationsets.addnew.tab.configuration.select.status" type="custom" value="$$Status" /> -->

		<!-- save configuration category -->
		<!-- <component name="button" action="click"      xpath="operations.configurationsets.addnew.tab.configuration.okbutton" /> -->
		
		<!-- save configuration set -->
		<component name="button" action="click"      xpath="operations.configurationsets.addnew.save" />
		
		<!-- notifiation-->
		<component name="timer" value="2" />
		<if value1="$$Notification" value2="pass" condition="equals">
			<component name="notification" action="validate" xpath="notification.message" compareWith="Configuration Sets: Operation completed successfully"  valdesc="New ConfigSet" valkey="ConfifSet Creation"/>		
		</if>
		
		<if value1="$$Notification" value2="fail" condition="equals">
			<component name="notification" action="validate" xpath="notification.message" condition="contains" compareWith="already exists" valdesc="Check ConfigSet already added" valkey="ConfigSet Already Exist"/>		
		</if>
	</step>
</steps>