<steps>
	<step>
		<!--  Search and find config set-->
		<component name="textbox"  action="entervalue" xpath="operations.configurationsets.name.search" value="$$configName" />
		<component name="button" action="click"      xpath="operations.configurationsets.find.button" />
		
		<component name="button" action="click"      xpath="operations.configurationsets.configname.select" xpathInput="$$configName"/>
		
		<!--  click configuration tab -->
		<component name="button" action="click"      xpath="operations.configurationsets.addnew.tab" xpathInput="2"/>
		
		<!--  click config settings icon -->
		<component name="button" action="click"      xpath="operations.configurationsets.addnew.tab.notifications.settings.icon"/>
		<component name="button" action="click"      xpath="operations.configurationsets.addnew.tab.notifications.addnew" />
		
			
		<!-- select groups category -->
		<component name="textbox"   action="entervalue" xpath="operations.configurationsets.addnew.tab.notifications.parameter" type="regular" value="$$parameterName" />
		<component name="select" action="entervalue" xpath="operations.configurationsets.addnew.tab.notifications.value" type="custom" value="$$parameterValue" />		
		<!-- <component name="checkbox"    action="enable" xpath="operations.configurationsets.addnew.tab.notifications.checkbox" /> -->
		<component name="select" action="entervalue" xpath="operations.configurationsets.addnew.tab.notifications.select.status" type="custom" value="$$parameterStatus" />

		<!-- save configuration category -->
		<component name="button" action="click"      xpath="operations.configurationsets.addnew.tab.notifications.okbutton" />
		
		<!-- save configuration set -->
		<component name="button" action="click"      xpath="operations.configurationsets.addnew.save" />
		
		<!-- notifiation-->
		<component name="timer" value="2" />
		<component name="notification" action="validate" xpath="notification.message" compareWith="Configuration Sets: Operation completed successfully"   valdesc="Check Success Notification" valkey="Notification "/>
	</step>
</steps>