<steps>
	<step>

	<!--  Search and find config set-->
		<component name="textbox"  action="entervalue" xpath="operations.configurationsets.name.search" value="$$configName" />
		<component name="button" action="click"      xpath="operations.configurationsets.find.button" />
		
		<component name="button" action="click"      xpath="operations.configurationsets.configname.select" xpathInput="$$configName"/>
		
		<!-- <component name="" action="save"      xpath="operations.configurationsets.getname" saveTo="ITEMID" attrName="itemid"/> -->
		<!--  select config set-->
		<!-- <component name="button" action="click"      xpath="operations.configurationsets.getname.select" xpathInput="$$ITEMID"/> -->
		
		<!--  click add icon -->
		<component name="button" action="click"      xpath="operations.configurationsets.addnew.groupassoc" />

		<!-- <component name="textbox" action="entervalue" xpath="operations.configurationsets.addnew.groupassoc.groupname" value="$$groupName" /> -->
		<component name="select"      action="entervalue" xpath="operations.configurationsets.addnew.groupassoc.groupname" type="autocomplete" value="$$groupName" />

		<!-- save group association -->
		<component name="button" action="click"      xpath="operations.configurationsets.addnew.groupassoc.okbutton" />		
	</step>
</steps>