<steps>
	<step>
		<component name="button" action="click"     xpath="sidemenu.operations.filemanagement" />
		<component name="button" action="click"     xpath="operations.file_management.click.create.new.xpath" />
		<component name="timer" value="2" />
		<component name="textbox" action="entervalue"     xpath="operations.file_management.create.page_holder.title.value.xpath"  value="$$fmTitle"/>
		<component name="select" action="entervalue" xpath="operations.file_management.create.page_holder.click.dropdown.arrow.xpath" type="custom" value="$$fmFileType" />
		<component name="textbox" action="entervalue"     xpath="operations.file_management.create.page_holder.softwareVersion.value.xpath"  value="$$fmSoftwareVersion"/>
		<component name="textbox" action="entervalue"     xpath="operations.file_management.create.page_holder.url.value.xpath"  value="$$fmURL"/>
		<component name="textbox" action="entervalue"     xpath="operations.file_management.create.page_holder.targetfilename"  value="$$fmFileName"/>
		<component name="button" action="click"     xpath="operations.file_management.create.save.xpath" />
		<component name="timer" value="3" />
		<if value1="$$Notification" value2="pass" condition="equals">
			<component name="notification" action="validate" xpath="notification.message" compareWith="File Management: File has been successfully created" valdesc="File Managenment creation" valkey="File Managenment creation"/>		
		</if>
		<if value1="$$Notification" value2="fail" condition="equals">
			<component name="notification" action="validate" xpath="notification.message" condition="contains" compareWith="already exists" valdesc="Check File Managenment already exists" valkey="File Managenment Already exists"/> 
		</if>
		
	</step>
</steps>