<steps>
	<step>
	<!--  Search and find config set-->
		<component name="textbox"  action="entervalue" xpath="operations.configurationsets.name.search" value="$$configName" />
		<component name="button" action="click"      xpath="operations.configurationsets.find.button" />
		
		<component name="button" action="click"      xpath="operations.configurationsets.configname.select" xpathInput="$$configName"/>
		
		<!--  click configuration tab -->
		<component name="button" action="click"      xpath="operations.configurationsets.addnew.tab" xpathInput="2"/>
		
		<component name=""       action="element-availability" xpath="operations.configurationsets.addnew.tab.notifications.check.availability" xpathInput="$$parameterName" saveTo="batchAvailability" compareWith="Element present"   valdesc="Check Parameter Availability" valkey="Parameter "/>
		
		<component name="button" action="click"      xpath="operations.configurationsets.addnew.tab.notifications.click.override" xpathInput="$$parameterName"/>
		
		<component name="select" action="entervalue" xpath="operations.configurationsets.addnew.tab.notifications.edit.status" type="custom" value="$$editStatus" />

		<!-- save configuration category -->
		<component name="button" action="click"      xpath="operations.configurationsets.addnew.tab.notifications.okbutton" />
		
		<!-- save configuration set -->
		<component name="button" action="click"      xpath="operations.configurationsets.addnew.save" />
		
		<!-- notifiation-->
		<component name="timer" value="2" />
		<component name="notification" action="validate" xpath="notification.message" compareWith="Configuration Sets: Operation completed successfully"   valdesc="Check Success Notification" valkey="Notification "/>
	</step>
</steps>