<steps>
	<step>
	<!--  Search and find config set-->
		<component name="textbox"  action="entervalue" xpath="operations.configurationsets.name.search" value="$$configName" />
		<component name="button" action="click"      xpath="operations.configurationsets.find.button" />
		
		<component name="button" action="click"      xpath="operations.configurationsets.configname.select" xpathInput="$$configName"/>
		
		<!--  click configuration tab -->
		<component name="button" action="click"      xpath="operations.configurationsets.addnew.tab" xpathInput="2"/>
		
		<component name=""       action="element-availability" xpath="operations.configurationsets.addnew.tab.notifications.check.availability" xpathInput="$$parameterName" saveTo="batchAvailability" compareWith="Element present"   valdesc="Check Parameter Availability" valkey="Parameter "/>
		
		<component name="" action="validate" xpath="operations.configurationsets.addnew.tab.notifications.get.status"  xpathInput="$$parameterName" saveTo="statusCheck" compareWith="$$editStatus"  valdesc="Check Status of the parameter" valkey="Parameter Status"/>
		
		<component name="timer" value="2" />
		
	</step>
</steps>