<steps>
	<step>
	<!--  Search and find config set-->
		<component name="textbox"  action="entervalue" xpath="operations.configurationsets.name.search" value="$$configName" />
		<component name="button" action="click"      xpath="operations.configurationsets.find.button" />
		
		<component name="button" action="click"      xpath="operations.configurationsets.configname.select" xpathInput="$$configName"/>
		
		<!--  click configuration tab -->
		<component name="button" action="click"      xpath="operations.configurationsets.addnew.tab" xpathInput="2"/>
		
		<component name=""       action="element-availability" xpath="operations.configurationsets.addnew.tab.notifications.check.availability" xpathInput="$$parameterName" saveTo="batchAvailability" compareWith="Element present"/>
		
		<component name="" action="validate" xpath="operations.configurationsets.addnew.tab.notifications.get.value" xpathInput="$$parameterName" saveTo="valueCheck" compareWith="$$parameterValue"  valdesc="Check Value of the parameter" valkey="Parameter Value"/>
		
		<component name="timer" value="2" />
		
	</step>
</steps>