<steps>
	<step>
		<component name="button" action="click" xpath="operations.configurationsets.clear.button" />
		<component name="timer" value="2" />
		
		<!--  Search and find config set-->
		<component name="textbox"  action="entervalue" xpath="operations.configurationsets.name.search" value="$$configName" />
		<component name="button" action="click"      xpath="operations.configurationsets.find.button" />

		<component name="button" action="click"      xpath="operations.configurationsets.configname.select" xpathInput="$$configName"/>
		<component name="menu" action="menuselect"      xpath="operations.configurationsets.configname.arrow" xpathInput="$$configName" value="Delete"/>
		
		<!-- Confirm Operation -->
		<component name="button" action="click"      xpath="operations.configuration_set.action.confirm.xpath" />
		<component name="timer" value="2" />
		<if value1="$$Notification" value2="pass" condition="equals">
			<component name="notification" action="validate" xpath="notification.message" compareWith="Configuration Sets: Operation completed successfully"  valdesc="Delete ConfigSet" valkey="ConfifSet Deletion"/>		
		</if>
		<if value1="$$Notification" value2="fail" condition="equals">
			<component name="notification" action="validate" xpath="notification.message" condition="contains" compareWith="already removed" valdesc="Check CSET already removed" valkey="CSET Already Removed"/> 
		</if>
		<component name="timer" value="1" />
		
	</step>
</steps>