<steps>
	<step>
	
		<component name="button" action="click"   xpath="operations.filemanagement.action.delete" xpathInput="$$fileName"/>
		<component name="button" action="click"  xpath="popup.message.ok" />
		<component name="timer" value="2" />
		<if value1="$$Notification" value2="pass" condition="equals">
			<component name="notification" action="validate" xpath="notification.message" compareWith="File has been successfully deleted" condition="contains" valdesc="Delete Filemanagement" valkey="Filemanagement Deletion"/>		
		</if>
		<if value1="$$Notification" value2="fail" condition="equals">
			<component name="notification" action="validate" xpath="notification.message" condition="contains" compareWith="already removed" valdesc="Check  Filemanagement already removed" valkey=" Filemanagement Already Removed"/> 
		</if>
		<component name="timer" value="1" />
		
	</step>
</steps>