<steps>
	<step>
		<!--  Search and find config set-->
		<component name="textbox"  action="entervalue" xpath="operations.configurationsets.name.search" value="$$configName" />
		<component name="button" action="click"      xpath="operations.configurationsets.find.button" />
		
		<component name="button" action="click"      xpath="operations.configurationsets.configname.select" xpathInput="$$configName"/>
		
		<!--  Click actual searched-->
		<component name="button" action="click"      xpath="operations.configurationsets.click.searched" xpathInput="$$configName"/>
		<!--  Save unique ID of the confset-->
		<component name="" action="save"      xpath="operations.configurationsets.click.searched.getname" saveTo="ITEMID" attrName="itemid"/>
		
		<component name="button" action="click" xpath="operations.configuration_set.click.actions.link.xpath" xpathInput="$$ITEMID" />
		
		<component name="button" action="click" xpath="operations.configuration_set.delete.xpath" xpathInput="$$ITEMID" />
		
		<component name="button" action="click" xpath="operations.configuration_set.action.confirm.xpath"/>		
		<component name="timer" value="2" />
		<component name="notification" action="validate" xpath="notification.message" compareWith="Configuration Sets: Operation completed successfully"/>
		<component name="timer" value="1" />
	</step>
</steps>