<steps>
	<step>
	
		<!--  click add config icon-->
		<!-- <component name="button" action="click"      xpath="operations.configurationsets.addnew.settings.icon" /> -->
		
		<!--  Search and find config set-->
		<component name="textbox"  action="entervalue" xpath="operations.configurationsets.name.search" value="$$subconfigName" />
		<component name="button" action="click"      xpath="operations.configurationsets.find.button" />
		
		<component name="button" action="click"      xpath="operations.configurationsets.configname.select" xpathInput="$$subconfigName"/>
		
		<!--  click add icon -->
		<component name="button" action="click"      xpath="operations.configurationsets.addnew.groupassoc" />

		<component name="select"      action="entervalue" xpath="operations.configurationsets.addnew.groupassoc.groupname" type="autocomplete" value="$$groupName" />

		<!-- save group association -->
		<component name="button" action="click"      xpath="operations.configurationsets.addnew.groupassoc.okbutton" />		
	</step>
</steps>