<steps>
	<step>
	
	
		<!-- Clear input content-->
		<component name="button" action="click" xpath="operations.configurationsets.clear.button" />
		<component name="timer" value="2" />
		<!-- Enter Search Content-->
		<component name="textbox"  action="entervalue" xpath="operations.configurationsets.name.search" value="$$configName" />
		<!-- Click Search Button-->
		<component name="button" action="click"      xpath="operations.configurationsets.find.button" />
		<!-- Click actual name from the searched  content-->
		<component name="button" action="click"      xpath="operations.configurationsets.click.searched" xpathInput="$$configName"/>
		<!-- Get unique ID named Item ID in a variable-->
		<component name="" action="save"      xpath="operations.configurationsets.click.searched.getname" saveTo="ITEMID" attrName="itemid"/>
		<!-- Click operations corresponds to the configuration item-->
		<component name="button" action="click"      xpath="operations.configurationsets.getname.arrow" xpathInput="$$ITEMID"/>
		
		<!-- Click Add Subset from the list-->
		<component name="button" action="click"      xpath="operations.configuration_set.add_subset.xpath" xpathInput="$$ITEMID"/>
		
		<!--  enter config name and description-->
		<component name="textbox"  action="entervalue" xpath="operations.configurationsets.addnew.configset.name" value="$$subconfigName" />
		<component name="textbox"  action="entervalue" xpath="operations.configurationsets.addnew.configset.desc" value="$$subconfigDesc" />
		
		<!-- save configuration set -->
		<component name="button" action="click"      xpath="operations.configurationsets.addnew.save" />
		<component name="timer" value="2" />
		
		
		<!-- notifiation-->
		<component name="timer" value="2" />
		<component name="notification" action="validate" xpath="notification.message" compareWith="Configuration Sets: Operation completed successfully"/>
		-->
	</step>
</steps>