<steps>
	<step>
	
		<!--  click add config icon-->
		<!-- <component name="button" action="click"      xpath="operations.configurationsets.addnew.settings.icon" /> -->
		
		<!--  Search and find config set-->
		<component name="textbox"  action="entervalue" xpath="operations.configurationsets.name.search" value="$$subconfigName" />
		<component name="button" action="click"      xpath="operations.configurationsets.find.button" />
		
		<component name="button" action="click"      xpath="operations.configurationsets.configname.select" xpathInput="$$subconfigName"/>
		
		<!--  click add icon -->
		<component name="button" action="click"      xpath="operations.configurationsets.addnew.groupassoc" />

		<!-- <component name="textbox"      action="entervalue" xpath="operations.configurationsets.addnew.groupassoc.groupname" value="$$groupName" />
		<component name="timer" value="1" />
		
		<component name="textbox"      action="entervalue" xpath="operations.configurationsets.addnew.groupassoc.groupname" value="$$groupName1" /> -->
		
		<component name="select"      action="entervalue" xpath="operations.configurationsets.addnew.groupassoc.groupname" type="autocomplete" value="$$parentgroupName" />		
		<!-- <component name="select"      action="entervalue" xpath="operations.configurationsets.addnew.groupassoc.groupname1" value="$$groupName" /> -->
		<!-- save group association -->
		<component name="button" action="click"      xpath="operations.configurationsets.addnew.groupassoc.okbutton" />		
		<component name="timer" value="1" />
		
		<component name="button" action="click"      xpath="operations.configurationsets.addnew.groupassoc" />
		<!-- <component name="textbox"      action="entervalue" xpath="operations.configurationsets.addnew.groupassoc.groupname" value="$$groupName" /> -->
		<component name="timer" value="1" />		
		<!-- <component name="textbox"      action="entervalue" xpath="operations.configurationsets.addnew.groupassoc.groupname" value="$$groupName1" /> -->
		
		<component name="select"      action="entervalue" xpath="operations.configurationsets.addnew.groupassoc.groupedit" type="autocomplete" value="$$groupName" />
		<component name="button" action="click"      xpath="operations.configurationsets.addnew.groupassoc.okbutton" />		
	</step>
</steps>