<?xml version="1.0" encoding="UTF-8"?>
<jmeterTestPlan version="1.2" properties="2.6" jmeter="2.11 r1554548">
  <hashTree>
    <TestPlan guiclass="TestPlanGui" testclass="TestPlan" testname="NBI_API_GENERIC" enabled="true">
      <stringProp name="TestPlan.comments"></stringProp>
      <boolProp name="TestPlan.functional_mode">false</boolProp>
      <boolProp name="TestPlan.serialize_threadgroups">false</boolProp>
      <elementProp name="TestPlan.user_defined_variables" elementType="Arguments" guiclass="ArgumentsPanel" testclass="Arguments" testname="User Defined Variables" enabled="true">
        <collectionProp name="Arguments.arguments"/>
      </elementProp>
      <stringProp name="TestPlan.user_define_classpath"></stringProp>
    </TestPlan>
    <hashTree>
      <Arguments guiclass="ArgumentsPanel" testclass="Arguments" testname="UDV" enabled="true">
        <collectionProp name="Arguments.arguments">
          <elementProp name="HOST" elementType="Argument">
            <stringProp name="Argument.name">HOST</stringProp>
            <stringProp name="Argument.value">${__P(PH_NBI_API_HOST)}</stringProp>
            <stringProp name="Argument.metadata">=</stringProp>
          </elementProp>
          <elementProp name="PORT" elementType="Argument">
            <stringProp name="Argument.name">PORT</stringProp>
            <stringProp name="Argument.value">${__P(PH_NBI_API_PORT)}</stringProp>
            <stringProp name="Argument.metadata">=</stringProp>
          </elementProp>
          <elementProp name="NBI_URL_PATH" elementType="Argument">
            <stringProp name="Argument.name">NBI_URL_PATH</stringProp>
            <stringProp name="Argument.value">${__P(PH_GENERIC_NBI_URL_PATH)}</stringProp>
            <stringProp name="Argument.metadata">=</stringProp>
          </elementProp>
          <elementProp name="NBI_URL_PARAMS_PATH" elementType="Argument">
            <stringProp name="Argument.name">NBI_URL_PARAMS_PATH</stringProp>
            <stringProp name="Argument.value">${__P(PH_GENERIC_NBI_URL_PARAMS_PATH)}</stringProp>
            <stringProp name="Argument.metadata">=</stringProp>
          </elementProp>
          <elementProp name="NBI_TEST_DATA" elementType="Argument">
            <stringProp name="Argument.name">NBI_TEST_DATA</stringProp>
            <stringProp name="Argument.value">${__P(PH_GENERIC_NBI_TESTDATA_PATH)}</stringProp>
            <stringProp name="Argument.metadata">=</stringProp>
          </elementProp>
        </collectionProp>
      </Arguments>
      <hashTree/>
      <HeaderManager guiclass="HeaderPanel" testclass="HeaderManager" testname="HTTP Header Manager" enabled="true">
        <collectionProp name="HeaderManager.headers">
          <elementProp name="" elementType="Header">
            <stringProp name="Header.name">Content-Type</stringProp>
            <stringProp name="Header.value">application/xml</stringProp>
          </elementProp>
        </collectionProp>
      </HeaderManager>
      <hashTree/>
      <CSVDataSet guiclass="TestBeanGUI" testclass="CSVDataSet" testname="CSV Data Set Config" enabled="true">
        <stringProp name="delimiter">,</stringProp>
        <stringProp name="fileEncoding"></stringProp>
        <stringProp name="filename">${NBI_TEST_DATA}</stringProp>
        <boolProp name="quotedData">false</boolProp>
        <boolProp name="recycle">false</boolProp>
        <stringProp name="shareMode">shareMode.all</stringProp>
        <boolProp name="stopThread">true</boolProp>
        <stringProp name="variableNames">NBI_TYPE,NBI_ACTION,DEVICE_IDENTIFIERS,ADDITIONAL_RESOURCE,URL_METHOD,PARAMETERS,TO_BE_CHECKED_KEYS</stringProp>
      </CSVDataSet>
      <hashTree/>
      <ThreadGroup guiclass="ThreadGroupGui" testclass="ThreadGroup" testname="Nbi_API_Thread" enabled="true">
        <stringProp name="ThreadGroup.on_sample_error">continue</stringProp>
        <elementProp name="ThreadGroup.main_controller" elementType="LoopController" guiclass="LoopControlPanel" testclass="LoopController" testname="Loop Controller" enabled="true">
          <boolProp name="LoopController.continue_forever">false</boolProp>
          <intProp name="LoopController.loops">-1</intProp>
        </elementProp>
        <stringProp name="ThreadGroup.num_threads">1</stringProp>
        <stringProp name="ThreadGroup.ramp_time">1</stringProp>
        <longProp name="ThreadGroup.start_time">1422339858000</longProp>
        <longProp name="ThreadGroup.end_time">1422339858000</longProp>
        <boolProp name="ThreadGroup.scheduler">false</boolProp>
        <stringProp name="ThreadGroup.duration"></stringProp>
        <stringProp name="ThreadGroup.delay"></stringProp>
      </ThreadGroup>
      <hashTree>
        <JavaSampler guiclass="JavaTestSamplerGui" testclass="JavaSampler" testname="URLCreator" enabled="true">
          <elementProp name="arguments" elementType="Arguments" guiclass="ArgumentsPanel" testclass="Arguments" enabled="true">
            <collectionProp name="Arguments.arguments">
              <elementProp name="NBI_TYPE" elementType="Argument">
                <stringProp name="Argument.name">NBI_TYPE</stringProp>
                <stringProp name="Argument.value">${NBI_TYPE}</stringProp>
                <stringProp name="Argument.metadata">=</stringProp>
              </elementProp>
              <elementProp name="NBI_ACTION" elementType="Argument">
                <stringProp name="Argument.name">NBI_ACTION</stringProp>
                <stringProp name="Argument.value">${NBI_ACTION}</stringProp>
                <stringProp name="Argument.metadata">=</stringProp>
              </elementProp>
              <elementProp name="DEVICE_IDENTIFIERS" elementType="Argument">
                <stringProp name="Argument.name">DEVICE_IDENTIFIERS</stringProp>
                <stringProp name="Argument.value">${DEVICE_IDENTIFIERS}</stringProp>
                <stringProp name="Argument.metadata">=</stringProp>
              </elementProp>
              <elementProp name="URL_METHOD" elementType="Argument">
                <stringProp name="Argument.name">URL_METHOD</stringProp>
                <stringProp name="Argument.value">${URL_METHOD}</stringProp>
                <stringProp name="Argument.metadata">=</stringProp>
              </elementProp>
              <elementProp name="URL_PARAMS" elementType="Argument">
                <stringProp name="Argument.name">URL_PARAMS</stringProp>
                <stringProp name="Argument.value">${PARAMETERS}</stringProp>
                <stringProp name="Argument.metadata">=</stringProp>
              </elementProp>
            </collectionProp>
          </elementProp>
          <stringProp name="classname">com.cisco.primehome.automation.nbi.urlmaker.URLCreator</stringProp>
        </JavaSampler>
        <hashTree/>
        <HTTPSamplerProxy guiclass="HttpTestSampleGui" testclass="HTTPSamplerProxy" testname="Nbi_Api_Http_Request" enabled="true">
          <elementProp name="HTTPsampler.Arguments" elementType="Arguments" guiclass="HTTPArgumentsPanel" testclass="Arguments" testname="User Defined Variables" enabled="true">
            <collectionProp name="Arguments.arguments"/>
          </elementProp>
          <stringProp name="HTTPSampler.domain">${HOST}</stringProp>
          <stringProp name="HTTPSampler.port">${PORT}</stringProp>
          <stringProp name="HTTPSampler.connect_timeout"></stringProp>
          <stringProp name="HTTPSampler.response_timeout"></stringProp>
          <stringProp name="HTTPSampler.protocol">http</stringProp>
          <stringProp name="HTTPSampler.contentEncoding"></stringProp>
          <stringProp name="HTTPSampler.path">${NBI_PATH_SPECIFIC}</stringProp>
          <stringProp name="HTTPSampler.method">GET</stringProp>
          <boolProp name="HTTPSampler.follow_redirects">true</boolProp>
          <boolProp name="HTTPSampler.auto_redirects">false</boolProp>
          <boolProp name="HTTPSampler.use_keepalive">true</boolProp>
          <boolProp name="HTTPSampler.DO_MULTIPART_POST">false</boolProp>
          <stringProp name="HTTPSampler.implementation">HttpClient4</stringProp>
          <boolProp name="HTTPSampler.monitor">false</boolProp>
          <stringProp name="HTTPSampler.embedded_url_re"></stringProp>
        </HTTPSamplerProxy>
        <hashTree/>
        <JavaSampler guiclass="JavaTestSamplerGui" testclass="JavaSampler" testname="Assert_NBI_API_Response" enabled="true">
          <elementProp name="arguments" elementType="Arguments" guiclass="ArgumentsPanel" testclass="Arguments" enabled="true">
            <collectionProp name="Arguments.arguments">
              <elementProp name="TO_BE_CHECKED_KEYS" elementType="Argument">
                <stringProp name="Argument.name">TO_BE_CHECKED_KEYS</stringProp>
                <stringProp name="Argument.value">${TO_BE_CHECKED_KEYS}</stringProp>
                <stringProp name="Argument.metadata">=</stringProp>
              </elementProp>
            </collectionProp>
          </elementProp>
          <stringProp name="classname">com.cisco.primehome.automation.nbi.parsers.samplers.DiagnosticsResultParser</stringProp>
        </JavaSampler>
        <hashTree/>
        <ResultCollector guiclass="ViewResultsFullVisualizer" testclass="ResultCollector" testname="View Results Tree" enabled="true">
          <boolProp name="ResultCollector.error_logging">false</boolProp>
          <objProp>
            <name>saveConfig</name>
            <value class="SampleSaveConfiguration">
              <time>true</time>
              <latency>true</latency>
              <timestamp>true</timestamp>
              <success>true</success>
              <label>true</label>
              <code>true</code>
              <message>true</message>
              <threadName>true</threadName>
              <dataType>true</dataType>
              <encoding>false</encoding>
              <assertions>true</assertions>
              <subresults>true</subresults>
              <responseData>false</responseData>
              <samplerData>false</samplerData>
              <xml>false</xml>
              <fieldNames>false</fieldNames>
              <responseHeaders>false</responseHeaders>
              <requestHeaders>false</requestHeaders>
              <responseDataOnError>false</responseDataOnError>
              <saveAssertionResultsFailureMessage>false</saveAssertionResultsFailureMessage>
              <assertionsResultsToSave>0</assertionsResultsToSave>
              <bytes>true</bytes>
            </value>
          </objProp>
          <stringProp name="filename"></stringProp>
        </ResultCollector>
        <hashTree/>
      </hashTree>
    </hashTree>
  </hashTree>
</jmeterTestPlan>
