<steps name="TC8789_Tomcat_Activemq_monitor" description="Validate the Wildfly process" severity="Major">
	<step type="SSH-COMMAND" name="performSSHCommand" description="perform SSH command" severity="Major">
		<parameter name="sshHostName" value="props::PH_CL_HOSTNAME" />
		<parameter name="sshTimeOut" value="10000" />
		<parameter name="sshUserName" value="props::PH_CL_USERNAME" />
		<parameter name="sshPasswd" value="props::PH_CL_PWD" />
		<parameter name="sshCmd" value="ps -ef | grep mon" />
		<parameter name="sshResult" value="checkProc" />
	</step>
</steps>