<steps>

	<step type="JAVA" name="Login" description="PrimeHome Login" severity="Blocker">
		<component name="textbox"  action="entervalue" xpath="login.username" value="props::PH_LOGIN_USERNAME"/>
		<component name="textbox"  action="entervalue" xpath="login.password" value="props::PH_LOGIN_PASSWORD" />
		<component name="button" action="click" 	 xpath="login.submit"  />
 	</step>	
	<step type="JAVA" name="Click System Tab" description="Click System Tab" severity="Blocker">
		<component name="link"   action="click"      xpath="tab.system" />
	</step>
	<step type="JAVA" name="Click Customization Management SideMenu" description="Click Customization Management SideMenu" severity="Blocker">
		<component name="link"   action="click"      xpath="sidemenu.system.customizationmanagement" />
	</step>
	
	<step type="JAVA" name="Verify System Batches tab" description="Verify System Batches" severity="Blocker" >		
		<component name="timer" value="2" />
		<component name="link" action="click" xpath="system.customizationmanagement.tags.tab" xpathInput="2"/>	
		<component name="timer" value="2" />
		<component name=""   action="save" xpath="system.customizationmanagement.batch.pagenavigation" attrName="class" xpathInput="2" saveTo="pageNavStatus" />
		<if value1="$$pageNavStatus" value2="inline pageNav-double-next" condition="equals">
			<component name=""   action="extract" type="pagnavsize" xpath="system.customizationmanagement.batch.pagenavigation.totalvalue" xpathInput="2" attrName="title" saveTo="TotalPageSize" />
		</if>
		<if value1="$$pageNavStatus" value2="inline pageNav-double-next-disable" condition="equals">
			<component name=""   action="extract" type="elementsize" xpath="system.customizationmanagement.batch.pagenavigation" xpathInput="3" saveTo="TotalPageSize" />
		</if>
		<if value1="$$pageNavStatus" value2="noelement" condition="equals">
			<component name=""   action="extract" type="elementsize" xpath="system.customizationmanagement.batch.pagenavigation" xpathInput="3" saveTo="TotalPageSize" />
		</if>	
		<component name="timer" value="1" />
		<loop value="$$TotalPageSize" condition="paging" >
			<component name="timer" value="2" />
			<component name=""   action="extract" xpath="system.customizationmanagement.batches.table"  saveTo="systemBatchesTableData" type="table" />
			<component name="timer" value="2" />
			<component name=""   action="rowaction" value="JMETEROBJ::systemBatchesTableData" compareWith="checked"  columnindex="2,1" dataindex="1" saveTo="sysBatchesResult" tableaction="gettext" elementtype="checkbox" />
			<component name="timer" value="2" />			
		</loop>
	</step>
</steps>