<steps>
	<step type="JAVA" name="Login"  description="Performs - Login " severity="Blocker">
		<component name="textbox"  action="entervalue" xpath="login.username" value="props::PH_LOGIN_USERNAME"/>
		<component name="textbox"  action="entervalue" xpath="login.password" value="props::PH_LOGIN_PASSWORD"/>
		<component name="button" action="click" 	 xpath="login.submit"  />
	</step>
	<step type="JAVA" name="Click Tab" description="Performs - Click Tab" severity="Blocker">
		<component name="link"   action="click"      xpath="tab.operations" />
	</step> 
	<step type="JAVA" name="Click SideMenu Item" description="Performs - Click SideMenu Item" severity="Blocker">
		<component name="link"   action="click"      xpath="sidemenu.operations.batchprocessing" />
	</step>
	<step type="JAVA" name="Search Batch With Name"  linkFile="src/test/jmeter/ph_6.4/regression/batch/SearchBatchWithName.xml" description="Performs -Search Batch With Name " severity="Blocker">
		<parameter name="batchName" value="testif" />
	</step>
	<step type="JAVA" name="Verify Batch Completed State" description="Performs - Verify Batch Completed State " severity="Blocker">
		<component name=""       action="element-availability" xpath="operations.batch.table.batchname" xpathInput="$$batchName" saveTo="batchAvailability" compareWith="Element present" valdesc="Check Element availability" valkey="Presence" />
	</step>	
	<step type="JAVA" name="Search Batch With Name"  linkFile="src/test/jmeter/ph_6.4/regression/batch/SearchBatchWithName.xml" description="Performs -Search Batch With Name " severity="Blocker">
		<parameter name="batchName" value="testi1" />
	</step>
	<step type="JAVA" name="Verify Batch Completed State" description="Performs - Verify Batch Completed State " severity="Blocker">
		<component name=""       action="element-availability" xpath="operations.batch.table.batchname" xpathInput="$$batchName" saveTo="batchAvailability" compareWith="Element present" valdesc="Check Element availability" valkey="Presence" />
	</step>
</steps>

