<steps>
	<step type="JAVA" name="Login" description="PrimeHome Login" severity="Blocker">
		<component name="textbox"  action="entervalue" xpath="login.username" value="props::PH_LOGIN_USERNAME"/>
		<component name="textbox"  action="entervalue" xpath="login.password" value="props::PH_LOGIN_PASSWORD" />
		<component name="button" action="click" 	 xpath="login.submit"  />		
	</step>
	<step type="JAVA" name="Click Operations Tab" description="Click Operations Tab" severity="Blocker">
		<component name="link"   action="click"      xpath="tab.operations" />
	</step>
	
	<!-- 
		The step will be repeated for the number of times equal to the attribute repeat. 
		If any parameter tag's value attribute contains "##", The "##" will be replaced by the step repeat number.
		In the following example,
		step1's groupName will be group-1
		step2's groupName will be group-2
		step3's groupName will be group-3
	-->
	<step type="JAVA" name="Create Group"  linkFile="src/test/jmeter/ph_6.4/regression/group/CreateGroup.xml" description="Performs - Create Group" severity="Blocker" repeat="3" >
		<parameter name="groupName" value="group1-##" />
		<parameter name="DEVICE_ID" value="device1-##" />
		<parameter name="groupDesc" value="group description" />
	</step>
	
	
	<!-- 
		1. The Jmeter variable notation($$) in the repeat attribute 
			- indicates to loop the particular step the number of times equal to the size of that array denoted by Jmeter variable. 
			- should be a parameter inside this step with 
				- attribute "value" as comma separated string (other separator can also be used which doesn't have any logical meaning.)
				- attribute "saveAsType" equal to "array"
				- atribute "splitChar" can be any separator (separator used in the value) (Default is "," if this attribute is not present)

		2. Any parameter inside this step with name in the format of "fromArray::{array name}" will be replaced with the value from the array {array name} according to the repeat position.
		(Normal Repeat's replace logic will also happen here)
		
		step1's groupName will take the first value from the array which is groupNames[0]
		step2's groupName will take the first value from the array which is groupNames[1] and so on..
	-->
	<step type="JAVA" name="Create Group"  linkFile="src/test/jmeter/ph_6.4/regression/group/CreateGroup.xml" description="Performs - Create Group" severity="Blocker" repeat="$$groupNames" >
		<parameter name="groupNames" value="group1-4347,,group1-5438" saveAsType="array" splitChar=",,"/>
		<parameter name="DEVICE_IDs" value="device1-4,,device-5" saveAsType="array" splitChar=",,"/>
		<parameter name="groupName" value="fromArray::groupNames" />
		<parameter name="DEVICE_ID" value="fromArray::DEVICE_IDs" />
	</step>
	
</steps>