<steps>
	<step type="JAVA" name="Login"  description="Performs - Login " severity="Blocker">
		<component name="textbox"  action="entervalue" xpath="login.username" value="props::PH_LOGIN_USERNAME"/>
		<component name="textbox"  action="entervalue" xpath="login.password" value="props::PH_LOGIN_PASSWORD"/>
		<component name="button" action="click" 	 xpath="login.submit"  />
	</step>
	<step type="JAVA" name="Click Tab" description="Performs - Click Tab" severity="Blocker">
		<component name="link"   action="click"      xpath="tab.operations" />
	</step> 
	<step type="JAVA" name="Click SideMenu Item" description="Performs - Click SideMenu Item" severity="Blocker">
		<component name="link"   action="click"      xpath="sidemenu.operations.batchprocessing" />
	</step>
	<step type="JAVA" name="Search Batch With Name"  linkFile="src/test/jmeter/ph_6.4/regression/batch/SearchBatchWithName.xml" description="Performs -Search Batch With Name " severity="Blocker">
		<parameter name="batchName" value="testif" />
	</step>
	<step type="JAVA" name="Verify Batch Completed State" description="Performs - Verify Batch Completed State " severity="Blocker">
		<component name=""       action="readValue" xpath="operations.batch.table.statustext" xpathInput="$$batchName" saveTo="statusText" />
		<!-- Delete if batch is completed -->
		<!-- Supported values for condition is {equals, not-equals, contains, not-contains} -->
		<if value1="$$statusText" value2="completed" condition="equals">
			<component name="icon"   action="click"     xpath="operations.batch.table.action.delete" xpathInput="$$batchName" />
			<component name="timer" value="2" />
			<component name="button" action="click"     xpath="popup.message.ok" />
			<component name="timer" value="2" />			
		</if>
		
		<!-- Cancel and Delete if the batch is not completed -->
		<if value1="$$statusText" value2="completed" condition="not-equals">
			<component name="icon"   action="click"     xpath="operations.batch.table.action.cancel" xpathInput="$$batchName" />
			<component name="timer" value="2" />
			<component name="button" action="click"     xpath="popup.message.ok" />
			<component name="timer" value="5" />			
			
			<component name="icon"   action="click"     xpath="operations.batch.table.action.delete" xpathInput="$$batchName" />
			<component name="timer" value="2" />
			<component name="button" action="click"     xpath="popup.message.ok" />
			<component name="timer" value="2" />			
		</if>
	</step>	
</steps>

