<steps name="Deletes CSTEs and Groups" description="Postcondition for Configuration Set Management. Deletes Configuration Sets and Groups." severity="Minor">
	<step type="JAVA" name="Login" description="PrimeHome Login" severity="Blocker">
		<component name="textbox" action="entervalue" xpath="login.username" value="props::PH_LOGIN_USERNAME" />
		<component name="textbox" action="entervalue" xpath="login.password" value="props::PH_LOGIN_PASSWORD" />
		<component name="button" action="click" xpath="login.submit" />
	</step>
	<step type="JAVA" name="Click Operations Tab" description="Click Operations Tab" severity="Blocker">
		<component name="link" action="click" xpath="tab.operations" />
	</step>
	<step type="JAVA" name="Click Configuration Sets SideMenu" description="click configuration set sidemenu" severity="Blocker">
		<component name="link" action="click" xpath="sidemenu.operations.configurationset" />
	</step>
	
	<!-- <parameter name="configNames" value="configset_R-1,configset_R-2,configset_R-3,configset_R-4,configset_R-5" saveAsType="array"/> -->
	<step type="JAVA" name="Delete Config Set" linkFile="src/test/jmeter/ph_6.4/regression/configurationsets/DeleteCSET.xml" description="configuration set deletion" severity="Blocker" repeat="$$configNames">
		<parameter name="configNames" value="subconfigset_R-1-1-1,subconfigset_R-1-2-1,subconfigset_R-1-2-2,subconfigset_R-1-3-1,subconfigset_R-1-3-2,subconfigset_R-1-3-3,subconfigset_R-1-4-1,subconfigset_R-1-4-2,subconfigset_R-1-4-3,subconfigset_R-1-4-4,subconfigset_R-1-1,subconfigset_R-1-2,subconfigset_R-1-3,subconfigset_R-1-4,subconfigset_R-2-1,subconfigset_R-2-2,subconfigset_R-2-3,subconfigset_R-3-1,subconfigset_R-3-2,subconfigset_R-4-1,configset_R-1,configset_R-2,configset_R-3,configset_R-4,configset_R-5" saveAsType="array" />
		<parameter name="configName" value="fromArray::configNames" />
	</step>
	
	<!-- 
	
	<step type="JAVA" name="Delete SubConfiguration Set R1 Level-2" linkFile="src/test/jmeter/ph_6.4/regression/configurationsets/DeleteCSET.xml" description="configuration set deletion on child level-2" severity="Blocker" repeat="1">
		<parameter name="configName" value="subconfigset_R-1-1-##" />
	</step>

	<step type="JAVA" name="Delete SubConfiguration Set R1 Level-2" linkFile="src/test/jmeter/ph_6.4/regression/configurationsets/DeleteCSET.xml" description="configuration set deletion on child level-2" severity="Blocker" repeat="2">
		<parameter name="configName" value="subconfigset_R-1-2-##" />
	</step>
	<step type="JAVA" name="Delete SubConfiguration Set R1 Level-2" linkFile="src/test/jmeter/ph_6.4/regression/configurationsets/DeleteCSET.xml" description="configuration set deletion on child level-2" severity="Blocker" repeat="3">
		<parameter name="configName" value="subconfigset_R-1-3-##" />
	</step>
	<step type="JAVA" name="Delete SubConfiguration Set R1 Level-2" linkFile="src/test/jmeter/ph_6.4/regression/configurationsets/DeleteCSET.xml" description="configuration set deletion on child level-2" severity="Blocker" repeat="4">
		<parameter name="configName" value="subconfigset_R-1-4-##" />
	</step> 

	<step type="JAVA" name="Delete SubConfiguration Set R1 Level-1" linkFile="src/test/jmeter/ph_6.4/regression/configurationsets/DeleteCSET.xml" description="configuration set deletion on child level-1" severity="Blocker"repeat="4">
		<parameter name="configName" value="subconfigset_R-1-##" />
	</step>
	<step type="JAVA" name="Delete SubConfiguration Set R2 Level-1" linkFile="src/test/jmeter/ph_6.4/regression/configurationsets/DeleteCSET.xml" description="configuration set deletion on child level-1" severity="Blocker" repeat="3">
		<parameter name="configName" value="subconfigset_R-2-##" />
	</step>
	<step type="JAVA" name="Delete SubConfiguration Set R3 Level-1" linkFile="src/test/jmeter/ph_6.4/regression/configurationsets/DeleteCSET.xml" description="configuration set deletion on child level-1" severity="Blocker" repeat="2">
		<parameter name="configName" value="subconfigset_R-3-##" />
	</step>
	<step type="JAVA" name="Delete SubConfiguration Set R4 Level-1" linkFile="src/test/jmeter/ph_6.4/regression/configurationsets/DeleteCSET.xml" description="configuration set deletion on child level-1" severity="Blocker" repeat="1">
		<parameter name="configName" value="subconfigset_R-4-##" />
	</step>
	
	<step type="JAVA" name="Delete Config Set Root Level R1" linkFile="src/test/jmeter/ph_6.4/regression/configurationsets/DeleteCSET.xml" description="configuration set deletion on root level" severity="Blocker" repeat="5">
		<parameter name="configName" value="configset_R-##" />
	</step>
	-->

	
	<step type="JAVA" name="Click Groups SideMenu" description="Click Groups SideMenu" severity="Blocker">
		<component name="link"   action="click"      xpath="sidemenu.operations.groups" />
	</step>
	<!-- <parameter name="groupNames" value="group-1,group-2,group-3,group-4,group-5" saveAsType="array"/> -->
	<step type="JAVA" name="Delete Group" linkFile="src/test/jmeter/ph_6.4/regression/group/DeleteGroup.xml" description="Delete Group" severity="Blocker" repeat="$$groupNames">
		<parameter name="groupNames" value="group-1,group-2,group-3,group-4,group-5,group-1-1,group-1-2,group-1-3,group-1-4,group-2-1,group-2-2,group-2-3,group-3-1,group-3-2,group-4-1,group-1-1-1,group-2-1-1,group-2-1-2,group-3-1-1,group-3-1-2,group-3-1-3,group-4-1-1,group-4-1-2,group-4-1-3,group-4-1-4" saveAsType="array" />
		<parameter name="groupName" value="fromArray::groupNames" />
	</step>
	<!-- 
	<step type="JAVA" name="Delete Group" linkFile="src/test/jmeter/ph_6.4/regression/group/DeleteGroup.xml" description="Delete Group" severity="Blocker" repeat="5">
		<parameter name="groupName" value="group-##"/>
	</step>
	<step type="JAVA" name="Delete Group" linkFile="src/test/jmeter/ph_6.4/regression/group/DeleteGroup.xml" description="Delete Group" severity="Blocker" >
		<parameter name="groupName" value="group-5"/>
	</step>
	<step type="JAVA" name="Delete Group" linkFile="src/test/jmeter/ph_6.4/regression/group/DeleteGroup.xml" description="Delete Group" severity="Blocker" repeat="4">
		<parameter name="groupName" value="group-1-##"/>
	</step>
	<step type="JAVA" name="Delete Group" linkFile="src/test/jmeter/ph_6.4/regression/group/DeleteGroup.xml" description="Delete Group" severity="Blocker" repeat="3">
		<parameter name="groupName" value="group-2-##"/>
	</step>
	<step type="JAVA" name="Delete Group" linkFile="src/test/jmeter/ph_6.4/regression/group/DeleteGroup.xml" description="Delete Group" severity="Blocker" repeat="2">
		<parameter name="groupName" value="group-3-##"/>
	</step>
	<step type="JAVA" name="Delete Group" linkFile="src/test/jmeter/ph_6.4/regression/group/DeleteGroup.xml" description="Delete Group" severity="Blocker" repeat="1">
		<parameter name="groupName" value="group-4-##"/>
	</step>
	<step type="JAVA" name="Delete Group" linkFile="src/test/jmeter/ph_6.4/regression/group/DeleteGroup.xml" description="Delete Group" severity="Blocker">
		<parameter name="groupName" value="group-1-1-1"/>
	</step>
	<step type="JAVA" name="Delete Group" linkFile="src/test/jmeter/ph_6.4/regression/group/DeleteGroup.xml" description="Delete Group" severity="Blocker" repeat="2">
		<parameter name="groupName" value="group-2-1-##"/>
	</step>
	<step type="JAVA" name="Delete Group" linkFile="src/test/jmeter/ph_6.4/regression/group/DeleteGroup.xml" description="Delete Group" severity="Blocker" repeat="3">
		<parameter name="groupName" value="group-3-1-##"/>
	</step>
	<step type="JAVA" name="Delete Group" linkFile="src/test/jmeter/ph_6.4/regression/group/DeleteGroup.xml" description="Delete Group" severity="Blocker" repeat="4">
		<parameter name="groupName" value="group-4-1-##"/>
	</step> -->
	
	
</steps>

