<steps name="Deletes Batches and Groups" description="Postcondition for Batch Management. Deletes Batches and Groups." severity="Minor">
	<step type="JAVA" name="Login" description="PrimeHome Login" severity="Blocker">
		<component name="textbox" action="entervalue" xpath="login.username" value="props::PH_LOGIN_USERNAME" />
		<component name="textbox" action="entervalue" xpath="login.password" value="props::PH_LOGIN_PASSWORD" />
		<component name="button" action="click" xpath="login.submit" />
	</step>
	<step type="JAVA" name="Click Operations Tab" description="Click Operations Tab" severity="Blocker">
		<component name="link" action="click" xpath="tab.operations" />
	</step>
	<step type="JAVA" name="Click Batch Processing SideMenu" description="click Batch Processing sidemenu" severity="Blocker">
		<component name="link" action="click" xpath="sidemenu.operations.batchprocessing" />
	</step>
	
	<step type="JAVA" name="Delete batch" linkFile="src/test/jmeter/ph_6.4/regression/batch/Cancel_DeleteBatch.xml" description="Batch deletion" severity="Blocker" repeat="$$batchNames">
		<parameter name="batchNames" value="batch-9092,batch-9093,batch-9098,batch-9099,batch-9102,batch-9206,batch-9207,batch-9208,batch-9210,batch-9213,batch-9214,batch-9215,batch-9217" saveAsType="array" />
		<parameter name="batchName" value="fromArray::batchNames" />
		<parameter name="Notification" value="pass" />
	</step>
	
	<step type="JAVA" name="Click Groups SideMenu" description="Click Groups SideMenu" severity="Blocker">
		<component name="link"   action="click"      xpath="sidemenu.operations.groups" />
	</step>
	
	<step type="JAVA" name="Delete Group" linkFile="src/test/jmeter/ph_6.4/regression/group/DeleteGroup.xml" description="Delete Group" severity="Blocker" repeat="$$groupNames">
		<parameter name="groupNames" value="group-9092,group-9093,group-9098,group-9099,group-9102,group-9206,group-9207,group-9208,group-9210,group-9213,group-9214,group-9215,group-9217" saveAsType="array" />
		<parameter name="groupName" value="fromArray::groupNames" />
		<parameter name="Notification" value="pass" />
	</step>
	
</steps>

