<steps>
	<step type="JAVA" name="Login" description="PrimeHome Login" severity="Blocker">
		<component name="textbox"  action="entervalue" xpath="login.username" value="props::PH_LOGIN_USERNAME"/>
		<component name="textbox"  action="entervalue" xpath="login.password" value="props::PH_LOGIN_PASSWORD" />
		<component name="button" action="click" 	 xpath="login.submit"  />
	</step>
	<step type="JAVA" name="Click System Tab" description="Click System Tab" severity="Blocker">
		<component name="link"   action="click"      xpath="tab.system" />
	</step>
	<step type="JAVA" name="Click Customization Management SideMenu" description="Click Customization Management SideMenu" severity="Blocker">
		<component name="link"   action="click"      xpath="sidemenu.system.customizationmanagement" />
	</step>
	<step type="JAVA" name="Verify System Tags Portlet" description="Verify System Tags" severity="Blocker" >
<!-- 	<parameter name="tagNames" value="PROVISIONING_FAILURE,REQUIRES_BACKUP_BOOTSTRAP,REQUIRES_BACKUP_CSR" saveAsType="array" />
		<parameter name="tagName" value="fromArray::tagNames" /> -->	
			
		<!-- <component name="select"   action="entervalue" xpath="system.customizationmanagement.tags.name.select" type="custom" value="Name" /> -->
	<!-- 	<component name="textbox"  action="entervalue" xpath="system.customizationmanagement.tags.name" value="$$tagName"/>
		<component name="button" action="click" xpath="system.customizationmanagement.tags.find"  />		
		<component name="checkbox" action="enable" xpath="system.customizationmanagement.tags.enabled" />
		<component name="button" action="click" xpath="system.customizationmanagement.tags.save"  /> -->
		
		<component name="link" action="click" xpath="system.customizationmanagement.tags.tab" xpathInput="1"/>	
		<component name=""   action="extract" xpath="system.customizationmanagement.tags.table"  saveTo="systemTagTableData" type="table" />
		<component name=""   action="rowaction" value="JMETEROBJ::systemTagTableData" compareWith="PROVISIONING_FAILURE,REQUIRES_BACKUP_BOOTSTRAP,REQUIRES_BACKUP_CSR,REQUIRES_BACKUP_FIRMWARE_UPG,REQUIRES_BACKUP_MANUAL,REQUIRES_BACKUP_NBI"  columnindex="1,2" dataindex="1" saveTo="systemTagResult" tableaction="enable" elementtype="text"/>
		<component name="button" action="click" xpath="system.customizationmanagement.tags.save"  />
		<component name="notification" action="validate" xpath="notification.message" compareWith="Customization Management: Operation completed successfully"  valdesc="System Tags Operations" valkey="System Tags Operations"/>		
		
	</step>
	<step type="JAVA" name="Click Operations Tab" description="Click Operations Tab" severity="Blocker">
		<component name="link"   action="click"      xpath="tab.operations" />
	</step>
	<step type="JAVA" name="Click Tags SideMenu" description="Click Tags SideMenu" severity="Blocker">
		<component name="link"   action="click"      xpath="sidemenu.operations.tags" />
	</step>
	<step type="JAVA" name="Verify Operations Tags Portlet" description="Verify Operations Tags" severity="Blocker">
		<component name="timer" value="1" />
		<component name=""   action="save" xpath="operations.tag.pagenavigation" attrName="class" xpathInput="2" saveTo="pageNavStatus" />
		<if value1="$$pageNavStatus" value2="inline pageNav-double-next" condition="equals">
			<component name=""   action="extract" type="pagnavsize" xpath="operations.tag.pagenavigation.totalvalue" xpathInput="2" attrName="title" saveTo="TotalPageSize" />
		</if>
		<if value1="$$pageNavStatus" value2="inline pageNav-double-next-disable" condition="equals">
			<component name=""   action="extract" type="elementsize" xpath="operations.tag.pagenavigation" xpathInput="3" saveTo="TotalPageSize" />
		</if>
		<if value1="$$pageNavStatus" value2="noelement" condition="equals">
			<component name=""   action="extract" type="elementsize" xpath="operations.tag.pagenavigation" xpathInput="3" saveTo="TotalPageSize" />
		</if>
		<!-- <component name=""   action="extract" type="elementsize" xpath="operations.tag.pagenavigation" xpathInput="3" saveTo="OpTagsPageSize" /> -->
		<component name="timer" value="1" />
		<loop value="$$TotalPageSize" condition="paging" >
			<component name=""   action="extract" xpath="operations.tags.table"  saveTo="operationsTableTagData" type="table" />
			<component name=""   action="rowaction" value="JMETEROBJ::operationsTableTagData" compareWith="System Tag"  columnindex="6,2" saveTo="operationTagResult" tableaction="gettext" elementtype="text"/>
		</loop>
	</step>
	<step type="JAVA" name="Validate Tag Results" description="Validate Tags Reults" severity="Blocker">	
		<component name=""   action="validatelist" value="JMETEROBJ::operationTagResult" compareWith="JMETEROBJ::systemTagResult"  valdesc="Validate Tags Reults" valkey="Tags Result" />
	</step>	
	<step type="JAVA" name="Click System Tab" description="Click System Tab" severity="Blocker">
		<component name="link"   action="click"      xpath="tab.system" />
	</step>
	<step type="JAVA" name="Click Customization Management SideMenu" description="Click Customization Management SideMenu" severity="Blocker">
		<component name="link"   action="click"      xpath="sidemenu.system.customizationmanagement" />
	</step>
	<step type="JAVA" name="Reset System Tags to Default" description="Verify System Tags" severity="Blocker" >
		
		<component name="link" action="click" xpath="system.customizationmanagement.tags.tab" xpathInput="1"/>	
		<component name=""   action="extract" xpath="system.customizationmanagement.tags.table"  saveTo="systemTagTableData" type="table" />
		<component name=""   action="rowaction" value="JMETEROBJ::systemTagTableData" compareWith="PROVISIONING_FAILURE,REQUIRES_BACKUP_BOOTSTRAP,REQUIRES_BACKUP_CSR,REQUIRES_BACKUP_FIRMWARE_UPG,REQUIRES_BACKUP_MANUAL,REQUIRES_BACKUP_NBI"  columnindex="1,2" dataindex="1" saveTo="systemTagResult" tableaction="disable" elementtype="text" />
		<component name="button" action="click" xpath="system.customizationmanagement.tags.save"  />
		<component name="notification" action="validate" xpath="notification.message" compareWith="Customization Management: Operation completed successfully"  valdesc="Reset Customization Management" valkey="Reset Customization Management"/>		
		
	</step>
	
</steps>

