<steps>
	<step type="START-DS" name="Start DS" description="Performs - START-DS " severity="Blocker">
		<parameter name="DEVICE_ID" value="Device-4876" />
		<parameter name="ACS_IP" value="props::ACS_IP" />
		<parameter name="DEVICE_DATA_MODEL_NAME" value="props::DEVICE_DATA_MODEL_NAME" />
	</step>
	<step type="JAVA" name="Login" description="PrimeHome Login" severity="Blocker">
		<component name="textbox"  action="entervalue" xpath="login.username" value="props::PH_LOGIN_USERNAME"/>
		<component name="textbox"  action="entervalue" xpath="login.password" value="props::PH_LOGIN_PASSWORD" />
		<component name="button" action="click" 	 xpath="login.submit"  />
	</step>
	<step type="JAVA" name="Click Operations Tab" description="Click Operations Tab" severity="Blocker">
		<component name="link"   action="click"      xpath="tab.operations" />
	</step>
	<step type="JAVA" name="Click Device Management" description="Performs - Click Device Management " severity="Blocker">
		<component name="link"   action="click"      xpath="sidemenu.operations.devicemanagement" />
	</step>
	<step type="JAVA" name="Add Tag to device" description="Add Tag to device" linkFile="src/test/jmeter/ph_6.4/regression/tags/AddTagToDevice.xml" severity="Blocker">	
		<parameter name="TagName" value="atagname_7182_1" />
		<parameter name="SerialNumber" value="'Serial Number'='Device-4876'" />	
		<parameter name="Notification" value="pass" />			
	</step>
	<step type="JAVA" name="Export Tag" description="Export Tag" severity="Blocker">
		<!-- search for a device in advance search -->		
		<component name="textbox"  action="entervalue" xpath="operations.devicemanagement.query" value="$$SerialNumber"/>
		<component name="button"  action="click" xpath="operations.devicemanagement.query.find" />
		<component name="timer" value="1" />
		<component name="checkbox"  action="enable" xpath="operations.devicemanagement.checkAll.device.icon" />		
		<!-- Export tag  assigned to device -->
		<component name="button"  action="click" xpath="operations.devicemanagement.export.tag.icon" />
		<component name="timer" value="3" />
		<component name=""  action="exportedfilename" saveTo="tagfilename"/>
		<component name="timer" value="1" />
		<component name=""  action="readcsvfile" value="$$tagfilename" saveTo="tagcsvresult" headerName="tag" splitBy="," csvvalue="$$TagName"/>
	</step>
	<step type="JAVA" name="Validate Tag Results from CSV File" description="Validate Tag results" severity="Blocker">
		<!-- validate result-->	
		<component name=""  action="validatevalues" value="$$tagcsvresult" compareWith="$$TagName" valkey="Tags Result" valdesc="Validate tagname exist in exported csv file" />
	</step>
</steps>