<steps name="TC4896_DLC-200_FirmwareUpgrade_CurrentVersion_lessThan_MinimumVersion" description="Validate the Firmware Upgrade when Current version and Target Version is less than minimum version"  severity="Blocker">

	<step type="START-DS" name="Start DS" description="Performs-Start DS" severity="Blocker">
		<parameter name="DEVICE_ID" value="device-4896" />
		<parameter name="ACS_IP" value="props::ACS_IP" />
		<parameter name="DEVICE_DATA_MODEL_NAME" value="Gateway - DLC 200" />
		<parameter name="fileTypeName" value="DLC Firmware" />
	</step>
	
	<!-- Login  -->	
	
	<step type="JAVA" name="Login" description="Performs - Login" severity="Blocker">
		<component name="textbox"  action="entervalue" xpath="login.username" value="props::PH_LOGIN_USERNAME"/>
		<component name="textbox"  action="entervalue" xpath="login.password" value="props::PH_LOGIN_PASSWORD" />
		<component name="button" action="click" 	 xpath="login.submit"  />
	</step>
	
	<!-- Search the Filetype in CustomizationManagement -->
	
	<step type="JAVA" name="Search the group" description="Performs - Search the Filetype" severity="Blocker">
		<component name="link"  action="click"  xpath="tab.system" />
		<component name="link"  action="click"  xpath="sidemenu.system.customiztionmanagement" />
		<component name="link"  action="click"  xpath="system.customizationmanagement.tags.tab" xpathInput="6"/>	
		<component name="select" action="entervalue" xpath="system.customizationmanagement.filetypes.filter_1.xpath" value="Name" type="custom"/> 
		<component name="timer" value="1" />
		<component name="textbox"  action="entervalue" xpath="system.customizationmanagement.filetypes.filter_2.xpath" value="$$fileTypeName" />
		<component name="timer" value="1"/>
		<component name="button" action="click" xpath="system.customizationmanagement.filetypes.find-btn" />
		<component name="timer" value="2"/>
	</step>
	
	<!-- Select the Visibility Mode -->
	<step type="JAVA" name="Validate Visibility Mode" description="Performs - Validate Visibility Mode" severity="Blocker">
		<component name="select" action="extract" xpath="system.customizationmanagement.filetypes.visibility" xpathInput = "$$fileTypeName"  type="string" saveTo="visibledata"/>
			<if value1="$$visibledata" value2="Read / Write" condition="not-equals">
				<component name="select" action="entervalue" xpath="system.customizationmanagement.filetypes.visibility" xpathInput = "$$fileTypeName"  type="custom" value="Read / Write"/>
				<component name="timer" value="2"/>
				<component name="button" action="click" xpath="system.customizationmanagement.filetypes.apply-btn" />
				<component name="notification" action="validate" xpath="notification.message" compareWith="Customization Management : Operation completed successfully" valdesc="Check Visibility Mode" valkey="Visibility Mode Selection"/>	
				<component name="timer" value="2" />	
			</if>
			<if value1="$$visibledata" value2="Read / Write" condition="equals">
				<component name="" action="validatevalues" value="Already Read / Write" compareWith="Already Read / Write" valdesc="Check Visibility Mode" valkey="Visibility Mode Selection"/>		
			</if>
	</step>
	
	
	<!-- Navigate to Device Management -->
	
	<step type="JAVA" name="Navigate to Device Management " description="Performs -Navigate to Device Management" severity="Blocker">
		<component name="link"   action="click"  xpath="tab.operations" />
		<component name="link"   action="click"  xpath="sidemenu.operations.devicemanagement" />
	</step>
	
	
	<!-- Device Query--> 
	
	<step type="JAVA" name="Enter the Query" description="Performs - Check the Status of Device " severity="Blocker">
		<component name="textbox"  action="entervalue" xpath="operations.devicemanagement.query" value="'Serial Number' LIKE device-4896 " />
		<component name="button"  action="click" xpath="operations.devicemanagement.query.find" />
		<component name="timer" value="2" />
		<component name="checkbox"  action="enable" xpath="operations.devicemanagement.query.checkall" />
		<component name="timer" value="2" />
	</step>
	
	<!-- Create Static Group -->
	
	<step type="JAVA" name="Create Static Group" description="Performs - Create Static Group" linkFile="src/test/jmeter/ph_6.4/regression/group/CreateStaticGroup.xml"  severity="Blocker">
		<parameter name="staticGroupName" value="Group-4896" />
		<parameter name="staticGroupDesc" value="Group-4896 description" />
		<parameter name="Notification" value="pass" />	
		<component name="timer" value="2" />
	</step>
	
	
	<!-- Click FileManagement Tab -->
	
	<step type="JAVA" name="Navigate to FileManagement SideMenu" description="Performs - Click SideMenu" severity="Major">
		<component name="link"   action="click"  xpath="tab.operations" />
		<component name="link"   action="click"    xpath="sidemenu.operations.filemanagement" />
	</step>
	
	
	<!-- Create FileManagement -->

	<step type="JAVA" name="Create FileManagement"  description="Performs - Create FileManagement" severity="Major" linkFile="src/test/jmeter/ph_6.4/regression/configurationsets/CreateFileManagement.xml">
		<parameter name="fmFileType" value="DLC Firmware"/>
		<parameter name="fmTitle" value="firmware_4896"/> 
		<parameter name="fmSoftwareVersion" value="1.60.1"/> 
		<parameter name="fmURL" value="https://test.com?version=1.60.1"/> 
	</step>
	
	<!-- Edit File Type -->
	
	<step type="JAVA" name="Edit FileType"  description="Performs - Edit FileType" severity="Major">
		<component name="link"   action="click"  xpath="tab.operations" />
		<component name="link"   action="click"    xpath="sidemenu.operations.fileTypes" />
		<component name="button" action="click" xpath="operations.filetypes.edit" xpathInput="DLC Firmware" />
		<component name="checkbox" action="enable" xpath="operations.filetypes.form.checkbox" xpathInput="row-supportMinVersion,2" />
		<component name="timer" value="2" />
		<component name="button" action="click" xpath="operations.filetypes.form.save" />
			<!-- Notification-->
			<component name="timer" value="2" />
				<if value1="$$Notification" value2="pass" condition="equals">
					<component name="notification" action="validate" xpath="notification.message" compareWith="File Types: File type has been successfully updated" valdesc="Edit File Types" valkey="Edit File Types"/>		
				</if>
				<if value1="$$Notification" value2="fail" condition="equals">
					<component name="notification" action="validate" xpath="notification.message" condition="contains" compareWith="already exists" valdesc="Check File Type already added" valkey="Notification" />		
				</if>
			<component name="timer" value="2" />
	</step>
	
	<!-- Click on configset in Sidemenu -->
	
	<step type="JAVA" name="Navigate to  ConfigSet SideMenu"  description="Performs - Click SideMenu" severity="Major">
		<component name="link"   action="click"   xpath= "sidemenu.operations.configurationset" />
		<component name="timer" value="3" />
	</step>
	
	<!-- Create ConfigSet -->
	
	<step type="JAVA" name="Create Configuration Set" linkFile="src/test/jmeter/ph_6.4/regression/configurationsets/ConfigurationSet.xml" description="Performs - Create Configuration Set " severity="Major">
		<parameter name="configName" value="Config-4896" />
		<parameter name="configDesc" value="Config-4896 description" />
	</step>
	
	 <!-- Associate the group -->
	
	<step type="JAVA" name="Create Associate Group" linkFile="src/test/jmeter/ph_6.4/regression/configurationsets/ConfigurationSet_AssocGroup.xml" description="Performs - Create Associate Group " severity="Major">
		<parameter name="configName" value="Config-4896"/>
		<parameter name="groupName" value="Group-4896"/>
		<component name="timer" value="3" />
	</step>

	<!-- Activating csets -->
	
	<step type="JAVA" name="Activate cset"  description="Performs - Activate cset" severity="Major" linkFile="src/test/jmeter/ph_6.4/regression/configurationsets/ActivateConfigurationSet.xml">
		<parameter name="configName" value="Config-4896"/>
	</step>
	
	<!-- Create New FileManagement -->
	
	<step type="JAVA" name="Create New FileManagement"  description="Performs - Create New FileManagement" severity="Major" linkFile="src/test/jmeter/ph_6.4/regression/configurationsets/ConfigurationSet_FileManagement.xml">
		<parameter name="fileType" value="DLC Firmware"/>
		<parameter name="fileName" value="firmware_4896"/>
		<parameter name="fileStatus" value="Enable"/> 
		<parameter name="minversupport" value="yes" />
		<parameter name="minversion" value="1.70.7" xpath="operations.configurationsets.filemanagement.minversion" />
		
	</step> 
	
	<!-- Check the Status of Device --> 
	
	<step type="JAVA" name="Check the Status of Device " description="Performs - Check the Status of Device " severity="Blocker">
		<component name="textbox"  action="entervalue" xpath="advancedsearch.textbox" value="device-4896"/>
		<component name="button"  action="click" xpath="advancedsearch.findbutton" />
		<component name="timer" value="5" />
		<component name=""  action="save" xpath="deviceview.device.status" saveTo="deviceOnline" attrName="class" compareWith="dvCircle circle-green" valdesc="Device View Portlet : Device Online" valkey="Device Status"/>		
		<component name="timer" value="3" />
	</step>
	
	<!-- Check the Software Version -->
	
	<step type="JAVA" name="Check the Software Version" description="Performs - Check the Software Version" severity="Blocker">
		<component name="button"  action="click" xpath="deviceview.devicepage.properties.path" xpathInput="1" />	
		<component name=""   action="extract" xpath="deviceview.devicepage.properties.table"  xpathInput="1" saveTo="Version" type="table" isHeaderAvailable="no"/>
		<component name=""   action="rowaction" value="JMETEROBJ::Version" compareWith="Software Version:"  columnindex="1,2" saveTo="PreSoftwareVersion" tableaction="gettext" elementtype="text"/>
		<component name="timer" value="2" />
	</step>
	
	<step type="DS" name="Device Properties : Get Value from DS" description="Performs - Fetch Value from DS " severity="Blocker">
		<component operation="gpv" name="InternetGatewayDevice.DeviceInfo.SoftwareVersion" saveTo="DSValue_PreSoftwareVersion" />
	</step>
	
	<step type="JAVA" name="Check the Software Version" description="Performs - Check the Software Version" severity="Blocker">
	<component name=""   action="validatelist" value="JMETEROBJ::PreSoftwareVersion" compareWith="$$DSValue_PreSoftwareVersion"  valdesc="Validate Device Sofware Version" valkey="Device Software Version" condition="equals"/>
	</step>
	
	<!-- Click Batch-->
	
	<step type="JAVA" name="Click Batch SideMenu" description="Click Groups SideMenu" severity="Blocker">
		<component name="link"   action="click"  xpath="tab.operations" />
		<component name="link"   action="click" xpath="sidemenu.operations.batchprocessing" />
	</step>
	
	<!-- Create Batch -->
	
	<step type="JAVA" name="Create New Batch"  description="Performs - Create New Batch" severity="Major" linkFile="src/test/jmeter/ph_6.4/regression/batch/CreateImmediateBatchSingleFwDownload.xml">
		<parameter name="batchName" value="Batch-4896"/>
		<parameter name="batchDesc" value="Batch-4896 description"/>
		<parameter name="FileDownload" value="yes"/>
	</step> 
	
	<!-- Verify Batch Status -->
	
	<step type="JAVA" name="Navigate to Batch Processing SideMenu" description="Performs - Click SideMenu" severity="Blocker">
		<component name="link" xpath="sidemenu.operations.batchprocessing" action="click" />
	</step>
	
	<step type="JAVA" name="Search Batch With Name"  linkFile="src/test/jmeter/ph_6.4/regression/batch/SearchBatchWithName.xml" description="Performs - Search Batch With Name" severity="Blocker">
	</step>
	
	<step type="JAVA" name="Verify Batch - Device Count" description="Performs - Verify Batch - Device Count" severity="Blocker">
		<component name=""       action="waitandvalidate" xpath="operations.batch.table.statustext" xpathInput="$$batchName" compareWith="Completed" maxwaittime="300" refreshinterval="10"/>
		<component name="button" action="click" xpath="operations.batch.table.batchname" xpathInput="$$batchName"  />
		<component name="timer" value="2" />
		<component name=""       action="validate" xpath="operations.batch.details.totaldevices" 	 compareWith="1" valdesc="Verify Total Devices" valkey="Total Devices"/>
		<component name=""       action="validate" xpath="operations.batch.details.completeddevices" compareWith="1" valdesc="Verify No of Runs" valkey="No of Run" />
		<component name=""       action="validate" xpath="operations.batch.details.successratio" compareWith="100"   valdesc="Verify success %" valkey="Success %"/>
		<component name=""       action="validate" xpath="operations.batch.details.failureratio" compareWith="0"     valdesc="Verify failure %" valkey="Failure %"/>
	</step>
	
	<!-- Send Boot event  -->
	
	<step type="DS" name="Send Boot Event" description="Performs - Send Boot Event" severity="Blocker">
		<component operation="sendEvent" name="Boot" deviceid="$$DEVICE_ID"/>
		<component name="timer" value="3" />
	</step>
	
	<!--Navigate to Device Discovery--> 
	
	<step type="JAVA" name="Check the Status of Device " description="Performs - Check the Status of Device " severity="Blocker">
		<component name="textbox"  action="entervalue" xpath="advancedsearch.textbox" value="device-4896"/>
		<component name="button"  action="click" xpath="advancedsearch.findbutton" />
		<component name="timer" value="5" />
		<component name=""  action="save" xpath="deviceview.device.status" saveTo="deviceOnline" attrName="class" compareWith="dvCircle circle-green" valdesc="Device View Portlet : Device Online" valkey="Device Status"/>		
		<component name="timer" value="3" />
	</step>
	
	<!-- Check the Software Version after Firmware Upgrade -->
	
	<step type="JAVA" name="Check the Software Version after Firmware Upgrade" description="Performs - Check the Software Version after Firmware Upgrade" severity="Blocker">
		<component name="button"  action="click" xpath="deviceview.devicepage.properties.path" xpathInput="1" />	
		<component name=""   action="extract" xpath="deviceview.devicepage.properties.table"  xpathInput="1" saveTo="PostVersion" type="table" isHeaderAvailable="no"/>
		<component name=""   action="rowaction" value="JMETEROBJ::PostVersion" compareWith="Software Version:"  columnindex="1,2" saveTo="PostSoftwareVersion" tableaction="gettext" elementtype="text"/>
		<component name="timer" value="2" />
	</step>
	
	<!-- Get Value from DS after Firmware Upgrade -->
	
	<step type="DS" name="Device Properties : Get Value from DS" description="Performs - Fetch Value from DS " severity="Blocker">
		<component operation="gpv" name="InternetGatewayDevice.DeviceInfo.SoftwareVersion" saveTo="DSValue_PostSoftwareVersion" />
	</step>
	
	
	<step type="JAVA" name="Check the Software Version" description="Performs - Check the Software Version" severity="Blocker">
		<component name=""   action="validatelist" value="JMETEROBJ::PostSoftwareVersion" compareWith="$$DSValue_PostSoftwareVersion" valdesc="Validate Device Sofware Version" valkey="Device Software Version" condition="equals"/>
	</step>
	
	<!-- Click ConfigSet-->
	
	<step type="JAVA" name="Click ConfigSet" description="Performs - Click ConfigSet " severity="Major">
		<component name="link"   action="click"  xpath="tab.operations" />
		<component name="link"   action="click"   xpath= "sidemenu.operations.configurationset" />
		<component name="timer" value="3" />
	</step>
	
	<!-- Delete CSET -->
	
	<step type="JAVA" name="Delete Config Set Root Level R1" linkFile="src/test/jmeter/ph_6.4/regression/configurationsets/DeleteCSET.xml" description="configuration set deletion on root level" severity="Blocker">
		<parameter name="configName" value="Config-4896" />
	</step>
	
	<!-- Click FileManagement Tab -->
	
	<step type="JAVA" name="Click FileManagement SideMenu" description="Performs - Click SideMenu" severity="Major">
		<component name="link"   action="click"  xpath="tab.operations" />
		<component name="link"   action="click"    xpath="sidemenu.operations.filemanagement" />
	</step>
	
	
	<!-- Delete FileManagement -->
	
	<step type="JAVA" name="Delete FileManagement" linkFile="src/test/jmeter/ph_6.4/regression/configurationsets/DeleteFileManagement.xml" description="FileManagement deletion" severity="Blocker">
		<parameter name="configName" value="firmware_4896" />
	</step>
	
	<!-- Click Batch-->
	
	<step type="JAVA" name="Click Batch SideMenu" description="Click Groups SideMenu" severity="Blocker">
		<component name="link"   action="click" xpath="sidemenu.operations.batchprocessing" />
	</step>
	
	<!-- Delete Batch -->
	<step type="JAVA" name="Delete Batch" linkFile="src/test/jmeter/ph_6.4/regression/batch/Search_DeleteBatch.xml" description="Delete Batch" severity="Blocker">
		<parameter name="batchName" value="Batch-4896"/>
	</step>
	 
	<!-- Click Groups-->
	
	<step type="JAVA" name="Click Groups SideMenu" description="Click Groups SideMenu" severity="Blocker">
		<component name="link"   action="click" xpath="sidemenu.operations.groups" />
	</step>
	
	<!-- Delete Group -->
	
	<step type="JAVA" name="Delete Group" linkFile="src/test/jmeter/ph_6.4/regression/group/DeleteGroup.xml" description="Delete Group" severity="Blocker">
		<parameter name="groupName" value="Group-4896"/>
	</step>
	
	<!-- Edit File Type -->
	
	<step type="JAVA" name="Edit FileType"  description="Performs - Edit FileType" severity="Major">
		<component name="link"   action="click"  xpath="tab.operations" />
		<component name="link"   action="click"    xpath="sidemenu.operations.fileTypes" />
		<component name="button" action="click" xpath="operations.filetypes.edit" xpathInput="DLC Firmware" />
		<component name="checkbox" action="disable" xpath="operations.filetypes.form.checkbox" xpathInput="row-supportMinVersion,2" />
		<component name="timer" value="2" />
		<component name="button" action="click" xpath="operations.filetypes.form.save" />
			<!-- Notification-->
			<component name="timer" value="2" />
				<if value1="$$Notification" value2="pass" condition="equals">
					<component name="notification" action="validate" xpath="notification.message" compareWith="File Types: File type has been successfully updated" valdesc="Edit File Types" valkey="Edit File Types"/>		
				</if>
				<if value1="$$Notification" value2="fail" condition="equals">
					<component name="notification" action="validate" xpath="notification.message" condition="contains" compareWith="already exists" valdesc="Check File Type already added" valkey="Notification" />		
				</if>
			<component name="timer" value="2" />
	</step>
	<!-- Search the Filetype in CustomizationManagement -->
	
	<step type="JAVA" name="Search the group" description="Performs - Search the Filetype" severity="Blocker">
		<component name="link"  action="click"  xpath="tab.system" />
		<component name="link"  action="click"  xpath="sidemenu.system.customiztionmanagement" />
		<component name="link"  action="click"  xpath="system.customizationmanagement.tags.tab" xpathInput="6"/>	
		<component name="select" action="entervalue" xpath="system.customizationmanagement.filetypes.filter_1.xpath" value="Name" type="custom"/> 
		<component name="timer" value="1" />
		<component name="textbox"  action="entervalue" xpath="system.customizationmanagement.filetypes.filter_2.xpath" value="$$fileTypeName" />
		<component name="timer" value="1"/>
		<component name="button" action="click" xpath="system.customizationmanagement.filetypes.find-btn" />
		<component name="timer" value="2"/>
	</step>
	
	<!-- Select the Visibility Mode -->
	<step type="JAVA" name="Validate Visibility Mode" description="Performs - Validate Visibility Mode" severity="Blocker">
		<component name="select" action="extract" xpath="system.customizationmanagement.filetypes.visibility" xpathInput = "$$fileTypeName"  type="string" saveTo="visibledata"/>
			<if value1="$$visibledata" value2="Read / Write" condition="equals">
				<component name="select" action="entervalue" xpath="system.customizationmanagement.filetypes.visibility" xpathInput = "$$fileTypeName"  type="custom" value="Read Only"/>
				<component name="timer" value="2"/>
				<component name="button" action="click" xpath="system.customizationmanagement.filetypes.apply-btn" />
				<component name="notification" action="validate" xpath="notification.message" compareWith="Customization Management : Operation completed successfully" valdesc="Check Visibility Mode" valkey="Visibility Mode Selection"/>	
				<component name="timer" value="2" />	
			</if>
			<if value1="$$visibledata" value2="Read Only" condition="equals">
				<component name="" action="validatevalues" value="Already Read-Only" compareWith="Already Read-Only" valdesc="Check Visibility Mode" valkey="Visibility Mode Selection"/>		
			</if>
</steps>