<steps name="TC5288_Group_Invisible" description="Validate System Group in Invisible mode" severity="Blocker">

	<step type="START-DS" name="Start DS" description="Performs-Start DS" severity="Blocker">
		<parameter name="DEVICE_ID" value="device-5288" />
		<parameter name="ACS_IP" value="props::ACS_IP" />
		<parameter name="DEVICE_DATA_MODEL_NAME" value="props::DEVICE_DATA_MODEL_NAME" />
		<parameter name="groupName" value="All"/>
	</step>
	
	<!-- Login  -->
	
	<step type="JAVA" name="Login" description="Performs - Login" severity="Blocker">
		<component name="textbox"  action="entervalue" xpath="login.username" value="props::PH_LOGIN_USERNAME"/>
		<component name="textbox"  action="entervalue" xpath="login.password" value="props::PH_LOGIN_PASSWORD" />
		<component name="button" action="click" 	 xpath="login.submit"  />
	</step>
	
	<!-- Search the group in CustomizationManagement -->
	
	<step type="JAVA" name="Search the group" description="Performs - Search the group" severity="Blocker">
		<component name="link"  action="click"  xpath="tab.system" />
		<component name="link"  action="click"  xpath="sidemenu.system.customiztionmanagement" />
		<component name="link"  action="click"  xpath="sidemenu.system.customiztionmanagement.tablist.groups" />
		<component name="select" action="entervalue" xpath="system.customizationmanagement.groups.filter_1.xpath" value="Name" type="custom"/> 
		<component name="timer" value="1" />
		<component name="textbox"  action="entervalue" xpath="system.customizationmanagement.groups.filter_2.xpath" value="$$groupName" />
		<component name="timer" value="1"/>
		<component name="button" action="click"   xpath="system.customizationmanagement.groups.find-btn" />
		<component name="timer" value="2"/>
	</step>
	
	<!-- Select the Visibility Mode -->
	
	<step type="JAVA" name="Select the Visibility Mode" description="Performs - Select the Visibility Mode"  severity="Blocker">
		<component name="select" action="entervalue" xpath="system.customizationmanagement.groups.visibility" xpathInput = "$$groupName"  type="custom" value="Invisible"/>
		<component name="button" action="click"   xpath="system.customizationmanagement.groups.apply-btn" />
		<component name="timer" value="2" />
		<component name="notification" action="validate" xpath="notification.message" compareWith="Customization Management : Operation completed successfully"/>
	</step>
	
	<!-- Advanced Search -->
	
	<step  type="JAVA" name="Search"  description="Performs - Activate cset" severity="Blocker">
		<component name="textbox"  action="entervalue" xpath="advancedsearch.textbox" value="$$DEVICE_ID" />
		<component name="button" action="click"  xpath="advancedsearch.findbutton" />
		<component name="timer" value="4" />
	</step>
	
	
	<!-- Click on Groups tab in device portlet -->
	
	<step  type="JAVA" name="Click  Groups "  description="Performs - Click Groups" severity="Blocker">
		<component name="link"  action="click" xpath="deviceview.devicepage.devicesidemenu.device_operations" />
		<component name="timer" value="3" />
		<component name="link"  action="click" xpath="deviceview.devicepage.deviceportlet.groups" />
		<component name="timer" value="2" />
	</step>
	
	<!-- Check for Element UnAvailability -->
	
	<step type="JAVA" name="Verify Group UnAvailability" description="Performs - Group Element UnAvailability " severity="Blocker">
		<component name=""  action="element-availability" xpath="deviceview.groups.table.groupname" xpathInput="$$groupName" saveTo="groupAvailability" compareWith="Element not present" valdesc="Check Element availability" valkey="Presence"/>
	</step>
	
	<!-- Search the group in CustomizationManagement -->
	
	<step type="JAVA" name="Search the group" description="Performs - Search the group" severity="Blocker">
		<component name="link"  action="click"  xpath="tab.system" />
		<component name="link"  action="click"  xpath="sidemenu.system.customiztionmanagement" />
		<component name="link"  action="click"  xpath="sidemenu.system.customiztionmanagement.tablist.groups" />
		<component name="select" action="entervalue" xpath="system.customizationmanagement.groups.filter_1.xpath" value="Name" type="custom"/> 
		<component name="timer" value="1" />
		<component name="textbox"  action="entervalue" xpath="system.customizationmanagement.groups.filter_2.xpath" value="$$groupName" />
		<component name="timer" value="1"/>
		<component name="button" action="click"   xpath="system.customizationmanagement.groups.find-btn" />
		<component name="timer" value="2"/>
	</step>
	
	<!-- Select the Visibility Mode -->
	
	<step type="JAVA" name="Select the Visibility Mode" description="Performs - Select the Visibility Mode"  severity="Blocker">
		<component name="select" action="entervalue" xpath="system.customizationmanagement.groups.visibility" xpathInput = "$$groupName"  type="custom" value="Read Only"/>
		<component name="button" action="click" xpath="system.customizationmanagement.groups.apply-btn" />
		<component name="timer" value="2" />
		<component name="notification" action="validate" xpath="notification.message" compareWith="Customization Management : Operation completed successfully"/>
	</step>
	
	
</steps>