<steps name="TC5829_Group_Enabled" description="Validate the System Group in Enable mode" severity="Blocker">

	<step type="START-DS" name="Start DS" description="Performs-Start DS" severity="Blocker">
		<parameter name="DEVICE_ID" value="device-5289" />
		<parameter name="ACS_IP" value="props::ACS_IP" />
		<parameter name="DEVICE_DATA_MODEL_NAME" value="props::DEVICE_DATA_MODEL_NAME" />
		
		<parameter name="groupName" value="All"/>
	</step>
	
	<!-- Login  -->
	
	<step type="JAVA" name="Login" description="Performs - Login" severity="Blocker">
		<component name="textbox"  action="entervalue" xpath="login.username" value="props::PH_LOGIN_USERNAME"/>
		<component name="textbox"  action="entervalue" xpath="login.password" value="props::PH_LOGIN_PASSWORD" />
		<component name="button" action="click" 	 xpath="login.submit"  />
	</step>
	
	<!-- Navigate to Groups in CustomizationManagement -->
	
	<step type="JAVA" name="Click Groups" description="Performs - Click Groups" severity="Blocker">
		<component name="link"  action="click"  xpath="tab.system" />
		<component name="link"  action="click"  xpath="sidemenu.system.customiztionmanagement" />
		<component name="link"  action="click"  xpath="sidemenu.system.customiztionmanagement.tablist.groups" />
	</step>	
		
	<!-- Search the Group Name -->
	
	<step type="JAVA" name="Search Groups" description="Performs - Search Groups" severity="Blocker">
		<component name="select" action="entervalue" xpath="system.customizationmanagement.groups.filter_1.xpath" value="Name" type="custom"/> 
		<component name="timer" value="2" />
		<component name="textbox"  action="entervalue" xpath="system.customizationmanagement.groups.filter_2.xpath" value="$$groupName" />
		<component name="timer" value="2"/>
		<component name="button" action="click"   xpath="system.customizationmanagement.groups.find-btn" />
		<component name="timer" value="2"/>	
	</step>
	
	<!-- Check Enabled/disabled Mode -->
	
	<step type="JAVA" name="Validate checkBox in System groups" description="Performs - Validate checkBox in System groups" severity="Blocker">
		<component name="checkbox"  action="enable" xpath="system.customizationmanagement.groups.checkboxselected" xpathInput = "$$groupName"  saveTo="enabled"/>
			<if value1="$$enabled" value2="enable" condition="equals">
				<component name="" action="validatevalues" value="Enabled" compareWith="Enabled" valdesc="Check Enable Mode" valkey="Enable Mode Selection"/>			
			</if>
			
	</step>
	
	
	<!-- Advanced Search -->
	
	<step  type="JAVA" name="Search"  description="Performs - Search" severity="Blocker">
		<component name="textbox"  action="entervalue" xpath="advancedsearch.textbox" value="$$DEVICE_ID" />
		<component name="button" action="click"  xpath="advancedsearch.findbutton" />
		<component name="timer" value="4" />
	</step>
	
	
	<!-- Click on Groups tab in device portlet -->
	
	<step  type="JAVA" name="Click  Groups "  description="Performs - Click Groups " severity="Blocker">
		<component name="link"  action="click" xpath="deviceview.devicepage.devicesidemenu.device_operations" />
		<component name="timer" value="3" />
		<component name="link"  action="click" xpath="deviceview.devicepage.deviceportlet.groups" />
		<component name="timer" value="2" />
	</step>
	
	<!-- Check for Element Availability -->
	
	<step type="JAVA" name="Verify Group Availability" description="Performs - Group Element Availability " severity="Blocker">
		<component name=""  action="element-availability" xpath="deviceview.groups.table.groupname" xpathInput="$$groupName" saveTo="groupAvailability" compareWith="Element present" valdesc="Check Element availability" valkey="Presence"/>
	</step>
	
	
	
</steps>