<steps>
	<step type="JAVA" name="Login" description="PrimeHome Login" severity="Blocker">
		<component name="textbox"  action="entervalue" xpath="login.username" value="props::PH_LOGIN_USERNAME"/>
		<component name="textbox"  action="entervalue" xpath="login.password" value="props::PH_LOGIN_PASSWORD" />
		<component name="button" action="click" 	 xpath="login.submit"  />
	</step>
	<step type="JAVA" name="Click System Tab" description="Click System Tab" severity="Blocker">
		<component name="link"   action="click"      xpath="tab.system" />
	</step>
	<step type="JAVA" name="Click Customization Management SideMenu" description="Click Customization Management SideMenu" severity="Blocker">
		<component name="link"   action="click"      xpath="sidemenu.system.customizationmanagement" />
	</step>
	<step type="JAVA" name="Verify System Groups Portlet" description="Verify System Groups" severity="Blocker" loopcontrol="yes">		
		<component name="link" action="click" xpath="system.customizationmanagement.tags.tab" xpathInput="3"/>	
		<component name=""   action="extract" xpath="system.customizationmanagement.groups.table"  saveTo="systemGroupsTableData" type="table" />
		<component name=""   action="extract" type="elementsize" xpath="system.customizationmanagement.groups.pagenavigation" xpathInput="3" saveTo="sysGroupsPageSize" />
		<component name="timer" value="1" />
			<loop value="$$sysGroupsPageSize" condition="paging" >
				<component name="timer" value="2" />
				<component name=""   action="extract" xpath="system.customizationmanagement.groups.table"  saveTo="systemGroupsTableData" type="table" />
				<component name="timer" value="2" />
				<component name=""   action="rowaction" value="JMETEROBJ::systemGroupsTableData" compareWith="checked"  columnindex="2,1" dataindex="1" saveTo="sysgroupsResult" tableaction="gettext" elementtype="checkbox" />
				<component name="timer" value="2" />
				<component name=""   action="multicolaction" value="JMETEROBJ::systemGroupsTableData" compareWith="Checked,Read Only"  columnindex="2,3,1" dataindex="1" saveTo="sysgroupsResult" tableaction="gettext" elementtype="checkbox,text" />
			</loop>
	</step>
	<step type="JAVA" name="Click Operations Tab" description="Click Operations Tab" severity="Blocker">
		<component name="link"   action="click"      xpath="tab.operations" />
	</step>
	<step type="JAVA" name="Click Groups SideMenu" description="Click Groups SideMenu" severity="Blocker">
		<component name="link"   action="click"      xpath="sidemenu.operations.groups" />
	</step>
	<step type="JAVA" name="Verify Operations Groups Portlet" description="Verify Operations Groups" severity="Blocker" loopcontrol="yes">
	
		<component name=""   action="extract" xpath="operations.groups.table"  saveTo="operationsTableGroupsData" type="table" />
		<component name=""   action="extract" type="elementsize" xpath="operations.groups.pagenavigation" saveTo="OpGroupsPageSize" />
		<component name="timer" value="1" />
			<loop value="$$OpGroupsPageSize" condition="paging" >
				<component name="timer" value="2" />
				<component name=""   action="extract" xpath="operations.groups.table"  saveTo="operationsTableGroupsData" type="table" />
				<component name="timer" value="2" />
				<component name=""   action="rowaction" value="JMETEROBJ::operationsTableGroupsData" compareWith="System"  columnindex="4,2" dataindex="2" saveTo="operationgroupsResult" tableaction="getlinktext" elementtype="text"/>
				<component name="timer" value="2" />
				<component name=""   action="rowaction" value="JMETEROBJ::operationsTableGroupsData" compareWith="background-image: none;"  columnindex="8,2" dataindex="2,2" saveTo="operationgroupsResult" attrName="style" tableaction="getlinktext" elementtype="attribute"/>
			</loop>
	</step>
	<step type="JAVA" name="Validate Groups Results" description="Validate Groups Reults" severity="Blocker">	
		<component name=""   action="validatelist" value="JMETEROBJ::operationgroupsResult" compareWith="JMETEROBJ::sysgroupsResult"  valdesc="Validate Groups Results" valkey="Groups Result" />
	</step>	
</steps>

