<steps name="TC5574_Verify_Result_Of_Firmware_Upgrade" description="Validate the Firm ware Upgrade Batch Details"  severity="Blocker">

	<!-- Login  -->	
	
	<step type="JAVA" name="Login" description="Performs - Login" severity="Blocker">
		<component name="textbox"  action="entervalue" xpath="login.username" value="props::PH_LOGIN_USERNAME"/>
		<component name="textbox"  action="entervalue" xpath="login.password" value="props::PH_LOGIN_PASSWORD" />
		<component name="button" action="click" 	 xpath="login.submit"  />
		<parameter name="batchName" value="DLC FW upgrade" />
	</step>
	
	<!-- Click Tab -->
	
	<step type="JAVA" name="Navigates to Batch Processing"  description="Performs - Click Tab" severity="Blocker">
		<component name="link"   action="click" xpath="tab.operations" />
		<component name="link" action="click" xpath="sidemenu.operations.batchprocessing" />
	</step>
	
	<!-- Search Batch -->
	
	<step type="JAVA" name="Search Batch With Name"  linkFile="src/test/jmeter/ph_6.4/regression/batch/SearchBatchWithName.xml" description="Performs - Search Batch With Name " severity="Blocker">
	</step>
	
	<!-- Navigate to Batch -->
	
	<step type="JAVA" name="Click on the Searched Batch name"  description="Performs - Click on the Searched Batch name" severity="Blocker">
		<component name="link"   action="click" xpath="operations.batch.table.batchname" xpathInput="DLC FW upgrade (predefined batch)" />
		<component name="timer" value="5" />
	</step>
	
	<step type="JAVA" name="Batch Properties : Get Value from UI" description="Batch Properties" severity="Blocker">	
		<component name=""   action="extract" xpath="operations.dlc_batch.view.topTable" saveTo="batchpropdetails" type="table" isHeaderAvailable="no"/>
		<component name=""   action="rowaction" value="JMETEROBJ::batchpropdetails" compareWith="Batch Name:"  columnindex="1,2" saveTo="BatchName" tableaction="gettext" elementtype="text"/>
		<component name=""   action="rowaction" value="JMETEROBJ::batchpropdetails" compareWith="Batch Description:"  columnindex="1,2" saveTo="BatchDescription" tableaction="gettext" elementtype="text"/>
		<component name=""   action="rowaction" value="JMETEROBJ::batchpropdetails" compareWith="Group Name"  columnindex="1,2" saveTo="GroupName" tableaction="gettext" elementtype="text"/>
		<component name=""   action="rowaction" value="JMETEROBJ::batchpropdetails" compareWith="Excluded groups"  columnindex="1,2" saveTo="ExcludedGroups" tableaction="gettext" elementtype="text"/>
		<component name=""   action="rowaction" value="JMETEROBJ::batchpropdetails" compareWith="Submitted By"  columnindex="1,2" saveTo="SubmittedBy" tableaction="gettext" elementtype="text"/>
		<component name=""   action="rowaction" value="JMETEROBJ::batchpropdetails" compareWith="Actions"  columnindex="1,2" saveTo="Actions" tableaction="gettext" elementtype="text"/>		
		<component name=""   action="rowaction" value="JMETEROBJ::batchpropdetails" compareWith="Type"  columnindex="3,4" saveTo="Type" tableaction="gettext" elementtype="text"/>
		<component name=""   action="rowaction" value="JMETEROBJ::batchpropdetails" compareWith="Triggering"  columnindex="3,4" saveTo="Triggering" tableaction="gettext" elementtype="text"/>
		<component name=""   action="rowaction" value="JMETEROBJ::batchpropdetails" compareWith="Filtering"  columnindex="3,4" saveTo="Filtering" tableaction="gettext" elementtype="text"/>
		<component name=""   action="rowaction" value="JMETEROBJ::batchpropdetails" compareWith="Throttling"  columnindex="3,4" saveTo="Throttling" tableaction="gettext" elementtype="text"/>
		<component name=""   action="rowaction" value="JMETEROBJ::batchpropdetails" compareWith="Submitted Time"  columnindex="3,4" saveTo="SubmittedTime" tableaction="gettext" elementtype="text"/>
		<component name="timer" value="1" />
		<component name=""   action="extract" xpath="operations.dlc_batch.view.bottomTable"  xpathInput="1" saveTo="batchruntime" type="table" isHeaderAvailable="no"/>
		<component name=""   action="rowaction" value="JMETEROBJ::batchruntime" compareWith="Start Time:"  columnindex="1,2" saveTo="StartTime" tableaction="gettext" elementtype="text"/>
		<component name=""   action="rowaction" value="JMETEROBJ::batchruntime" compareWith="End Time:"  columnindex="1,2" saveTo="EndTime" tableaction="gettext" elementtype="text"/>
		<component name=""   action="rowaction" value="JMETEROBJ::batchruntime" compareWith="Progress:"  columnindex="1,2" saveTo="Progress" tableaction="gettext" elementtype="text"/>
		<component name=""   action="rowaction" value="JMETEROBJ::batchruntime" compareWith="Total Running Time:"  columnindex="1,2" saveTo="TotalRunningTime" tableaction="gettext" elementtype="text"/>
		<component name="timer" value="1" />
		<component name=""   action="extract" xpath="operations.dlc_batch.view.bottomTable"  xpathInput="2" saveTo="batchdevicescount" type="table" isHeaderAvailable="no"/>
		<component name=""   action="rowaction" value="JMETEROBJ::batchdevicescount" compareWith="Total Number of Devices:"  columnindex="1,2" saveTo="TotalDevices:" tableaction="gettext" elementtype="text"/>
		<component name=""   action="rowaction" value="JMETEROBJ::batchdevicescount" compareWith="Total Number of Runs:"  columnindex="1,2" saveTo="TotalRuns:" tableaction="gettext" elementtype="text"/>
		<component name=""   action="rowaction" value="JMETEROBJ::batchdevicescount" compareWith="Success Rate:"  columnindex="1,2" saveTo="SuccessRate" tableaction="gettext" elementtype="text"/>
		<component name=""   action="rowaction" value="JMETEROBJ::batchdevicescount" compareWith="Failure Rate:"  columnindex="1,2" saveTo="FailureRate" tableaction="gettext" elementtype="text"/>
		<component name="timer" value="1" />
	</step>
</steps>