<steps name="TC5512_Verify_DLC_Firmware_Upgrade_Registered_Device" description="Validate the Firm ware Upgrade is blocked by default for a registered device"  severity="Blocker">
	

	<step type="START-MULTI-DS" name="Start Multiple DS" online="2" offline="0">
		<parameter name="ACS_IP" value="props::ACS_IP" />
		<parameter name="DEVICE_DATA_MODEL_NAME" value="Gateway - DLC 100" />
		<parameter name="DEVICE_PRE" value="props::DEVICE_PRE" />
		<parameter name="parameterName_1" value="InternetGatewayDevice.ManagementServer.X_CISCO_COM_Generate_Birth_Certificate_Status" />
		<parameter name="parameterName_2" value="InternetGatewayDevice.ManagementServer.X_CISCO_COM_Generate_Birth_Certificate" />
		<parameter name="parameterValue_1" value="In Progress" />
		<parameter name="parameterValue_2" value="0" />		
		<parameter name="actionName" value="DLC Firmware Upgrade" />
		<parameter name="batchName" value="Batch-5512"/>
		<parameter name="batchDesc" value="Batch-5512 description"/>
		<parameter name="groupName" value="Group-5512"/>
	</step>
	
	<!-- Login  -->	
	
	<step type="JAVA" name="Login" description="Performs - Login" severity="Blocker">
		<component name="textbox"  action="entervalue" xpath="login.username" value="props::PH_LOGIN_USERNAME"/>
		<component name="textbox"  action="entervalue" xpath="login.password" value="props::PH_LOGIN_PASSWORD" />
		<component name="button" action="click" 	 xpath="login.submit"  />
	</step>
	
	
	<!-- Get Birth Certificate Status of first Device -->
	
	<step type="DS" name="Get Birth certificate status of First device" description="Get Birth certificate status of first device" severity="Blocker" >
		<parameter name="parameterName_1" value="InternetGatewayDevice.ManagementServer.X_CISCO_COM_Generate_Birth_Certificate_Status" />
		<component operation="gpv" name="$$parameterName_1" saveTo="parameterValueFromUI" compareWith="$$parameterValue_1" valdesc="Get Birth Certificate Status" valkey="BCStatus" deviceid="DEVICE-1"/>
	</step>
	
	<step type="DS" name="Get Birth certificate status of First device" description="Get Birth certificate status of first device" severity="Blocker" >
		<parameter name="parameterName_2" value="InternetGatewayDevice.ManagementServer.X_CISCO_COM_Generate_Birth_Certificate" />
		<component operation="gpv" name="$$parameterName_2" saveTo="parameterValueFromUI_1" compareWith="$$parameterValue_2" valdesc="Get Birth Certificate Status" valkey="BCStatus" deviceid="DEVICE-1"/>
	</step>
	
	<!-- Verify Value in UI of first Device -->
	
	<step type="JAVA" name="Verify Value in UI of First Device" description="Compares the value in UI with the provided value." severity="Blocker" >
		<component name="textbox"  action="entervalue" xpath="advancedsearch.textbox" value="JMETERREP::$$DEVICE_PRE$$1"/>
		<component name="button"  action="click" xpath="advancedsearch.findbutton" />
		<component name="timer" value="5" />
		<component name="link" xpath="sidemenu.deviceview.parameters" action="click" />
		<component name="timer" value="3" />
		<component name="textbox"  action="entervalue" xpath="deviceview.devicepage.parameters.search.text" value="$$parameterName_1"/>
		<component name="timer" value="2" />
		<component name="link" xpath="deviceview.devicepage.parameters.search.text.select" xpathInput="$$parameterName_1" action="click" />
		<component name="timer" value="2" />
		<component name=""   action="save" xpath="deviceview.devicepage.parameters.value" attrName="value" saveTo="parameterValueFromUI1" />
		<component name=""   action="validatevalues" value="$$parameterValueFromUI1" compareWith="$$parameterValue_1"  valkey="Value" valdesc="Validates the parameter value in the Parameters tab."/>
		<component name="timer" value="3" />
		<component name="textbox"  action="entervalue" xpath="deviceview.devicepage.parameters.search.text" value="$$parameterName_2"/>
		<component name="timer" value="2" />
		<component name="link" xpath="deviceview.devicepage.parameters.search.text.select" xpathInput="$$parameterName_2" action="click" />
		<component name="timer" value="5" />
	</step>
	
	<!--Get Value from UI of first Device  -->
	
	<step type="JAVA" name="Parameter Properties : Get Value from UI of First Device" description="Parameter Properties" severity="Blocker">	
		<component name=""   action="extract" xpath="deviceview.devicepage.parameters.recentview.table" saveTo="parameterpropdetails_1" type="table" isHeaderAvailable="no"/>
		<component name="" action="rowaction" value="JMETEROBJ::parameterpropdetails_1" compareWith="X_CISCO_COM_Generate_Birth_Certificate" columnindex="1,2" saveTo="ParameterName_1" tableaction="gettext" elementtype="text"/>
	</step>
	
	<step type="JAVA" name="Validate Device Properties of First DEVICE" description="Performs - Verify Properties Value" severity="Blocker">
		<component name="timer" value="2" />
		<component name=""   action="validatelist" value="JMETEROBJ::ParameterName_1" compareWith="$$parameterValue_2"  valdesc="Validate Birth Certificate" valkey="Birth Certificate" condition="equals" />
	</step>
	
	
	<!-- Get Birth Certificate Status of Second Device -->
	
	<step type="DS" name="Get Birth certificate status of Second Device" description="Get Birth certificate status of Second device" severity="Blocker" >
		<parameter name="parameterName_1" value="InternetGatewayDevice.ManagementServer.X_CISCO_COM_Generate_Birth_Certificate_Status" />
		<component operation="gpv" name="$$parameterName_1" saveTo="parameterValueFromUI2" compareWith="$$parameterValue_1" valdesc="Get Birth Certificate Status" valkey="BCStatus" deviceid="DEVICE-2"/>
	</step>
	
	<step type="DS" name="Get Birth certificate status of Second device" description="Get Birth certificate status of first device" severity="Blocker" >
		<parameter name="parameterName_2" value="InternetGatewayDevice.ManagementServer.X_CISCO_COM_Generate_Birth_Certificate" />
		<component operation="gpv" name="$$parameterName_2" saveTo="parameterValueFromUI_2" compareWith="$$parameterValue_2" valdesc="Get Birth Certificate Status" valkey="BCStatus" deviceid="DEVICE-2"/>
	</step>
	
	<!-- Verify Value in UI of Second Device -->
	
	<step type="JAVA" name="Verify Value in UI of Second Device" description="Compares the value in UI with the provided value." severity="Blocker" >
		<component name="textbox"  action="entervalue" xpath="advancedsearch.textbox" value="JMETERREP::$$DEVICE_PRE$$2"/>
		<component name="button"  action="click" xpath="advancedsearch.findbutton" />
		<component name="timer" value="5" />
		<component name="link" xpath="sidemenu.deviceview.parameters" action="click" />
		<component name="timer" value="3" />
		<component name="textbox"  action="entervalue" xpath="deviceview.devicepage.parameters.search.text" value="$$parameterName_1"/>
		<component name="timer" value="2" />
		<component name="link" xpath="deviceview.devicepage.parameters.search.text.select" xpathInput="$$parameterName_1" action="click" />
		<component name="timer" value="2" />
		<component name=""   action="save" xpath="deviceview.devicepage.parameters.value" attrName="value" saveTo="parameterValueFromUI_2" />
		<component name=""   action="validatevalues" value="$$parameterValueFromUI_2" compareWith="$$parameterValue_1"  valkey="Value" valdesc="Validates the parameter value in the Parameters tab."/>
		<component name="timer" value="3" />
		<component name="textbox"  action="entervalue" xpath="deviceview.devicepage.parameters.search.text" value="$$parameterName_2"/>
		<component name="timer" value="2" />
		<component name="link" xpath="deviceview.devicepage.parameters.search.text.select" xpathInput="$$parameterName_2" action="click" />
		<component name="timer" value="5" />
	</step>
	
	<!--Get Value from UI of Second Device  -->
	
	<step type="JAVA" name="Parameter Properties : Get Value from UI of Second Device" description="Parameter Properties" severity="Blocker">	
		<component name=""   action="extract" xpath="deviceview.devicepage.parameters.recentview.table" saveTo="parameterpropdetails_2" type="table" isHeaderAvailable="no"/>
		<component name="" action="rowaction" value="JMETEROBJ::parameterpropdetails_2" compareWith="X_CISCO_COM_Generate_Birth_Certificate" columnindex="1,2" saveTo="ParameterName_2" tableaction="gettext" elementtype="text"/>
	</step>
	
	<step type="JAVA" name="Validate Device Properties of Second Device" description="Performs - Verify Properties Value" severity="Blocker">
		<component name="timer" value="2" />
		<component name=""   action="validatelist" value="JMETEROBJ::ParameterName_2" compareWith="$$parameterValue_2"  valdesc="Validate Birth Certificate" valkey="Birth Certificate" condition="equals" />
	</step>
	
	<!-- Check the Status of first Device  --> 
	
	<step type="JAVA" name="Check the Status of Device of first Device" description="Performs - Check the Status of Device " severity="Blocker">
		<component name="textbox"  action="entervalue" xpath="advancedsearch.textbox" value="JMETERREP::$$DEVICE_PRE$$1"/>
		<component name="button"  action="click" xpath="advancedsearch.findbutton" />
		<component name="timer" value="5" />
		<component name=""  action="save" xpath="deviceview.device.status" saveTo="deviceOnline" attrName="class" compareWith="dvCircle circle-green" valdesc="Device View Portlet : Device Online" valkey="Device Status"/>		
		<component name="timer" value="3" />
	</step>
	
	
	<!-- Check the Software Version -->
	
	<step type="JAVA" name="Check the Software Version before Firmware Upgrade of first Device" description="Performs - Check the Software Version" severity="Blocker">
		<component name="button"  action="click" xpath="deviceview.devicepage.properties.path" xpathInput="1" />	
		<component name=""   action="extract" xpath="deviceview.devicepage.properties.table"  xpathInput="1" saveTo="firstPreVersion" type="table" isHeaderAvailable="no"/>
		<component name=""   action="rowaction" value="JMETEROBJ::firstPreVersion" compareWith="Software Version:"  columnindex="1,2" saveTo="firstSoftwareVersion" tableaction="gettext" elementtype="text"/>
		<component name="timer" value="2" />
	</step>
	
	<step type="DS" name="Device Properties : Get Value from DS of first Device" description="Performs - Fetch Value from DS " severity="Blocker">
		<component operation="gpv" name="InternetGatewayDevice.DeviceInfo.SoftwareVersion" saveTo="DSValuefirstSoftwareVersion" deviceid="DEVICE-1" />
	</step>
	
	<step type="JAVA" name="Check the Software Version of first Device" description="Performs - Check the Software Version" severity="Blocker">
		<component name="" action="validatelist" value="JMETEROBJ::firstSoftwareVersion" compareWith="$$DSValuefirstSoftwareVersion" valdesc="Validate Device Sofware Version" valkey="Device Software Version" condition="equals"/>
	</step>
	
	
	<!-- Check the Status of Second Device  --> 
	
	
	<step type="JAVA" name="Check the Status of Device of Second Device" description="Performs - Check the Status of Device " severity="Blocker">
		<component name="textbox"  action="entervalue" xpath="advancedsearch.textbox" value="$$DEVICE_PRE$$2"/>
		<component name="button"  action="click" xpath="advancedsearch.findbutton" />
		<component name="timer" value="5" />
		<component name=""  action="save" xpath="deviceview.device.status" saveTo="deviceOnline" attrName="class" compareWith="dvCircle circle-green" valdesc="Device View Portlet : Device Online" valkey="Device Status"/>		
		<component name="timer" value="3" />
	</step>
	
	
	<!-- Check the Software Version-->
	
	<step type="JAVA" name="Check the Software Version before Firmware Upgrade of Second Device" description="Performs - Check the Software Version before Firmware Upgrade" severity="Blocker">
		<component name="button"  action="click" xpath="deviceview.devicepage.properties.path" xpathInput="1" />	
		<component name=""   action="extract" xpath="deviceview.devicepage.properties.table"  xpathInput="1" saveTo="second_PreVersion" type="table" isHeaderAvailable="no"/>
		<component name=""   action="rowaction" value="JMETEROBJ::second_PreVersion" compareWith="Software Version:"  columnindex="1,2" saveTo="second_PreSoftwareVersion" tableaction="gettext" elementtype="text"/>
		<component name="timer" value="2" />
	</step>
	
	<!-- Get Value from DS -->
	
	<step type="DS" name="Device Properties : Get Value from DS of Second Device" description="Performs - Fetch Value from DS " severity="Blocker">
		<component operation="gpv" name="InternetGatewayDevice.DeviceInfo.SoftwareVersion" saveTo="DSValue_secondPreSoftwareVersion" deviceid="DEVICE-2" />
	</step>
	
	<step type="JAVA" name="Check the Software Version of Second Device" description="Performs - Check the Software Version" severity="Blocker">
		<component name=""   action="validatelist" value="JMETEROBJ::second_PreSoftwareVersion" compareWith="$$DSValue_secondPreSoftwareVersion" valdesc="Validate Device Sofware Version" valkey="Device Software Version" condition="equals"/>
	</step>
	
	<!-- Navigate to Device Management -->
	
	<step type="JAVA" name="Navigate to Device Management " description="Performs -Navigate to Device Management" severity="Blocker">
		<component name="link"   action="click"  xpath="tab.operations" />
		<component name="link"   action="click"  xpath="sidemenu.operations.devicemanagement" />
	</step>
	
	<!-- Device Query--> 
	
	<step type="JAVA" name="Enter the Query" description="Performs - Check the Status of Device " severity="Blocker">
		<component name="textbox"  action="entervalue" xpath="operations.devicemanagement.query" value="JMETERREP::'Serial Number' IN ($$DEVICE_PRE$$1,$$DEVICE_PRE$$2)" />
		<component name="button"  action="click" xpath="operations.devicemanagement.query.find" />
		<component name="timer" value="2" />
		<component name="checkbox"  action="enable" xpath="operations.devicemanagement.query.checkall" />
		<component name="timer" value="2" />
	</step>
	
	<!-- Create Static Group -->
	
	<step type="JAVA" name="Create Static Group" description="Performs - Create Static Group" linkFile="src/test/jmeter/ph_6.4/regression/group/CreateStaticGroup.xml"  severity="Blocker">
		<parameter name="staticGroupName" value="Group-5512" />
		<parameter name="staticGroupDesc" value="Group-5512 description" />
		<parameter name="Notification" value="pass" />	
		<component name="timer" value="2" />
	</step>
	
	
	<!-- Click FileManagement Tab -->
	
	<step type="JAVA" name="Navigate to FileManagement SideMenu" description="Performs - Click SideMenu" severity="Major">
		<component name="link"   action="click"  xpath="tab.operations" />
		<component name="link"   action="click"    xpath="sidemenu.operations.filemanagement" />
	</step>
	
	
	<!-- Create FileManagement -->

	<step type="JAVA" name="Create FileManagement"  description="Performs - Create FileManagement" severity="Major" linkFile="src/test/jmeter/ph_6.4/regression/configurationsets/CreateFileManagement.xml">
		<parameter name="fmFileType" value="DLC Firmware"/>
		<parameter name="fmTitle" value="firmware_5512"/> 
		<parameter name="fmSoftwareVersion" value="1.1"/> 
		<parameter name="fmURL" value="https://test.com?version=1.1"/> 
	</step>
	
	<!-- Click on configset in Sidemenu -->
	
	<step type="JAVA" name="Navigate to ConfigSet SideMenu"  description="Performs - Click SideMenu" severity="Major">
		<component name="link"   action="click"   xpath= "sidemenu.operations.configurationset" />
		<component name="timer" value="3" />
	</step>
	
	
	<!-- Create ConfigSet -->
	
	<step type="JAVA" name="Create Configuration Set" linkFile="src/test/jmeter/ph_6.4/regression/configurationsets/ConfigurationSet.xml" description="Performs - Create Configuration Set " severity="Major">
		<parameter name="configName" value="Config-5512" />
		<parameter name="configDesc" value="Config-5512 description" />
	</step>
	
	 <!-- Associate the group -->
	
	<step type="JAVA" name="Create Associate Group" linkFile="src/test/jmeter/ph_6.4/regression/configurationsets/ConfigurationSet_AssocGroup.xml" description="Performs - Create Associate Group " severity="Major">
		<parameter name="configName" value="Config-5512"/>
		<parameter name="groupName" value="Group-5512"/>
		<component name="timer" value="3" />
	</step>

	<!-- Activating csets -->
	
	<step type="JAVA" name="Activate cset"  description="Performs - Activate cset" severity="Major" linkFile="src/test/jmeter/ph_6.4/regression/configurationsets/ActivateConfigurationSet.xml">
		<parameter name="configName" value="Config-5512"/>
	</step>
	
	<!-- Create New FileManagement -->
	
	<step type="JAVA" name="Create New FileManagement"  description="Performs - Create New FileManagement" severity="Major" linkFile="src/test/jmeter/ph_6.4/regression/configurationsets/ConfigurationSet_FileManagement.xml">
		<parameter name="fileType" value="DLC Firmware"/>
		<parameter name="fileName" value="firmware_5512"/>
		<parameter name="fileStatus" value="Enable"/> 
	</step> 
	
	
	<!-- Click Batch-->
	
	<step type="JAVA" name="Navigate to Batch SideMenu" description="Click Groups SideMenu" severity="Blocker">
		<component name="link"   action="click" xpath="sidemenu.operations.batchprocessing" />
	</step>
	
	<!-- Create Batch -->
	
	<step type="JAVA" name="Create New Batch"  description="Performs - Create New Batch" severity="Major" linkFile="src/test/jmeter/ph_6.4/regression/batch/CreateImmediateBatchSingleFwDownload.xml">
		<parameter name="DLCFwUpgrade" value="yes"/>
	</step> 
	
	<step type="JAVA" name="Navigate to Batch Processing SideMenu" description="Performs - Click SideMenu" severity="Blocker">
		<component name="link" xpath="sidemenu.operations.batchprocessing" action="click" />
	</step>
	<step type="JAVA" name="Search Batch With Name"  linkFile="src/test/jmeter/ph_6.4/regression/batch/SearchBatchWithName.xml" description="Performs - Search Batch With Name" severity="Blocker">
	</step>
	<step type="JAVA" name="Verify Batch - Device Count" description="Performs - Verify Batch - Device Count" severity="Blocker">
		<component name=""       action="waitandvalidate" xpath="operations.batch.table.statustext" xpathInput="$$batchName" compareWith="Completed" maxwaittime="300" refreshinterval="10"/>
		<component name="button" action="click" xpath="operations.batch.table.batchname" xpathInput="$$batchName"  />
		<component name="timer" value="2" />
		<component name=""       action="validate" xpath="operations.batch.details.totaldevices" compareWith="2" valdesc="Verify Total Devices" valkey="Total Devices"/>
		<component name=""       action="validate" xpath="operations.batch.details.completeddevices" compareWith="2" valdesc="Verify No of Runs" valkey="No of Run" />
		<component name=""       action="validate" xpath="operations.batch.details.successratio" compareWith="100"   valdesc="Verify success %" valkey="Success %"/>
		<component name=""       action="validate" xpath="operations.batch.details.failureratio" compareWith="0"     valdesc="Verify failure %" valkey="Failure %"/>
	</step>
	
	<!-- Send Boot event  -->
	
	<step type="DS" name="Send Boot Event" description="Performs - Send Boot Event" severity="Blocker">
		<component operation="sendEvent" name="Boot" deviceid="DEVICE-1"/>	
		<component name="timer" value="6" />
		<component operation="sendEvent" name="Boot" deviceid="DEVICE-2"/>	
		<component name="timer" value="6" />
	</step>
	
	<!-- Check the Software Version -->
	
	<step type="JAVA" name="Check the Software Version after Firmware Upgrade of first Device" description="Performs - Check the Software Version" severity="Blocker">
		<component name="textbox"  action="entervalue" xpath="advancedsearch.textbox" value="JMETERREP::$$DEVICE_PRE$$1"/>
		<component name="button"  action="click" xpath="advancedsearch.findbutton" />
		<component name="timer" value="5" />
		<component name="button"  action="click" xpath="deviceview.devicepage.properties.path" xpathInput="1" />	
		<component name=""   action="extract" xpath="deviceview.devicepage.properties.table"  xpathInput="1" saveTo="first_PostVersion" type="table" isHeaderAvailable="no"/>
		<component name=""   action="rowaction" value="JMETEROBJ::first_PostVersion" compareWith="Software Version:"  columnindex="1,2" saveTo="first_PostSoftwareVersion" tableaction="gettext" elementtype="text"/>
		<component name="timer" value="2" />
	</step>
	
	<step type="DS" name="Device Properties : Get Value from DS of first Device" description="Performs - Fetch Value from DS " severity="Blocker">
		<component operation="gpv" name="InternetGatewayDevice.DeviceInfo.SoftwareVersion" saveTo="DSValue_firstPostSoftwareVersion" deviceid="DEVICE-1" />
	</step>
	
	<step type="JAVA" name="Check the Software Version of first Device" description="Performs - Check the Software Version" severity="Blocker">
		<component name="" action="validatelist" value="JMETEROBJ::first_PostSoftwareVersion" compareWith="$$DSValue_firstPostSoftwareVersion" valdesc="Validate Device Sofware Version" valkey="Device Software Version" condition="equals"/>
	</step>
	
	<!-- Check the Software Version-->
	
	<step type="JAVA" name="Check the Software Version after Firmware Upgrade of Second Device" description="Performs - Check the Software Version before Firmware Upgrade" severity="Blocker">
		<component name="textbox"  action="entervalue" xpath="advancedsearch.textbox" value="JMETERREP::$$DEVICE_PRE$$2"/>
		<component name="button"  action="click" xpath="advancedsearch.findbutton" />
		<component name="timer" value="5" />
		<component name="button"  action="click" xpath="deviceview.devicepage.properties.path" xpathInput="1" />	
		<component name=""   action="extract" xpath="deviceview.devicepage.properties.table"  xpathInput="1" saveTo="second_PostVersion" type="table" isHeaderAvailable="no"/>
		<component name=""   action="rowaction" value="JMETEROBJ::second_PostVersion" compareWith="Software Version:"  columnindex="1,2" saveTo="second_PostSoftwareVersion" tableaction="gettext" elementtype="text"/>
		<component name="timer" value="2" />
	</step>
	
	<!-- Get Value from DS -->
	
	<step type="DS" name="Device Properties : Get Value from DS of Second Device" description="Performs - Fetch Value from DS " severity="Blocker">
		<component operation="gpv" name="InternetGatewayDevice.DeviceInfo.SoftwareVersion" saveTo="DSValue_secondPostSoftwareVersion" deviceid="DEVICE-2" />
	</step>
	
	<step type="JAVA" name="Check the Software Version of Second Device" description="Performs - Check the Software Version" severity="Blocker">
		<component name=""   action="validatelist" value="JMETEROBJ::second_PostSoftwareVersion" compareWith="$$DSValue_secondPostSoftwareVersion" valdesc="Validate Device Sofware Version" valkey="Device Software Version" condition="equals"/>
	</step>
	
	<!-- Click ConfigSet-->
	
	<step type="JAVA" name="Navigate to ConfigSet" description="Performs - Click ConfigSet " severity="Major">
		<component name="link"   action="click"  xpath="tab.operations" />
		<component name="link"   action="click"   xpath= "sidemenu.operations.configurationset" />
		<component name="timer" value="3" />
	</step>
	
	<!-- Delete CSET -->
	
	<step type="JAVA" name="Delete Config Set Root Level R1" linkFile="src/test/jmeter/ph_6.4/regression/configurationsets/DeleteCSET.xml" description="configuration set deletion on root level" severity="Blocker">
		<parameter name="Notification" value="pass" />	
	</step>
	
	<!-- Click FileManagement Tab -->
	
	<step type="JAVA" name="Navigate to FileManagement SideMenu" description="Performs - Click SideMenu" severity="Major">
		<component name="link"   action="click"  xpath="tab.operations" />
		<component name="link"   action="click"    xpath="sidemenu.operations.filemanagement" />
	</step>
	
	
	<!-- Delete FileManagement -->
	
	<step type="JAVA" name="Delete FileManagement" linkFile="src/test/jmeter/ph_6.4/regression/configurationsets/DeleteFileManagement.xml" description="FileManagement deletion" severity="Blocker">
		<parameter name="Notification" value="pass" />	
	</step>
	
	<!-- Click Batch-->
	
	<step type="JAVA" name="Navigate to Batch SideMenu" description="Click Groups SideMenu" severity="Blocker">
		<component name="link"   action="click" xpath="sidemenu.operations.batchprocessing" />
	</step>
	
	<!-- Delete Batch -->
	<step type="JAVA" name="Delete Batch" linkFile="src/test/jmeter/ph_6.4/regression/batch/Search_DeleteBatch.xml" description="Delete Batch" severity="Blocker">
		<parameter name="batchName" value="Batch-5512"/>
	</step>
	 
	<!-- Click Groups-->
	
	<step type="JAVA" name="Navigate to Groups SideMenu" description="Click Groups SideMenu" severity="Blocker">
		<component name="link"   action="click" xpath="sidemenu.operations.groups" />
	</step>
	
	<!-- Delete Group -->
	
	<step type="JAVA" name="Delete Group" linkFile="src/test/jmeter/ph_6.4/regression/group/DeleteGroup.xml" description="Delete Group" severity="Blocker">
		<parameter name="Notification" value="pass" />
	</step>
	 
</steps>
