<steps name="TC5649_Read_Only_Groups" description="Validate Sytem Groups in Read Only mode" severity="Blocker">

	<step type="START-DS" name="Start DS" description="Performs-Start DS" severity="Blocker">
		<parameter name="DEVICE_ID" value="test-device-5288" />
		<parameter name="ACS_IP" value="props::ACS_IP" />
		<parameter name="DEVICE_DATA_MODEL_NAME" value="props::DEVICE_DATA_MODEL_NAME" />
		
		<parameter name="groupName" value="Provisioning_ADB_OpenRG_VoIP"/>
	</step>
	
	<!-- Login  -->
	
	<step type="JAVA" name="Login" description="Performs - Login" severity="Blocker">
		<component name="textbox"  action="entervalue" xpath="login.username" value="props::PH_LOGIN_USERNAME"/>
		<component name="textbox"  action="entervalue" xpath="login.password" value="props::PH_LOGIN_PASSWORD" />
		<component name="button" action="click" 	 xpath="login.submit"  />
	</step>
	
	<!-- Search the group in CustomizationManagement -->
	
	<step type="JAVA" name="Search the group" description="Performs - Search the group" severity="Blocker">
		<component name="link"  action="click"  xpath="tab.system" />
		<component name="link"  action="click"  xpath="sidemenu.system.customiztionmanagement" />
		<component name="link"  action="click"  xpath="sidemenu.system.customiztionmanagement.tablist.groups" />
		<component name="select" action="entervalue" xpath="system.customizationmanagement.groups.filter_1.xpath" value="Name" type="custom"/> 
		<component name="timer" value="1" />
		<component name="textbox"  action="entervalue" xpath="system.customizationmanagement.groups.filter_2.xpath" value="$$groupName" />
		<component name="timer" value="1"/>
		<component name="button" action="click"   xpath="system.customizationmanagement.groups.find-btn" />
		<component name="timer" value="2"/>
	</step>
	
	<!-- Check Enabled/disabled Mode -->
	
	<step type="JAVA" name="Validate checkBox in System groups" description="Performs - Validate checkBox in System groups" severity="Blocker">
		<component name="checkbox"  action="enable" xpath="system.customizationmanagement.groups.checkboxselected" xpathInput = "$$groupName"  saveTo="enabled"/>
			<if value1="$$enabled" value2="enable" condition="not-equals">
				<component name="checkbox"  action="enable" xpath="system.customizationmanagement.groups.checkboxselected" xpathInput = "$$groupName" />
				<component name="timer" value="2" />
				<component name="button" action="click"   xpath="system.customizationmanagement.groups.apply-btn" />
				<component name="timer" value="2" />	
				<component name="notification" action="validate" xpath="notification.message" compareWith="Customization Management : Operation completed successfully" valdesc="Check Enable Mode" valkey="Enable Mode Selection"/>
			</if>
			<if value1="$$enabled" value2="enable" condition="equals">
				<component name="" action="validatevalues" value="Already Enabled" compareWith="Already Enabled" valdesc="Check Enable Mode" valkey="Enable Mode Selection"/>		
			</if>
	</step>
	
	<!-- Check Visibility Mode -->
	
	<step type="JAVA" name="Validate Visibility Mode" description="Performs - Validate Visibility Mode" severity="Blocker">
		<component name="select" action="extract" xpath="system.customizationmanagement.groups.visibility" xpathInput = "$$groupName"  type="string" saveTo="visibledata"/>
			<if value1="$$visibledata" value2="Read Only" condition="not-equals">
				<component name="select" action="entervalue" xpath="system.customizationmanagement.groups.visibility" xpathInput = "$$groupName"  type="custom" value="Read Only"/>
				<component name="button" action="click" xpath="system.customizationmanagement.groups.apply-btn" />
				<component name="notification" action="validate" xpath="notification.message" compareWith="Customization Management : Operation completed successfully" valdesc="Check Visibility Mode" valkey="Visibility Mode Selection"/>	
				<component name="timer" value="2" />	
			</if>
			<if value1="$$visibledata" value2="Read Only" condition="equals">
				<component name="" action="validatevalues" value="Already Read-Only" compareWith="Already Read-Only" valdesc="Check Visibility Mode" valkey="Visibility Mode Selection"/>		
			</if>
	</step>
	
	<!-- Click Groups Tab -->
	
	<step type="JAVA" name="Navigates to Groups Tab" description="Performs - Click SideMenu" severity="Blocker">
		<component name="link"   action="click"  xpath="tab.operations" />
		<component name="link"   action="click"  xpath="sidemenu.operations.groups" />
		<component name="textbox" action="entervalue"      xpath="operaions.group.search.group.inputbox" value ="$$groupName" />
		<component name="timer" value="2" />
	</step>
	
	
	<!-- Check for Element UnAvailability -->
	
	<step type="JAVA" name="Verify Group UnAvailability" description="Performs - Group Element UnAvailability " severity="Blocker">
		<component name=""  action="element-availability" xpath="operations.group.editable" xpathInput="$$groupName" saveTo="elementAvailability" compareWith="Element not present" valdesc="Check Element availability" valkey="Presence"/>
	</step>
	
	<!-- Search the group in CustomizationManagement -->
	
	<step type="JAVA" name="Search the group" description="Performs - Search the group" severity="Blocker">
		<component name="link"  action="click"  xpath="tab.system" />
		<component name="link"  action="click"  xpath="sidemenu.system.customiztionmanagement" />
		<component name="link"  action="click"  xpath="sidemenu.system.customiztionmanagement.tablist.groups" />
		<component name="select" action="entervalue" xpath="system.customizationmanagement.groups.filter_1.xpath" value="Name" type="custom"/> 
		<component name="timer" value="1" />
		<component name="textbox"  action="entervalue" xpath="system.customizationmanagement.groups.filter_2.xpath" value="$$groupName" />
		<component name="timer" value="1"/>
		<component name="button" action="click"   xpath="system.customizationmanagement.groups.find-btn" />
		<component name="timer" value="2"/>
	</step>
	
	<!-- Select the Visibility Mode -->
	
	<step type="JAVA" name="Select the Visibility Mode" description="Performs - Select the Visibility Mode"  severity="Blocker">
		<component name="select" action="entervalue" xpath="system.customizationmanagement.groups.visibility" xpathInput = "$$groupName"  type="custom" value="Read / Write"/>
		<component name="button" action="click"   xpath="system.customizationmanagement.groups.apply-btn" />
		<parameter name="Notification" value="pass" />
		<if value1="$$Notification" value2="pass" condition="equals">
				<component name="notification" action="validate" xpath="notification.message" compareWith="Customization Management : Operation completed successfully" valdesc="Check Visibility Mode" valkey="Visibility Mode Selection"/>		
			</if>
		<component name="timer" value="2" />
	</step>
	
	<!-- Click Groups Tab -->
	
	<step type="JAVA" name="Navigates to Groups Tab" description="Performs - Click SideMenu" severity="Blocker">
		<component name="link"   action="click"  xpath="tab.operations" />
		<component name="link"   action="click"  xpath="sidemenu.operations.groups" />
		<component name="textbox" action="entervalue"  xpath="operaions.group.search.group.inputbox" value ="$$groupName" />
		<component name="timer" value="2" />
	</step>
	
	<!-- Check for Element Availability -->
	
	<step type="JAVA" name="Verify Group UnAvailability" description="Performs - Group Element UnAvailability " severity="Blocker">
		<component name=""  action="element-availability" xpath="operations.group.editable" xpathInput="$$groupName" saveTo="elementAvailability" compareWith="Element present" valdesc="Check Element availability" valkey="Presence"/>
	</step>
	
	<!-- Search the group in CustomizationManagement -->
	
	<step type="JAVA" name="Search the group" description="Performs - Search the group" severity="Blocker">
		<component name="link"  action="click"  xpath="tab.system" />
		<component name="link"  action="click"  xpath="sidemenu.system.customiztionmanagement" />
		<component name="link"  action="click"  xpath="sidemenu.system.customiztionmanagement.tablist.groups" />
		<component name="select" action="entervalue" xpath="system.customizationmanagement.groups.filter_1.xpath" value="Name" type="custom"/> 
		<component name="timer" value="1" />
		<component name="textbox"  action="entervalue" xpath="system.customizationmanagement.groups.filter_2.xpath" value="$$groupName" />
		<component name="timer" value="1"/>
		<component name="button" action="click"   xpath="system.customizationmanagement.groups.find-btn" />
		<component name="timer" value="2"/>
	</step>
	
	<!-- Select the Visibility Mode -->
	
	<step type="JAVA" name="Select the Visibility Mode" description="Performs - Select the Visibility Mode"  severity="Blocker">
		<component name="select" action="entervalue" xpath="system.customizationmanagement.groups.visibility" xpathInput = "$$groupName"  type="custom" value="Read Only"/>
		<component name="button" action="click"   xpath="system.customizationmanagement.groups.apply-btn" />
		<parameter name="Notification" value="pass" />
		<if value1="$$Notification" value2="pass" condition="equals">
			<component name="notification" action="validate" xpath="notification.message" compareWith="Customization Management : Operation completed successfully" valdesc="Check Visibility Mode" valkey="Visibility Mode Selection"/>		
		</if>
		<component name="timer" value="2" />
	</step>
	
</steps>	