<steps name="TC5829_GroupsCustomization" description="Validate System Groups availability in Enable Disable mode" severity="Blocker">

	<!-- Login  -->
	
	<step type="JAVA" name="Login" description="Performs - Login" severity="Blocker">
		<component name="textbox"  action="entervalue" xpath="login.username" value="props::PH_LOGIN_USERNAME"/>
		<component name="textbox"  action="entervalue" xpath="login.password" value="props::PH_LOGIN_PASSWORD" />
		<component name="button" action="click" 	 xpath="login.submit"  />
		
	<parameter name="groupName" value="Provisioning_ADB_OpenRG_VoIP"/>
		
	</step>
	
	<!-- Navigate to Groups in CustomizationManagement -->
	
	<step type="JAVA" name="Click Groups in CustomizationManagement" description="Performs - Click Groups" severity="Blocker">
		<component name="link"  action="click"  xpath="tab.system" />
		<component name="link"  action="click"  xpath="sidemenu.system.customiztionmanagement" />
		<component name="link"  action="click"  xpath="sidemenu.system.customiztionmanagement.tablist.groups" />
	</step>	
		
	<!-- Search the Group Name -->
	
	<step type="JAVA" name="Search Groups" description="Performs - Search Groups" severity="Blocker">
		<component name="select" action="entervalue" xpath="system.customizationmanagement.groups.filter_1.xpath" value="Name" type="custom"/> 
		<component name="timer" value="2" />
		<component name="textbox"  action="entervalue" xpath="system.customizationmanagement.groups.filter_2.xpath" value="$$groupName" />
		<component name="timer" value="2"/>
		<component name="button" action="click"   xpath="system.customizationmanagement.groups.find-btn" />
		<component name="timer" value="2"/>	
	</step>
	
	<!-- Check Visibility Mode -->
	
	<step type="JAVA" name="Validate Visibility Mode" description="Performs - Validate Visibility Mode" severity="Blocker">
		<component name="select" action="extract" xpath="system.customizationmanagement.groups.visibility" xpathInput = "$$groupName"  type="string" saveTo="visibledata"/>
			<if value1="$$visibledata" value2="Read Only" condition="not-equals">
				<component name="select" action="entervalue" xpath="system.customizationmanagement.groups.visibility" xpathInput = "$$groupName"  type="custom" value="Read Only"/>
				<component name="button" action="click" xpath="system.customizationmanagement.groups.apply-btn" />						
				<component name="notification" action="validate" xpath="notification.message" compareWith="Customization Management : Operation completed successfully" valdesc="Check Visibility Mode" valkey="Visibility Mode Selection"/>	
				<component name="timer" value="2" />	
			</if>
			<if value1="$$visibledata" value2="Read Only" condition="equals">
				<component name="" action="validatevalues" value="Already Read-Only" compareWith="Already Read-Only" valdesc="Check Visibility Mode" valkey="Visibility Mode Selection"/>		
			</if>
	</step>
	
	<!-- Disable the group -->
	
		<step type="JAVA" name="Disable the Group" description="Performs - Disable the Group" severity="Blocker" linkFile="src/test/jmeter/ph_6.4/regression/group/DisableGroup.xml">
			<parameter name="groupName" value= "Provisioning_ADB_OpenRG_VoIP" />
			<parameter name="Notification" value="pass" />
			<component name="timer" value="2"/>
		</step> 
		
	
	 <!-- Check for Element UnAvailability of Group-->
	
	<step type="JAVA" name="Verify Group UnAvailability" description="Performs - Group Element UnAvailability " severity="Blocker">
		<component name="link"   action="click"  xpath="tab.operations" />
		<component name="link"   action="click"  xpath="sidemenu.operations.groups" />
		<component name="timer" value="1" />
		<component name="textbox"  action="entervalue" xpath="operations.group.search" value="$$groupName"/>
		<component name=""  action="element-availability" xpath="operations.availability.group" xpathInput="$$groupName" saveTo="groupUnAvailability" compareWith="Element Not present" valdesc="Check Element availability" valkey="Presence"/>
	</step>
	
	<!-- Navigate to Groups in CustomizationManagement -->
	
	<step type="JAVA" name="Click Groups in CustomizationManagement" description="Performs - Click Groups" severity="Blocker">
		<component name="link"  action="click"  xpath="tab.system" />
		<component name="link"  action="click"  xpath="sidemenu.system.customiztionmanagement" />
		<component name="link"  action="click"  xpath="sidemenu.system.customiztionmanagement.tablist.groups" />
	</step>	
		
	<!-- Search the Group Name -->
	
	<step type="JAVA" name="Search Groups" description="Performs - Search Groups" severity="Blocker">
		<component name="select" action="entervalue" xpath="system.customizationmanagement.groups.filter_1.xpath" value="Name" type="custom"/> 
		<component name="timer" value="2" />
		<component name="textbox"  action="entervalue" xpath="system.customizationmanagement.groups.filter_2.xpath" value="$$groupName" />
		<component name="timer" value="2"/>
		<component name="button" action="click"   xpath="system.customizationmanagement.groups.find-btn" />
		<component name="timer" value="2"/>	
	</step>
	
	
	<!-- Enable the group -->
	
	<step type="JAVA" name="Enable the Group" description="Performs - Enable the Group" severity="Blocker" linkFile="src/test/jmeter/ph_6.4/regression/group/EnableGroup.xml">
		<parameter name="groupName" value= "Provisioning_ADB_OpenRG_VoIP" />
		<parameter name="Notification" value="pass" />
		<component name="timer" value="2"/>
 	</step>
	
	<!-- Check Visibility Mode -->
	
	<step type="JAVA" name="Validate Visibility Mode" description="Performs - Validate Visibility Mode" severity="Blocker">
		<component name="select" action="extract" xpath="system.customizationmanagement.groups.visibility" xpathInput = "$$groupName"  type="string" saveTo="visibledata"/>
			<if value1="$$visibledata" value2="Read Only" condition="not-equals">
				<component name="select" action="entervalue" xpath="system.customizationmanagement.groups.visibility" xpathInput = "$$groupName"  type="custom" value="Read Only"/>
				<component name="button" action="click" xpath="system.customizationmanagement.groups.apply-btn" />
				<component name="notification" action="validate" xpath="notification.message" compareWith="Customization Management : Operation completed successfully" valdesc="Check Visibility Mode" valkey="Visibility Mode Selection"/>		
				<component name="timer" value="2" />	
			</if>
			<if value1="$$visibledata" value2="Read Only" condition="equals">
				<component name="" action="validatevalues" value="Already Read-Only" compareWith="Already Read-Only" valdesc="Check Visibility Mode" valkey="Visibility Mode Selection"/>		
			</if>
	</step>
	
	<!-- Check for Element Availability of Group-->
	
	<step type="JAVA" name="Verify Group Availability" description="Performs - Group Element Availability " severity="Blocker">
		<component name="link"   action="click"  xpath="tab.operations" />
		<component name="link"   action="click"  xpath="sidemenu.operations.groups" />
		<component name="timer" value="1" />
		<component name="textbox"  action="entervalue" xpath="operations.group.search" value="$$groupName"/>
		<component name=""  action="element-availability" xpath="operations.availability.group" xpathInput="$$groupName" saveTo="groupAvailability" compareWith="Element present" valdesc="Check Element availability" valkey="Presence"/>
	</step>
	
</steps>