<steps name="TC5833_All_Group_ReadOnly" description="Validate System Group All in ReadOnly mode" severity="Blocker">

<!-- Login  -->
	
	<step type="JAVA" name="Login" description="Performs - Login" severity="Blocker">
		<component name="textbox"  action="entervalue" xpath="login.username" value="props::PH_LOGIN_USERNAME"/>
		<component name="textbox"  action="entervalue" xpath="login.password" value="props::PH_LOGIN_PASSWORD" />
		<component name="button" action="click" 	 xpath="login.submit"  />
		
		<parameter name="groupName" value="All"/>
		
	</step>
	
	<!-- Search the group in CustomizationManagement -->
	
	<step type="JAVA" name="Search the group" description="Performs - Search the group" severity="Blocker">
		<component name="link"  action="click"  xpath="tab.system" />
		<component name="link"  action="click"  xpath="sidemenu.system.customiztionmanagement" />
		<component name="link"  action="click"  xpath="sidemenu.system.customiztionmanagement.tablist.groups" />
		<component name="select" action="entervalue" xpath="system.customizationmanagement.groups.filter_1.xpath" value="Name" type="custom"/> 
		<component name="timer" value="1" />
		<component name="textbox"  action="entervalue" xpath="system.customizationmanagement.groups.filter_2.xpath" value="$$groupName" />
		<component name="timer" value="1"/>
		<component name="button" action="click"   xpath="system.customizationmanagement.groups.find-btn" />
		<component name="timer" value="2"/>
			
	</step>
	
	<!-- Select the Visibility Mode -->
	
	<step type="JAVA" name="Select the Visibility Mode" description="Performs - Select the Visibility Mode"  severity="Blocker">
		<component name="select" action="entervalue" xpath="system.customizationmanagement.groups.visibility" xpathInput = "$$groupName"  type="custom" value="Read / Write"/>
		<component name="button" action="click"   xpath="system.customizationmanagement.groups.apply-btn" />
		<component name="timer" value="2" />
		<parameter name="Notification" value="fail" />
			<if value1="$$Notification" value2="pass" condition="equals">
				<component name="notification" action="validate" xpath="notification.message" compareWith="Customization Management : Operation completed successfully" valdesc="Visibility" valkey="Visibility Selection"/>		
			</if>
			<if value1="$$Notification" value2="fail" condition="equals">
			<component name="notification" action="validate" xpath="notification.message" compareWith='Customization Management : Cannot set visibility of group "All" to Read /Write' condition="contains" valdesc="Set System Groups Visibility mode" valkey="Visibility mode"/>
			</if>
	</step>
	
	<!-- Select the Visibility Mode -->
	
	<step type="JAVA" name="Select the Visibility Mode" description="Performs - Select the Visibility Mode"  severity="Blocker">
		<component name="select" action="entervalue" xpath="system.customizationmanagement.groups.visibility" xpathInput = "$$groupName"  type="custom" value="Read Only"/>
		<component name="button" action="click"   xpath="system.customizationmanagement.groups.apply-btn" />
	</step>
	
</steps>