<steps>
	<step type="START-DS" name="Start DS" description="Starts the Device Simulator with the device serial number and sends the Bootstrap event." severity="Blocker" >
		<parameter name="DEVICE_ID" value="device-6150" />
		<parameter name="ACS_IP" value="props::ACS_IP" />
		<parameter name="DEVICE_DATA_MODEL_NAME" value="props::DEVICE_DATA_MODEL_NAME" />
		
		<parameter name="actionName" value="DLC Firmware Upgrade" />
		<parameter name="configName" value="Config-6150" />
		<parameter name="batchName" value="batch-6150" />
		<parameter name="fmTitle_1" value="dlcfirmware_6150_1"/> 
		<parameter name="fmTitle_2" value="dlcfirmware_6150_2"/> 
		<parameter name="version_dlc" value="1.1"/> 
		<parameter name="version_osgi" value="1.2"/> 
	</step>
	<step type="JAVA" name="Login" description="Login to PH using the provided credentials." severity="Blocker" >
		<component name="textbox"  action="entervalue" xpath="login.username" value="props::PH_LOGIN_USERNAME"/>
		<component name="textbox"  action="entervalue" xpath="login.password" value="props::PH_LOGIN_PASSWORD" />
		<component name="button" action="click" 	 xpath="login.submit"  />
	</step>
	<step type="JAVA" name="Click Tab" description="Clicks the TAB." severity="Blocker" >
		<component name="link"   action="click"      xpath="tab.operations" />
	</step>
	<step type="JAVA" name="Click SideMenu" description="Clicks the SideMenu" severity="Blocker" >
		<component name="link"   action="click"      xpath="sidemenu.operations.groups" />
	</step>
	<step type="JAVA" name="Create Group" linkFile="src/test/jmeter/ph_6.4/regression/group/CreateGroup.xml" description="Creates the Group with the provided details." severity="Blocker" >
		<parameter name="groupName" value="group-6150" />
		<parameter name="groupDesc" value="group-6150 description" />
		<parameter name="Notification" value="pass" />
	</step>
	
	<!-- File Management -->
	<step type="JAVA" name="Click SideMenu" description="Performs - Click SideMenu" severity="Major">
		<component name="link"   action="click"    xpath="sidemenu.operations.filemanagement" />
	</step>
	
	<step type="JAVA" name="Create FileManagement"  description="Performs - Create FileManagement" severity="Major" linkFile="src/test/jmeter/ph_6.4/regression/configurationsets/CreateFileManagement_New.xml">
		<parameter name="fmFileType" value="DLC Firmware"/>
		<parameter name="fmTitle" value="$$fmTitle_1"/> 
		<parameter name="fmSoftwareVersion" value="$$version_dlc"/> 
		<parameter name="fmURL" value="https://test.com?version=1.1"/> 
		<parameter name="fmFileName" value="DLCi-Firmware-v1.00.31-TEST.bin"/> 
		<parameter name="Notification" value="pass" />
	</step>
	
	<step type="JAVA" name="Click SideMenu" description="Performs - Click SideMenu" severity="Major">
		<component name="link"   action="click"    xpath="sidemenu.operations.filemanagement" />
	</step>
	
	<step type="JAVA" name="Create FileManagement"  description="Performs - Create FileManagement" severity="Major" linkFile="src/test/jmeter/ph_6.4/regression/configurationsets/CreateFileManagement_New.xml">
		<parameter name="fmFileType" value="DLA Image"/>
		<parameter name="fmTitle" value="$$fmTitle_2"/> 
		<parameter name="fmSoftwareVersion" value="$$version_osgi"/> 
		<parameter name="fmURL" value="https://test.com?version=1.2"/> 
		<parameter name="fmFileName" value="DLCi-Firmware_BDL-v1.0.20.00_29122-TEST.bin"/> 
		<parameter name="Notification" value="pass" />
	</step>
	
	
	<!-- Create Configuration Set -->
	<step type="JAVA" name="Click SideMenu"  description="Performs - Click SideMenu" severity="Major">
		<component name="link"   action="click"   xpath= "sidemenu.operations.configurationset" />
		<component name="timer" value="3" />
	</step>

	<step type="JAVA" name="Create Configuration Set" linkFile="src/test/jmeter/ph_6.4/regression/configurationsets/ConfigurationSet.xml" description="Performs - Create Configuration Set " severity="Major">
		<parameter name="configDesc" value="Config-6150 description" />
	</step>
	
	<step type="JAVA" name="Create Associate Group" linkFile="src/test/jmeter/ph_6.4/regression/configurationsets/ConfigurationSet_AssocGroup.xml" description="Performs - Create Associate Group " severity="Major">
	</step>
	
	<step type="JAVA" name="Activate cset"  description="Performs - Activate cset" severity="Major" linkFile="src/test/jmeter/ph_6.4/regression/configurationsets/ActivateConfigurationSet.xml">
	</step>
	
	<step type="JAVA" name="Create New FileManagement"  description="Performs - Create New FileManagement" severity="Major" linkFile="src/test/jmeter/ph_6.4/regression/configurationsets/ConfigurationSet_FileManagement.xml">
		<parameter name="fileType" value="DLC Firmware"/>
		<parameter name="fileName" value="$$fmTitle_1"/>
		<parameter name="fileStatus" value="Enable"/> 
	</step>
	
	<step type="JAVA" name="Create New FileManagement"  description="Performs - Create New FileManagement" severity="Major" linkFile="src/test/jmeter/ph_6.4/regression/configurationsets/ConfigurationSet_FileManagement.xml">
		<parameter name="fileType" value="DLA Image"/>
		<parameter name="fileName" value="$$fmTitle_2"/>
		<parameter name="fileStatus" value="Enable"/> 
	</step>
	
	<!-- Create Batch for DLC Firumware Upgrade -->
	<step type="JAVA" name="Click SideMenu" description="Clicks the SideMenu" severity="Blocker" >
		<component name="link"   action="click"      xpath="sidemenu.operations.batchprocessing" />
	</step>
	<step type="JAVA" name="Create Batch" linkFile="src/test/jmeter/ph_6.4/regression/batch/CreateEventBatch_Workflow.xml" description="Create the Event Batch and action as DLC Firmware Upgrade." severity="Blocker" >
		<parameter name="batchDesc" value="Batch Description" />
	</step>
	
	<step type="DS" name="Send Boot Event" description="Performs - Send Boot Event " severity="Blocker">
		<component operation="sendEvent" name="Boot"/>	
	</step>
	
	<step type="JAVA" name="Click SideMenu" description="Clicks the SideMenu" severity="Blocker" >
		<component name="link" xpath="sidemenu.operations.batchprocessing" action="click" />
		<component name="timer" value="15" />
	</step>
	<step type="JAVA" name="Search Batch With Name"  linkFile="src/test/jmeter/ph_6.4/regression/batch/SearchBatchWithName.xml" description="Search Batch With Name" severity="Blocker"> 
	</step>
	<step type="JAVA" name="Verify Batch - Device count" description="Verifies the Batch information - Device count, No. of Runs, Success and Failure %." severity="Blocker" >
		<component name="button" action="click" xpath="operations.batch.table.batchname" xpathInput="$$batchName"  />
		<component name="timer" value="1" />
		
		<component name=""       action="validate" xpath="operations.batch.details.totaldevices" 	 compareWith="1" valdesc="Verify Total Devices" valkey="Total Devices"/>
		<component name=""       action="validate" xpath="operations.batch.details.completeddevices" compareWith="1" valdesc="Verify No of Runs" valkey="No of Run" />
		<component name=""       action="validate" xpath="operations.batch.details.successratio" compareWith="100"   valdesc="Verify success %" valkey="Success %"/>
		<component name=""       action="validate" xpath="operations.batch.details.failureratio" compareWith="0"     valdesc="Verify failure %" valkey="Failure %"/>
	</step>
	
	<step type="JAVA" name="Navigate to device" description="Performs - Navigate to Device" severity="Blocker">
		<component name="textbox"  action="entervalue" xpath="advancedsearch.textbox" value="$$DEVICE_ID"/>
		<component name="button"  action="click" xpath="advancedsearch.findbutton" />
		<component name="timer" value="5" />
	</step>
	
	<step type="JAVA" name="Click SideMenu" description="Clicks the SideMenu" severity="Blocker" >
		<component name="link"   action="click"      xpath="sidemenu.deviceview.softwareinventory" />
		<component name="timer" value="5" />
	</step>
	
	<step type="JAVA" name="Verify DLC Version in UI" description="Compares the value in Pending and Current version for DLC in UI with the provided value." severity="Blocker" >
		
		<component name=""       action="validate" xpath="deviceview.devicepage.softwareinventory.dlctab.currentversion" compareWith="$$version_dlc" xpathInput="DLC" valdesc="Verify DLC Current version is UI" valkey="DLC Current Version"/>
		<component name=""       action="validate" xpath="deviceview.devicepage.softwareinventory.dlctab.pendingversion" compareWith="$$version_dlc" xpathInput="DLC" valdesc="Verify DLC Pending version is UI" valkey="DLC Pending Version"/>
		
	</step>
	
	<step type="JAVA" name="Verify OSGI Version in UI." description="Compares the value in Pending and Current version for OSGI in UI with the provided value." severity="Blocker" >	
		<component name=""       action="validate" xpath="deviceview.devicepage.softwareinventory.dlctab.currentversion" compareWith="$$version_osgi" xpathInput="OSGI" valdesc="Verify DLC Current version is UI" valkey="DLC Current Version"/>
		<component name=""       action="validate" xpath="deviceview.devicepage.softwareinventory.dlctab.pendingversion" compareWith="$$version_osgi" xpathInput="OSGI" valdesc="Verify DLC Pending version is UI" valkey="DLC Pending Version"/>
	</step>
	
</steps>

