<steps name="TC6328_Delete_Dynamic_Groups" description="Validate the Dynamic Group Deletion" severity="Blocker"> 

	<step type="START-DS" name="Start DS" description="Performs-Start DS" severity="Blocker">
		<parameter name="DEVICE_ID" value="test-device-6331" />
		<parameter name="ACS_IP" value="props::ACS_IP" />
		<parameter name="DEVICE_DATA_MODEL_NAME" value="props::DEVICE_DATA_MODEL_NAME" />
	</step>
	
	<!-- Login  -->
	
	<step type="JAVA" name="Login" description="Performs - Login" severity="Blocker">
		<component name="textbox"  action="entervalue" xpath="login.username" value="props::PH_LOGIN_USERNAME"/>
		<component name="textbox"  action="entervalue" xpath="login.password" value="props::PH_LOGIN_PASSWORD" />
		<component name="button" action="click" 	 xpath="login.submit"  />
		
	</step>
	
	<!-- Click operations Tab -->
	
	<step type="JAVA" name="Click Tab" description="Performs - Click Tab " severity="Blocker">
		<component name="link"   action="click"  xpath="tab.operations" />
	</step>
	
	<!-- Click on Device Management Tab in SideMenu -->
	
	<step type="JAVA" name="Click SideMenu" description="Performs - Click SideMenu" severity="Blocker">
		<component name="link"   action="click"      xpath="sidemenu.operations.devicemanagement" />
	</step>
	
	<!-- Go to Query Box -->
	
	<step type="JAVA" name="Enter in Query Box" description="Performs - Enter in Query Box" severity="Blocker">
		<component name="textbox"  action="entervalue" xpath="operations.devicemanagement.query" value="'Serial Number' LIKE  test-device-6331"/>
		<component name="button" action="click" xpath="operations.devicemanagement.query.find" />
		<component name="timer" value="2" />
	</step>
	
	<!-- Check the device -->
	
	<step type="JAVA" name="Check the Device" description="Performs - Check the Device" severity="Blocker">
		<component name="checkbox"  action="enable" xpath="operations.devicemanagement.checkselected" xpathInput = "$$DEVICE_ID" />
		<component name="timer" value="2" />
	</step>
	
	<!-- Create Static Group -->
	
	<step type="JAVA" name="Create Static Group" description="Performs - Create Static Group" linkFile="src/test/jmeter/ph_6.4/regression/group/CreateStaticGroup.xml"  severity="Blocker">
		<parameter name="staticGroupName" value="Static6331-group" />
		<parameter name="staticGroupDesc" value="Static6331-group description" />
		<parameter name="Notification" value="pass" />
	</step>
	
	<!-- Create Dynamic Group Icon -->
	
	<step type="JAVA" name="Create Dynamic Group" description="Performs - Create Dynamic Group" linkFile="src/test/jmeter/ph_6.4/regression/group/CreateDynamicGroup.xml"  severity="Blocker">
		<parameter name="dynamicGroupName" value="Dynamic6331-group" />
		<parameter name="dynamicGroupDesc" value="Dynamic6331 description" />
		<parameter name="Notification" value="pass" />
	</step>
	
	<!-- Navigate to Batch Processing Tab -->
	
	<step type="JAVA" name="Click SideMenu" description="Performs - Click SideMenu " severity="Blocker">
		<component name="link"   action="click"  xpath="tab.operations" />
		<component name="link"   action="click"  xpath="sidemenu.operations.batchprocessing" />
	</step>
	
	<!-- Create Event Based Batch -->
	
	<step type="JAVA" name="Create Event Based Batch for Static and Dynamic Group" linkFile="src/test/jmeter/ph_6.4/regression/batch/CreateEventBatch.xml" description=" Performs - Create Event Based Batch for Static Group and Dynamic" severity="Blocker" repeat="$$batchNames">
		<parameter name="batchNames" value="eventbased1-6331,,eventbased2-6331" saveAsType="array" splitChar=",,"/>
		<parameter name="batchName" value="fromArray::batchNames" />
		<parameter name="batchDescriptions" value="eventbased1 Description,,eventbased2 Description" saveAsType="array" splitChar=",,"/>
		<parameter name="batchDesc" value="fromArray::batchDescriptions" />
		<parameter name="groupNames" value="Static6331-group,,Dynamic6331-group" saveAsType="array" splitChar=",,"/>
		<parameter name="groupName" value="fromArray::groupNames" />
		<parameter name="parameterName_1" value="InternetGatewayDevice.LANDevice.1.WLANConfiguration.1.SSID" />
		<parameter name="parameterValue_1" value="ATT76A3New" />
		<parameter name="parameterName_2" value="InternetGatewayDevice.LANDevice.1.WLANConfiguration.1.RadioEnabled" />
		<parameter name="parameterValue_2" value="0" />
		<parameter name="Notification" value="pass" />
	</step>
	
	
	<!-- Create Time Based Batch -->
	
	<step type="JAVA" name="Create Time Based Batch for Static Group  and Dynamic Group" linkFile="src/test/jmeter/ph_6.4/regression/batch/CreateTimeBasedBatch.xml" description="Performs - Create Time Based Batch for Static Group and Dynamic Group" severity="Blocker" repeat="$$batchNames">
		<parameter name="batchNames" value="timebased1-6332,,timebased2-6332" saveAsType="array" splitChar=",,"/>
		<parameter name="batchName" value="fromArray::batchNames" />
		<parameter name="batchDescriptions" value="timebased1 Description,,timebased2 Description" saveAsType="array" splitChar=",,"/>
		<parameter name="batchDesc" value="fromArray::batchDescriptions" />
		<parameter name="groupNames" value="Static6331-group,,Dynamic6331-group" saveAsType="array" splitChar=",,"/>
		<parameter name="groupName" value="fromArray::groupNames" />
		<parameter name="incrementTime" value="3" />
		<parameter name="parameterName_1" value="InternetGatewayDevice.LANDevice.1.WLANConfiguration.1.SSID" />
		<parameter name="parameterValue_1" value="ATT76A3New" />
		<parameter name="parameterName_2" value="InternetGatewayDevice.LANDevice.1.WLANConfiguration.1.RadioEnabled" />
		<parameter name="parameterValue_2" value="0" />
		<parameter name="Notification" value="pass" />
	</step>
	
	
	<!-- Create Immediate batch -->
	
	
	<step type="JAVA" name="Create Immediate Batch for Static Group and Dynamic Group" linkFile="src/test/jmeter/ph_6.4/regression/batch/CreateImmediateBatch-SingleParam-GPV.xml" description="Performs - Create Immediate Batch for Static Group and Dynamic Group" repeat="$$batchNames" severity="Blocker">
		<parameter name="batchNames" value="immediatebatch1-6333,,immediatebatch2-6333" saveAsType="array" splitChar=",,"/>
		<parameter name="batchName" value="fromArray::batchNames" />
		<parameter name="batchDescriptions" value="immediatebatch1 Description,,immediatebatch2 Description" saveAsType="array" splitChar=",,"/>
		<parameter name="batchDesc" value="fromArray::batchDescriptions" />
		<parameter name="groupNames" value="Static6331-group,,Dynamic6331-group" saveAsType="array" splitChar=",,"/>
		<parameter name="groupName" value="fromArray::groupNames" />
		<parameter name="incrementTime" value="3" />
		<parameter name="parameterName_1" value="InternetGatewayDevice.LANDevice.1.WLANConfiguration.1.SSID" />
		<parameter name="parameterValue_1" value="ATT76A3New" />
		<parameter name="Notification" value="pass" />
	</step>
	
	
	<!-- Click on Groups in Device Management Tab -->
	
	<step type="JAVA" name="Click on Groups in Device Management Tab" description="Performs - Click on Groups in Device Management Tab" severity="Blocker">
		<component name="link"   action="click" xpath="tab.operations" />
		<component name="link"   action="click" xpath="sidemenu.operations.devicemanagement" />
		<component name="link" action="click"  xpath="operations.devicemanagement.tablist.groups" />
		<component name="link" action="click"  xpath="operations.devicemanagement.tablist.availability.groups.name" xpathInput="$$staticGroupName" />
		<component name="timer" value="3" />
	</step>
	
	<!-- Validate Pop-up Contents Availability for Static Group -->
	                                                                                        
	<step type="JAVA" name="Validate Pop-up Contents Availability for Static Group" description="Performs - Validate Pop-up Contents Availability for Static Group " severity="Blocker">
		<component name=""  action="extract" type="listofstring" xpath="operations.devicemanagement.group.popupcontent" xpathInput="$$staticGroupName"  saveTo="liststaticcontent" value="JMETEROBJ::liststaticcontent"/>
		<component name=""   action="converttolist" value="Name: Static6331-group;;Description: Static6331-group description;;Batches: 3;;Created By: @@CREATEDBY;;Updated Date: @@CREATEDDATE"  saveTo="liststr"/>
		<component name=""  action="validate" value="JMETEROBJ::liststr" />
		<component name=""   action="validatelist" value="JMETEROBJ::liststaticcontent"  compareWith="JMETEROBJ::liststr"  valdesc="Validate static popup content Results" valkey="popup content Result" />
		<component name="timer" value="3" />
	</step>      

	<!-- Validate Pop-up Contents Availability for Dynamic Group -->
	                                                                                        
	<step type="JAVA" name="Validate Pop-up Contents Availability for Dynamic Group" description="Performs - Validate Pop-up Contents Availability for Dynamic Group " severity="Blocker">
		<component name="link" action="click"  xpath="operations.devicemanagement.tablist.availability.groups.name" xpathInput="$$dynamicGroupName" />
		<component name=""  action="extract" type="listofstring" xpath="operations.devicemanagement.group.popupcontent" xpathInput="$$dynamicGroupName"  saveTo="listdynamiccontent" value="JMETEROBJ::listdynamiccontent"/>
		<component name=""   action="converttolist" value="Name: Dynamic6331-group;;Description: Dynamic6331 description;;Batches: 3;;Created By: @@CREATEDBY;;Updated Date: @@CREATEDDATE"  saveTo="liststr"/>
		<component name=""  action="validate" value="JMETEROBJ::liststr" />
		<component name=""   action="validatelist" value="JMETEROBJ::listdynamiccontent"  compareWith="JMETEROBJ::liststr"  valdesc="Validate dynamic popup content Results" valkey="popup content Result" />
		<component name="timer" value="3" />
	</step>
	
   	<!--Navigate to Batch Processing  -->
	
	<step type="JAVA" name="Navigate to Batch Processing"  description="Performs - Navigate to Batch Processing" severity="Blocker">
	<component name="link"   action="click"  xpath="tab.operations" />
	<component name="link"   action="click"  xpath="sidemenu.operations.batchprocessing" />
	</step>
	
	<!-- Delete Multiple Batches -->
	
	<step type="JAVA" name="Delete Multiple Batches "  linkFile="src/test/jmeter/ph_6.4/regression/batch/Search_DeleteBatch.xml" description="Performs -Delete  Multiple Batches " severity="Blocker" repeat="$$batchNames" >
		<parameter name="batchNames" value="eventbased1-6331,,eventbased2-6331,,timebased1-6332,,timebased2-6332,,immediatebatch1-6333,,immediatebatch2-6333" saveAsType="array" splitChar=",,"/>
		<parameter name="batchName" value="fromArray::batchNames" />
		<parameter name="Notification" value="pass" />
	</step>
	
	<!--Navigate to Groups  -->
	
	<step type="JAVA" name="Navigate to Groups"  description="Performs - Navigate to Groups" severity="Blocker">
		<component name="link"   action="click"  xpath="tab.operations" />
		<component name="link"   action="click"  xpath="sidemenu.operations.groups" />
	</step>
	
	 <!--Delete Static and Dynamic Group -->
	<step type="JAVA" name="Delete Multiple Groups "  linkFile="src/test/jmeter/ph_6.4/regression/group/DeleteGroup.xml" description="Performs -Delete  Multiple Groups " severity="Blocker" repeat="$$groupNames" >
		<parameter name="groupNames" value="Static6331-group,,Dynamic6331-group" saveAsType="array" splitChar=",,"/>
		<parameter name="groupName" value="fromArray::groupNames" />
		<parameter name="Notification" value="pass" />
	</step>
	
</steps>