<steps name="TC6322_DynamicGroup_Icon" description="Validate the Dynamic Group Availability" severity="Blocker"> 

	<!-- Login  -->
	
	<step type="JAVA" name="Login" description="Performs - Login" severity="Blocker">
		<component name="textbox"  action="entervalue" xpath="login.username" value="props::PH_LOGIN_USERNAME"/>
		<component name="textbox"  action="entervalue" xpath="login.password" value="props::PH_LOGIN_PASSWORD" />
		<component name="button" action="click" 	 xpath="login.submit"  />
	</step>
	
	<!-- Click on Device Management Tab in SideMenu -->
	
	<step type="JAVA" name="Navigate to Device Management SideMenu" description="Performs - Click SideMenu" severity="Blocker">
		<component name="link"   action="click"  xpath="tab.operations" />
		<component name="link"   action="click"      xpath="sidemenu.operations.devicemanagement" />
	</step>
	
	<!-- Create Dynamic Group Icon -->
	
	<step type="JAVA" name="Create Dynamic Group" description="Performs - Create Dynamic Group" linkFile="src/test/jmeter/ph_6.4/regression/group/CreateDynamicGroup.xml"  severity="Blocker">
		<parameter name="dynamicGroupName" value="TC6322-group" />
		<parameter name="dynamicGroupDesc" value="TC6322 description" />
		<parameter name="Notification" value="pass" />
		<component name="timer" value="2" />
	</step>
	
	<!-- Navigate  to groups in Tablist -->
	
	<step type="JAVA" name="Navigate to Groups in Device Management" description="Performs - Click Tab " severity="Blocker">
		<component name="link"   action="click"  xpath="operations.devicemanagement.tablist.groups" />
	</step>
	
	<!-- Check for Element Availability of Groups-->
	
	<step type="JAVA" name="Verify DynamicGroup Availability" description="Performs -  DynamicGroup Availability " severity="Blocker">
		<component name=""  action="element-availability" xpath="operations.devicemanagement.dynamicgroup.icon" xpathInput="$$dynamicGroupName" saveTo="dynamicgroupAvailability" compareWith="Element present" valdesc="Check Element availability" valkey="Presence"/>
	</step>
	
	<!-- Delete Group -->
	
	<step type="JAVA" name="Delete Group " description="Performs - Delete Group " severity="Blocker">
		<component name="link"   action="click"  xpath="tab.operations" />
		<component name="link"   action="click"  xpath="sidemenu.operations.groups" />
		<component name="textbox" action="entervalue" xpath="operaions.group.search.group.inputbox" value ="$$dynamicGroupName" />
		<component name="button" action="click" xpath="operaions.group.select.group.delete.icon" xpathInput="$$dynamicGroupName" />
		<component name="button" action="click" xpath="operaions.group.select.group.delete.confirm" />
		<parameter name="Notification" value="pass" />
			<if value1="$$Notification" value2="pass" condition="equals">
				<component name="notification" action="validate" xpath="notification.message" compareWith="Deleted successfully" valdesc="Dynamic Group deletion" valkey="Dynamic Group deletion"/>		
			</if>
	</step>
	
</steps>