<steps name="TC6328_Delete_Dynamic_Groups" description="Validate the Dynamic Group Deletion" severity="Blocker"> 

	<!-- Login  -->
	
	<step type="JAVA" name="Login" description="Performs - Login" severity="Blocker">
		<component name="textbox"  action="entervalue" xpath="login.username" value="props::PH_LOGIN_USERNAME"/>
		<component name="textbox"  action="entervalue" xpath="login.password" value="props::PH_LOGIN_PASSWORD" />
		<component name="button" action="click" 	 xpath="login.submit"  />
	</step>
	
	<!-- Click on Device Management Tab in SideMenu -->
	
	<step type="JAVA" name="Click SideMenu" description="Performs - Click SideMenu" severity="Blocker">
		<component name="link"   action="click"  xpath="tab.operations" />
		<component name="link"   action="click"   xpath="sidemenu.operations.devicemanagement" />
	</step>
	
	<!-- Create Dynamic Group Icon -->
	
	<step type="JAVA" name="Create Dynamic Group" description="Performs - Create Dynamic Group" linkFile="src/test/jmeter/ph_6.4/regression/group/CreateDynamicGroup.xml"  severity="Blocker">
		<parameter name="dynamicGroupName" value="DynamicAsaf" />
		<parameter name="dynamicGroupDesc" value="TC6328 description" />
		<parameter name="Notification" value="pass" />	
		<component name="timer" value="2" />
	</step>
	
	<!-- Navigate  to groups in Tablist -->
	
	<step type="JAVA" name="Click Tab" description="Performs - Click Tab " severity="Blocker">
		<component name="link"   action="click"  xpath="operations.devicemanagement.tablist.groups" />
	</step>
	
	<!-- Check for Element Availability of Groups-->
	
	<step type="JAVA" name="Verify DynamicGroup Availability" description="Performs -  DynamicGroup Availability " severity="Blocker">
		<component name=""  action="element-availability" xpath="operations.devicemanagement.tablist.availability.groups" xpathInput="$$dynamicGroupName" saveTo="dynamicgroupAvailability" compareWith="Element present" valdesc="Check Element availability" valkey="Presence"/>
	</step>
	
	<!-- Validate DropDown Elements-->
	
	<step type="JAVA" name="Validate DropDown Elements" description="Performs - Validate DropDown Elements" severity="Blocker">
		<component name="link" action="click"  xpath="operations.devicemanagement.tablist.groups" />
		<component name=""  action="element-availability" xpath="operations.devicemanagement.tablist.availability.groups" xpathInput="$$dynamicGroupName" value="Edit Details"  saveTo="groupAvailability" compareWith="Element present" valdesc="Check Element availability" valkey="Presence"/>
		<component name=""  action="element-availability" xpath="operations.devicemanagement.tablist.availability.groups" xpathInput="$$dynamicGroupName" value="Set Query with Current"  saveTo="groupAvailability" compareWith="Element present" valdesc="Check Element availability" valkey="Presence"/>
		<component name=""  action="element-availability" xpath="operations.devicemanagement.tablist.availability.groups" xpathInput="$$dynamicGroupName" value="Delete Group"  saveTo="groupAvailability" compareWith="Element present" valdesc="Check Element availability" valkey="Presence"/>
	</step>
	
	<!--Delete Dynamic Group-->
	
	<step type="JAVA" name="Delete Dynamic Group" description="Performs - Delete Dynamic Group" severity="Blocker">
		<component name="link" action="click"  xpath="operations.devicemanagement.tablist.groups" />
		<component name="dropdown" action="dropdownselect" xpath="operations.devicemanagement.tablist.availability.groups" xpathInput="$$dynamicGroupName" value="Delete Group" />
		<component name="button" action="click"   xpath="popup.message.ok" />
		<component name="timer" value="2" />
		<parameter name="Notification" value="pass" />
			<if value1="$$Notification" value2="pass" condition="equals">
				<component name="notification" action="validate" xpath="notification.message" compareWith="Deleted successfully" valdesc="Group deletion" valkey="Group deletion"/>		
			</if>
	</step>
	
	<!-- Check for Element UnAvailability of Groups in DeviceManagement -> Groups -->
	
	<step type="JAVA" name="Verify DynamicGroup UnAvailability in DeviceManagement" description="Performs - DynamicGroup UnAvailability in DeviceManagement " severity="Blocker">
		<component name=""  action="element-availability" xpath="operations.devicemanagement.tablist.availability.groups" xpathInput="$$dynamicGroupName" saveTo="dynamicgroupAvailability" compareWith="Element not present" valdesc="Check Element availability" valkey="Presence"/>
	</step>
	
	<!-- Check for Element UnAvailability of Groups in Operations -> Groups -->
	
	<step type="JAVA" name="Verify DynamicGroup UnAvailability in Operations" description="Performs -Verify DynamicGroup UnAvailability in Operations" severity="Blocker">
		<component name="link"   action="click"  xpath="tab.operations" />
		<component name="link"   action="click"  xpath="sidemenu.operations.groups" />
		<component name=""  action="element-availability" xpath="operations.availability.group" xpathInput="$$dynamicGroupName" saveTo="dynamicgroupAvailability" compareWith="Element not present" valdesc="Check Element availability" valkey="Presence"/>
	</step>
	
</steps>