<steps name="TC6325_Edit_Dynamic_Group" description="Validate the Dynamic Group on Edit" severity="Blocker">

	<step type="START-MULTI-DS" name="Start Multiple DS" online="5" offline="0">
		<parameter name="ACS_IP" value="props::ACS_IP" />
		<parameter name="DEVICE_DATA_MODEL_NAME" value="props::DEVICE_DATA_MODEL_NAME" /> 
		<parameter name="DEVICE_PRE" value="props::DEVICE_PRE" />
		<parameter name="testName" value="test1" />
	</step>
	
	<!-- Login  -->
	
	<step type="JAVA" name="Login" description="Performs - Login" severity="Blocker">
		<component name="textbox"  action="entervalue" xpath="login.username" value="props::PH_LOGIN_USERNAME"/>
		<component name="textbox"  action="entervalue" xpath="login.password" value="props::PH_LOGIN_PASSWORD" />
		<component name="button" action="click" xpath="login.submit"  />
	</step>
	
	<!-- Click on Groups Tab in Device Management -->
	
	<step type="JAVA" name="Navigate to Device Management SideMenu" description="Performs - Click SideMenu" severity="Blocker">
		<component name="link"   action="click"  xpath="tab.operations" />
		<component name="link"   action="click"      xpath="sidemenu.operations.devicemanagement" />
	</step>
	
	<!-- Go to Query Box --> 
	
	<step type="JAVA" name="Enter in Query Box" description="Performs - Enter in Query Box" severity="Blocker">
		<component name="textbox"  action="entervalue" xpath="operations.devicemanagement.query" value="JMETERREP::'Serial Number' IN ($$DEVICE_PRE$$1,$$DEVICE_PRE$$2,$$DEVICE_PRE$$3)" />
		<component name="button"  action="click" xpath="operations.devicemanagement.query.find" />
		<component name="timer" value="2" />
	</step>
	
	<!-- Check the device -->
	
	<step type="JAVA" name="Check the Device" description="Performs - Check the Device" severity="Blocker">
		<component name="checkbox"  action="enable" xpath="operations.devicemanagement.query.checkall" />
		<component name="timer" value="2" />
	</step>
	
	<!-- Create Dynamic Group-->
	
	<step type="JAVA" name="Create Dynamic Group" description="Performs - Create Dynamic Group" linkFile="src/test/jmeter/ph_6.4/regression/group/CreateDynamicGroup.xml"  severity="Blocker">
		<parameter name="dynamicGroupName" value="TC6325-group" />
		<parameter name="dynamicGroupDesc" value="TC6325 description" />
		<parameter name="Notification" value="pass" />	
		<component name="timer" value="2" />
	</step>
	
	<!-- Navigate  to groups in Tablist -->
	
	<step type="JAVA" name="Navigate to Groups in Device Management" description="Performs - Click Tab " severity="Blocker">
		<component name="link"   action="click"  xpath="operations.devicemanagement.tablist.groups" />
	</step>
	
	
	<!-- Validate DropDown Elements-->
	
	<step type="JAVA" name="Validate DropDown Elements" description="Performs - Validate DropDown Elements" severity="Blocker">
		<component name="link" action="click"  xpath="operations.devicemanagement.tablist.groups" />
		<component name=""  action="element-availability" xpath="operations.devicemanagement.tablist.availability.groups" xpathInput="$$dynamicGroupName" value="Edit Details"  saveTo="groupAvailability" compareWith="Element present" valdesc="Check Element availability" valkey="Presence"/>
		<component name=""  action="element-availability" xpath="operations.devicemanagement.tablist.availability.groups" xpathInput="$$dynamicGroupName" value="Set Query with Current"  saveTo="groupAvailability" compareWith="Element present" valdesc="Check Element availability" valkey="Presence"/>
		<component name=""  action="element-availability" xpath="operations.devicemanagement.tablist.availability.groups" xpathInput="$$dynamicGroupName" value="Add Selected Devices"  saveTo="groupAvailability" compareWith="Element present" valdesc="Check Element availability" valkey="Presence"/>
		<component name=""  action="element-availability" xpath="operations.devicemanagement.tablist.availability.groups" xpathInput="$$dynamicGroupName" value="Delete Group"  saveTo="groupAvailability" compareWith="Element present" valdesc="Check Element availability" valkey="Presence"/>
	</step>
	
	<!-- Edit Group Details-->
	
	 <step type="JAVA" name="Edit Dynamic Group Details" description="Performs - Edit Dynamic Group Details" severity="Blocker">
		<component name="link" action="click"  xpath="operations.devicemanagement.tablist.groups" />
		<component name="dropdown" action="dropdownselect" xpath="operations.devicemanagement.tablist.availability.groups" xpathInput="$$dynamicGroupName" value="Edit Details" />
		<component name="textbox"  action="entervalue" xpath="operations.devicemanagement.staticgroup.add.name" value="test1" />
		<component name="textbox"  action="entervalue" xpath="operations.devicemanagement.staticgroup.add.description" value="test2" />
		<component name="button" action="click"   xpath="operations.devicemanagement.staticgroup.apply-btn" />
		<component name="timer" value="2" />
		<parameter name="Notification" value="pass" />
			<if value1="$$Notification" value2="pass" condition="equals">
				<component name="notification" action="validate" xpath="notification.message" compareWith="Group saved" valdesc="Group Edit" valkey="Group Edit"/>		
			</if>
	</step>
	
	
	<!--Validate the Group Name -->
	
	<step type="JAVA" name="Validate the Group Name" description="Performs - Validate the Group Name" severity="Blocker">
		<component name="link"   action="click"  xpath="sidemenu.operations.groups" />
		<component name="textbox"  action="entervalue" xpath="operations.group.search" value="$$testName"/>
		<component name=""  action="element-availability" xpath="operations.availability.group" xpathInput="$$testName" saveTo="groupAvailability" compareWith="Element present" valdesc="Check Element availability" valkey="Presence"/>
	</step>
	
	
	<!-- Validate the Group Name & Group Description -->
	
	<step type="JAVA" name="Validate the Group" description="Performs - Validate the Group" severity="Blocker">
		<component name="link"   action="click"   xpath="sidemenu.operations.devicemanagement" />
		<component name="link" action="click"  xpath="operations.devicemanagement.tablist.groups" />
		<component name="dropdown" action="dropdownselect" xpath="operations.devicemanagement.tablist.availability.groups" xpathInput="$$testName" value="Edit Details" />
		<component name=""  action="element-availability"  xpath="operations.devicemanagement.staticgroup.add.name" value="$$testName" saveTo="groupNameAvailability" compareWith="Element present" valdesc="Check Element availability" valkey="Presence"/>
		<component name=""  action="element-availability"  xpath="operations.devicemanagement.staticgroup.add.description" value="test2" saveTo="groupDescAvailability" compareWith="Element present" valdesc="Check Element availability" valkey="Presence"/>
		<component name="button" action="click"  xpath="operations.devicemanagement.staticgroup.cancel-btn" />
		<component name="timer" value="2" />
	</step>
	
	 
	<!-- Set Query with Current Device to the Group-->
	
	<step type="JAVA" name="Set Query with Current Device to the Group" description="Performs -  Set Query with Current Device to the Group" severity="Blocker">
		<component name="textbox"  action="entervalue" xpath="operations.devicemanagement.query" value="JMETERREP::'Serial Number' LIKE $$DEVICE_PRE$$4"/>
		<component name="button"  action="click" xpath="operations.devicemanagement.query.find" />
		<component name="timer" value="2" />
		<component name="checkbox"  action="enable" xpath="operations.devicemanagement.checkselected" xpathInput = "JMETERREP::$$DEVICE_PRE$$4" />
		<component name="link"   action="click"  xpath="operations.devicemanagement.tablist.groups" />
		<component name="dropdown" action="dropdownselect" xpath="operations.devicemanagement.tablist.availability.groups" xpathInput="$$testName" value="Set Query with Current" />
		<component name="button"  action="click" xpath="popup.message.ok" />
		<component name="timer" value="2" />
		<parameter name="Notification" value="pass" />
			<if value1="$$Notification" value2="pass" condition="equals">
				<component name="notification" action="validate" xpath="notification.message" compareWith="Group saved" valdesc="Group Edit" valkey="Group Edit"/>		
			</if>
	</step>
	
	<!--Validate New query and Device Availability-->
	
	<step type="JAVA" name="Validate New query and Device Availability" description="Performs -  Validate New query and Device Availability" severity="Blocker">
		<component name="link"   action="click"   xpath="operations.devicemanagement.tablist.availability.groups.name" xpathInput="$$testName" />
		<component name=""  action="element-availability"  xpath="operations.devicemanagement.query" value="JMETERREP::'Serial Number' LIKE $$DEVICE_PRE$$4" saveTo="queryAvailability" compareWith="Element present" valdesc="Check Element availability" valkey="Presence"/>
		<component name="button" action="click" xpath="operations.devicemanagement.query.find" />
		<component name=""  action="element-availability"  xpath="operations.devicemanagement.availability.device" xpathInput="JMETERREP::$$DEVICE_PRE$$4" saveTo="deviceAvailability" compareWith="Element present" valdesc="Check Element availability" valkey="Presence"/>
		<component name="timer" value="3" />
	</step>

	
	<!-- Delete Group -->
	
	<step type="JAVA" name="Delete Group " description="Performs -Delete Group " severity="Blocker">
		<component name="link"   action="click"  xpath="tab.operations" />
		<component name="link"   action="click"  xpath="sidemenu.operations.groups" />
		<component name="textbox" action="entervalue" xpath="operaions.group.search.group.inputbox" value ="$$testName" />
		<component name="button" action="click" xpath="operaions.group.select.group.delete.icon" xpathInput="$$testName" />
		<component name="button" action="click" xpath="operaions.group.select.group.delete.confirm" />
		<parameter name="Notification" value="pass" />
			<if value1="$$Notification" value2="pass" condition="equals">
				<component name="notification" action="validate" xpath="notification.message" compareWith="Deleted successfully" valdesc="Group deletion" valkey="Group deletion"/>		
			</if>
	</step>

</steps>