<steps name="TC6320_DeviceManagement_GroupsTab" description="Validate the Group Tab Availability" severity="Blocker"> 

	<!-- Login  -->
	
	<step type="JAVA" name="Login" description="Performs - Login" severity="Blocker">
		<component name="textbox"  action="entervalue" xpath="login.username" value="props::PH_LOGIN_USERNAME"/>
		<component name="textbox"  action="entervalue" xpath="login.password" value="props::PH_LOGIN_PASSWORD" />
		<component name="button" action="click" 	 xpath="login.submit"  />
	</step>
	
	<!-- Click on Device Management Tab in SideMenu -->
	
	<step type="JAVA" name="Navigates to Device Management SideMenu" description="Performs - Click SideMenu" severity="Blocker">
		<component name="link"   action="click"  xpath="tab.operations" />
		<component name="link"   action="click"   xpath="sidemenu.operations.devicemanagement" />
	</step>
	
	<!--Availability of Group Tab In DeviceManagement -->
	
	<step type="JAVA" name="Verify Group Tab Availability" description="Performs - Verify Group Tab Availability" severity="Blocker">
		<component name=""  action="element-availability" xpath="operations.devicemanagement.tablist.groups"  saveTo="groupTabAvailability" compareWith="Element present" valdesc="Check Element availability" valkey="Presence"/>
	</step>
	
</steps>