<steps>
	<step type="START-MULTI-DS" online="1" offline="0" name="StartMultipleDevice" description="Performs-Start DS" severity="Major">
		<parameter name="ACS_IP" value="props::ACS_IP" />
		<parameter name="DEVICE_DATA_MODEL_NAME" value="props::DEVICE_DATA_MODEL_NAME" />
	</step>
	
	<!-- Login  -->	
	<step type="JAVA" name="Login" description="Performs - Login" severity="Blocker">
		<component name="textbox"  action="entervalue" xpath="login.username" value="props::PH_LOGIN_USERNAME"/>
		<component name="textbox"  action="entervalue" xpath="login.password" value="props::PH_LOGIN_PASSWORD" />
		<component name="button" action="click" 	 xpath="login.submit"  />
	</step>
	
	<!-- Create Static Group -->
	<step type="JAVA" name="Navigates to DeviceManagement side menu" description="Clicks Operations tab and Navigates to DeviceManagement side menu" severity="Blocker">
		<component name="link"   action="click"  xpath="tab.operations" />
		<component name="link"   action="click"      xpath="sidemenu.operations.devicemanagement" />
	</step>
	
	<step type="JAVA" name="Selects devices" description="Enter query and search devices and chooses the devices to create the Static group." severity="Major">
		<component name="textbox"  action="entervalue" xpath="operations.devicemanagement.query" value="JMETERREP::'Serial Number' LIKE $$DEVICE_PRE$$*"/>
		<component name="button" action="click" xpath="operations.devicemanagement.query.find"  />
		<component name="timer" value="3" />
		
		<component name="checkbox"  action="enable" xpath="operations.devicemanagement.checkselected" xpathInput = "$$CPE-1" />
		<component name="timer" value="1" />
	</step>
	
	<step type="JAVA" name="Create Static Group" description="Performs - Create Static Group" linkFile="src/test/jmeter/ph_6.4/regression/group/CreateStaticGroup.xml"  severity="Major">
		<parameter name="staticGroupName" value="group-6327" />
		<parameter name="staticGroupDesc" value="group-6327 description" />
		<parameter name="Notification" value="pass" />
		<component name="timer" value="2" />
	</step>

	<!-- Check for Group Availability in Device Management portlet -->	
	<step type="JAVA" name="Verify Group Availability" description="Performs - Group Element Availability in DeviceManagement page" severity="Blocker">
		<component name="link" action="click"  xpath="operations.devicemanagement.tablist.groups" />
		<component name=""  action="element-availability" xpath="operations.devicemanagement.tablist.availability.groups.name" xpathInput="$$staticGroupName" saveTo="groupAvailability" compareWith="Element present" valdesc="Check Group availability" valkey="Presence"/>
	</step>
	
	<!-- Deletes the Group in the Device Management portlet -->
	<step type="JAVA" name="Delete Group" linkFile="src/test/jmeter/ph_6.4/regression/group/DeleteGroup_DeviceManagement.xml" description="Deletes Group in the Device Management side menu" severity="Blocker">
		<parameter name="groupName" value="$$staticGroupName"/>
		<parameter name="Notification" value="pass" />
	</step>
	
	<!-- Check for Group Availability in Device Management portlet -->	
	<step type="JAVA" name="Verify Group Availability" description="Performs - Group Element non-Availability in DeviceManagement Page" severity="Blocker">
		<component name="link" action="click"  xpath="operations.devicemanagement.tablist.groups" />
		<component name=""  action="element-availability" xpath="operations.devicemanagement.tablist.availability.groups.name" xpathInput="$$staticGroupName" saveTo="groupAvailability" compareWith="Element not present" valdesc="Check Group availability" valkey="Presence"/>
	</step>
	
	<!-- Check for Group Availability in Groups portlet -->	
	<step type="JAVA" name="Navigates to Groups side menu" description="Clicks Operations tab and Navigates to Groups side menu" severity="Blocker">
		<component name="link"   action="click"  xpath="tab.operations" />
		<component name="link"   action="click"      xpath="sidemenu.operations.groups" />
	</step>
	
	<step type="JAVA" name="Verify Group Availability" description="Performs - Group Element non-Availability in Groups page" severity="Blocker">
		<component name="textbox" action="entervalue"      xpath="operaions.group.search.group.inputbox" value ="$$staticGroupName" />
		<component name="timer" value="4" />
		<component name=""  action="element-availability" xpath="operaions.group.select.group.name" xpathInput="$$staticGroupName" saveTo="groupAvailability" compareWith="Element not present" valdesc="Check Group availability" valkey="Presence"/>
	</step>
</steps>