<steps  name="TC6337_Execute_DynamicGroup_Updated_On_NewBatch" description="Validate the Dynamic Group on Updated Batch" severity="Blocker">

	<step type="START-MULTI-DS" name="Start Multiple DS" online="5" offline="0">
		<parameter name="ACS_IP" value="props::ACS_IP" />
		<parameter name="DEVICE_DATA_MODEL_NAME" value="props::DEVICE_DATA_MODEL_NAME" /> 
		<parameter name="DEVICE_PRE" value="props::DEVICE_PRE" />
		<parameter name="groupName" value="test1" />
		<parameter name="deviceCount" value="1" />
	</step>
	
	<!-- Login  -->
	
	<step type="JAVA" name="Login" description="Performs - Login" severity="Blocker">
		<component name="textbox"  action="entervalue" xpath="login.username" value="props::PH_LOGIN_USERNAME"/>
		<component name="textbox"  action="entervalue" xpath="login.password" value="props::PH_LOGIN_PASSWORD" />
		<component name="button" action="click" xpath="login.submit"  />
	</step>
	
	<!-- Click on Groups Tab in Device Management -->
	
	<step type="JAVA" name="Navigate to Device Management SideMenu" description="Performs - Click SideMenu" severity="Blocker">
		<component name="link"   action="click"  xpath="tab.operations" />
		<component name="link"   action="click"      xpath="sidemenu.operations.devicemanagement" />
	</step>
	
	<!-- Go to Query Box --> 
	
	<step type="JAVA" name="Enter in Query Box" description="Performs - Enter in Query Box" severity="Blocker">
		<component name="textbox"  action="entervalue" xpath="operations.devicemanagement.query" value="JMETERREP::'Serial Number' IN ($$DEVICE_PRE$$1,$$DEVICE_PRE$$2,$$DEVICE_PRE$$3)" />
		<component name="button"  action="click" xpath="operations.devicemanagement.query.find" />
		<component name="timer" value="2" />
	</step>
	
	<!-- Check the device -->
	
	<step type="JAVA" name="Check the Device" description="Performs - Check the Device" severity="Blocker">
		<component name="checkbox"  action="enable" xpath="operations.devicemanagement.query.checkall" />
		<component name="timer" value="2" />
	</step>
	
	<!-- Create Dynamic Group Icon -->
	
	<step type="JAVA" name="Create Dynamic Group" description="Performs - Create Dynamic Group" linkFile="src/test/jmeter/ph_6.4/regression/group/CreateDynamicGroup.xml"  severity="Blocker">
		<parameter name="dynamicGroupName" value="TC6337-group" />
		<parameter name="dynamicGroupDesc" value="TC6337 description" />
		<parameter name="Notification" value="pass" />	
		<component name="timer" value="2" />
	</step>
	
	<!-- Validate DropDown Elements-->
	
	<step type="JAVA" name="Validate DropDown Elements" description="Performs - Validate DropDown Elements" severity="Blocker">
		<component name="link" action="click"  xpath="operations.devicemanagement.tablist.groups" />
		<component name=""  action="element-availability" xpath="operations.devicemanagement.tablist.availability.groups" xpathInput="$$dynamicGroupName" value="Edit Details"  saveTo="groupAvailability" compareWith="Element present" valdesc="Check Element availability" valkey="Presence"/>
		<component name=""  action="element-availability" xpath="operations.devicemanagement.tablist.availability.groups" xpathInput="$$dynamicGroupName" value="Set Query with Current"  saveTo="groupAvailability" compareWith="Element present" valdesc="Check Element availability" valkey="Presence"/>
		<component name=""  action="element-availability" xpath="operations.devicemanagement.tablist.availability.groups" xpathInput="$$dynamicGroupName" value="Add Selected Devices"  saveTo="groupAvailability" compareWith="Element present" valdesc="Check Element availability" valkey="Presence"/>
		<component name=""  action="element-availability" xpath="operations.devicemanagement.tablist.availability.groups" xpathInput="$$dynamicGroupName" value="Delete Group"  saveTo="groupAvailability" compareWith="Element present" valdesc="Check Element availability" valkey="Presence"/>
	</step>
	
	
	<!-- Edit Dynamic Group Details -->
	
	<step type="JAVA" name="Edit Dynamic Group Details" description="Performs - Edit Dynamic Group Details" severity="Blocker">
		<component name="link" action="click"  xpath="operations.devicemanagement.tablist.groups" />
		<component name="dropdown" action="dropdownselect" xpath="operations.devicemanagement.tablist.availability.groups" xpathInput="$$dynamicGroupName" value="Edit Details" />
		<component name="textbox"  action="entervalue" xpath="operations.devicemanagement.staticgroup.add.name" value="test1" />
		<component name="textbox"  action="entervalue" xpath="operations.devicemanagement.staticgroup.add.description" value="test2" />
		<component name="button" action="click"   xpath="operations.devicemanagement.staticgroup.apply-btn" />
		<parameter name="Notification" value="pass" />
			<if value1="$$Notification" value2="pass" condition="equals">
				<component name="notification" action="validate" xpath="notification.message" compareWith="Group saved" valdesc="Group Edit" valkey="Group Edit"/>		
			</if>
		<component name="timer" value="2" />
	</step>

	<!--Validate the Group Name -->
	
	<step type="JAVA" name="Validate the Group Name" description="Performs - Validate the Group Name" severity="Blocker">
		<component name="link"   action="click"  xpath="sidemenu.operations.groups" />
		<component name="textbox"  action="entervalue" xpath="operations.group.search" value="$$groupName"/>
		<component name=""  action="element-availability" xpath="operations.availability.group" xpathInput="$$groupName" saveTo="groupAvailability" compareWith="Element present" valdesc="Check Element availability" valkey="Presence"/>
	</step>
	
	<!-- Validate the Group Name & Group Description -->
	
	<step type="JAVA" name="Validate the Group" description="Performs - Validate the Group" severity="Blocker">
		<component name="link"   action="click"   xpath="sidemenu.operations.devicemanagement" />
		<component name="link" action="click"  xpath="operations.devicemanagement.tablist.groups" />
		<component name="dropdown" action="dropdownselect" xpath="operations.devicemanagement.tablist.availability.groups" xpathInput="$$groupName" value="Edit Details" />
		<component name=""  action="element-availability"  xpath="operations.devicemanagement.staticgroup.add.name" value="$$groupName" saveTo="groupNameAvailability" compareWith="Element present" valdesc="Check Element availability" valkey="Presence"/>
		<component name=""  action="element-availability"  xpath="operations.devicemanagement.staticgroup.add.description" value="test2" saveTo="groupDescAvailability" compareWith="Element present" valdesc="Check Element availability" valkey="Presence"/>
		<component name="button" action="click"  xpath="operations.devicemanagement.staticgroup.cancel-btn" />
		<component name="timer" value="2" />
	</step>
	
	<!-- Set Query with Current Device to the Group-->
	
	<step type="JAVA" name="Set Query with Current Device to the Group" description="Performs -  Set Query with Current Device to the Group" severity="Blocker">
		<component name="textbox"  action="entervalue" xpath="operations.devicemanagement.query" value="JMETERREP::'Serial Number' LIKE $$DEVICE_PRE$$4"/>
		<component name="button"  action="click" xpath="operations.devicemanagement.query.find" />
		<component name="timer" value="2" />
		<component name="checkbox"  action="enable" xpath="operations.devicemanagement.checkselected" xpathInput ="JMETERREP::$$DEVICE_PRE$$4"/>
		<component name="link"   action="click"  xpath="operations.devicemanagement.tablist.groups" />
		<component name="dropdown" action="dropdownselect" xpath="operations.devicemanagement.tablist.availability.groups" xpathInput="$$groupName" value="Set Query with Current" />
		<component name="button"  action="click" xpath="popup.message.ok" />
		<component name="timer" value="2" />
		<component name="notification" action="validate" xpath="notification.message" compareWith="Group saved"/>
	</step>
	
	<!--Validate New query and Device Availability-->
	
	<step type="JAVA" name="Validate New query and Device Availability" description="Performs -  Validate New query and Device Availability" severity="Blocker">
		<component name="link"   action="click"   xpath="operations.devicemanagement.tablist.availability.groups.name" xpathInput="$$groupName" />
		<component name=""  action="element-availability"  xpath="operations.devicemanagement.query" value="JMETERREP::'Serial Number' LIKE $$DEVICE_PRE$$4" saveTo="queryAvailability" compareWith="Element present" valdesc="Check Element availability" valkey="Presence"/>
		<component name="button" action="click" xpath="operations.devicemanagement.query.find" />
		<component name=""  action="element-availability"  xpath="operations.devicemanagement.availability.device" xpathInput="JMETERREP::$$DEVICE_PRE$$4" saveTo="deviceAvailability" compareWith="Element present" valdesc="Check Element availability" valkey="Presence"/>
		<component name="timer" value="3" />
	</step>
	
	<!-- Navigate to Batch Processing Tab -->
	
	<step type="JAVA" name="Navigate to Batch Processing SideMenu" description="Performs - Click SideMenu " severity="Blocker">
		<component name="link"   action="click"  xpath="sidemenu.operations.batchprocessing" />
	</step>
	
	<!-- Create Event Based Batch -->
	
	<step type="JAVA" name="Create Event Based Batch" description="Performs -Create Event Based Batch" linkFile="src/test/jmeter/ph_6.4/regression/batch/CreateEventBatch_GPV.xml"  severity="Blocker">
		<parameter name="batchName" value="tc6337-batch" />
		<parameter name="batchDesc" value="tc6337-batch description" />
		<parameter name="groupName" value="test1" />	
		<parameter name="parameterName_1" value="InternetGatewayDevice.ManagementServer.URL" />
	</step>
	
	<!-- Send Boot Event -->
	
	<step type="DS" name="Send Boot Event" description="Performs - Send Boot Event" severity="Blocker">
		<component operation="sendEvent" name="Boot" deviceid="DEVICE-1"/>	
		<component name="timer" value="6" />
		<component operation="sendEvent" name="Boot" deviceid="DEVICE-2"/>	
		<component name="timer" value="6" />
		<component operation="sendEvent" name="Boot" deviceid="DEVICE-3"/>	
		<component name="timer" value="6" />
		<component operation="sendEvent" name="Boot" deviceid="DEVICE-4"/>	
		<component name="timer" value="10" />
	</step>
	
	<!-- Click Tab -->
	
	<step type="JAVA" name="Navigate to Batch Processing "  description="Performs - Click Tab" severity="Blocker">
		<component name="link"   action="click" xpath="tab.operations" />
		<component name="link" action="click" xpath="sidemenu.operations.batchprocessing" />
	</step>
	
	<!-- Search Batch -->
	
	<step type="JAVA" name="Search Batch With Name"  linkFile="src/test/jmeter/ph_6.4/regression/batch/SearchBatchWithName.xml" description="Performs - Search Batch With Name " severity="Blocker">
	</step>
	
	<!-- Verify Batch Device Count -->
	
	<step type="JAVA" name="Verify Batch - Device Count" description="Performs - Verify Batch Device Count " severity="Blocker">
		<component name=""       action="waitandvalidate" xpath="operations.batch.table.statustext" xpathInput="$$batchName" compareWith="running" maxwaittime="300" refreshinterval="10"/>
		<component name="timer" value="3" />		
		<component name="button" action="click" xpath="operations.batch.table.batchname" xpathInput="$$batchName"  />	
		<component name="timer" value="5" />		
		<component name=""       action="validate" xpath="operations.batch.details.totaldevices" 	 compareWith="$$deviceCount" valdesc="Verify Total Devices" valkey="Total Devices"/>
		<component name=""       action="validate" xpath="operations.batch.details.completeddevices" compareWith="$$deviceCount" valdesc="Verify No of Runs" valkey="No of Run" />
		<component name=""       action="validate" xpath="operations.batch.details.successratio" compareWith="100" 	 valdesc="Verify success %" valkey="Success %"/>
		<component name=""       action="validate" xpath="operations.batch.details.failureratio" compareWith="0"   valdesc="Verify failure %" valkey="Failure %"/>
	</step>
		
	<!-- Click Tab -->
	
	<step type="JAVA" name="Navigate to Batch Processing"  description="Performs - Click Tab" severity="Blocker">
		<component name="link"   action="click" xpath="tab.operations" />
		<component name="link" action="click" xpath="sidemenu.operations.batchprocessing" />
	</step>
	
	<!-- Delete Batch -->
	
	<step type="JAVA" name="Delete Batch"  linkFile="src/test/jmeter/ph_6.4/regression/batch/Cancel_DeleteBatch.xml" description="Performs-Delete Batch" severity="Blocker">
		<parameter name="batchNames" value="$$batchName"/>
	</step>
	
	<!--  Delete Group -->
	
	<step type="JAVA" name="Delete Group" description="Performs -  Delete Group " severity="Blocker">
		<component name="link"   action="click"  xpath="tab.operations" />
		<component name="link"   action="click"  xpath="sidemenu.operations.groups" />
		<component name="textbox" action="entervalue" xpath="operaions.group.search.group.inputbox" value ="$$groupName" />
		<component name="button" action="click" xpath="operaions.group.select.group.delete.icon" xpathInput="$$groupName" />
		<component name="button" action="click" xpath="operaions.group.select.group.delete.confirm" />
		<parameter name="Notification" value="pass" />
			<if value1="$$Notification" value2="pass" condition="equals">
				<component name="notification" action="validate" xpath="notification.message" compareWith="Deleted successfully" valdesc="Group deletion" valkey="Group deletion"/>		
			</if>
	</step>
	
	
</steps>