<steps name="TC6321_StaticGroup_Icon" description="Validate Static Group Availability" severity="Blocker">

	<step type="START-DS" name="Start DS" description="Performs-Start DS" severity="Blocker">
		<parameter name="DEVICE_ID" value="test-device-6321" />
		<parameter name="ACS_IP" value="props::ACS_IP" />
		<parameter name="DEVICE_DATA_MODEL_NAME" value="props::DEVICE_DATA_MODEL_NAME" />
	</step>

	<!-- Login  -->
	
	<step type="JAVA" name="Login" description="Performs - Login" severity="Blocker">
		<component name="textbox"  action="entervalue" xpath="login.username" value="props::PH_LOGIN_USERNAME"/>
		<component name="textbox"  action="entervalue" xpath="login.password" value="props::PH_LOGIN_PASSWORD" />
		<component name="button" action="click" 	 xpath="login.submit"  />
	</step>
	
	<!-- Click operations Tab -->
	
	<step type="JAVA" name="Navigates to  Operations Tab" description="Performs - Click Tab " severity="Blocker">
		<component name="link"   action="click"  xpath="tab.operations" />
	</step>
	
	<!-- Click on Device Management Tab in SideMenu -->
	
	<step type="JAVA" name="Click SideMenu" description="Performs - Click SideMenu" severity="Blocker">
		<component name="link"   action="click"      xpath="sidemenu.operations.devicemanagement" />
	</step>
	
	<!-- Go to Query Box -->
	
	<step type="JAVA" name="Enter in Query Box" description="Performs - Enter in Query Box" severity="Blocker">
		<component name="textbox"  action="entervalue" xpath="operations.devicemanagement.query" value="'Serial Number' LIKE  test-device-6321"/>
		<component name="button" action="click" xpath="operations.devicemanagement.query.find" />
		<component name="timer" value="2" />
	</step>
	
	<!-- Check the device -->
	
	<step type="JAVA" name="Check the Device" description="Performs - Check the Device" severity="Blocker">
		<component name="checkbox"  action="enable" xpath="operations.devicemanagement.checkselected" xpathInput = "$$DEVICE_ID" />
		<component name="timer" value="2" />
	</step>
	
	<!-- Create Static Group -->
	
	<step type="JAVA" name="Create Static Group" description="Performs - Create Static Group" linkFile="src/test/jmeter/ph_6.4/regression/group/CreateStaticGroup.xml"  severity="Blocker">
		<parameter name="staticGroupName" value="TC6321-group" />
		<parameter name="staticGroupDesc" value="TC6321 description" />
		<parameter name="Notification" value="pass" />
		<component name="timer" value="2" />
	</step>
	
	<!-- Navigate  to groups in Tablist -->
	
	<step type="JAVA" name="Navigates to Groups in Device Management" description="Performs - Click Tab " severity="Blocker">
		<component name="link"   action="click"  xpath="operations.devicemanagement.tablist.groups" />
	</step>
	
	<!-- Check for Element Availability of Groups-->
	
	<step type="JAVA" name="Verify StaticGroup Availability" description="Performs - StaticGroup Availability " severity="Blocker">
		<component name=""  action="element-availability" xpath="operations.devicemanagement.staticgroup.icon" xpathInput="$$staticGroupName" saveTo="staticgroupAvailability" compareWith="Element present" valdesc="Check Element availability" valkey="Presence"/>
	</step>
	
	<!-- Click Delete Group -->
	
	<step type="JAVA" name="Click Delete Group" description="Performs - Delete Group" severity="Blocker">
		<component name="link"   action="click"  xpath="tab.operations" />
		<component name="link"   action="click"  xpath="sidemenu.operations.groups" />
		<component name="textbox" action="entervalue" xpath="operaions.group.search.group.inputbox" value ="$$staticGroupName" />
		<component name="button" action="click" xpath="operaions.group.select.group.delete.icon" xpathInput="$$staticGroupName" />
		<component name="button" action="click" xpath="operaions.group.select.group.delete.confirm" />
		<component name="timer" value="2" />
		<parameter name="Notification" value="pass" />
			<if value1="$$Notification" value2="pass" condition="equals">
				<component name="notification" action="validate" xpath="notification.message" compareWith="Deleted successfully" valdesc="Static Group deletion" valkey="Static Group deletion"/>		
			</if>
	</step>
</steps>