<steps name="TC6545_EditGroupOnCustomizationManagement" description="Validation For Element Availability After Editing Group" severity="Blocker">

	<step type="START-DS" name="Start DS" description="Performs-Start DS" severity="Blocker">
		<parameter name="DEVICE_ID" value="test-device-6545" />
		<parameter name="ACS_IP" value="props::ACS_IP" />
		<parameter name="DEVICE_DATA_MODEL_NAME" value="props::DEVICE_DATA_MODEL_NAME" />
	</step>

	<!-- Login  -->
	
	<step type="JAVA" name="Login" description="Performs - Login" severity="Blocker">
		<component name="textbox"  action="entervalue" xpath="login.username" value="props::PH_LOGIN_USERNAME"/>
		<component name="textbox"  action="entervalue" xpath="login.password" value="props::PH_LOGIN_PASSWORD" />
		<component name="button" action="click" 	 xpath="login.submit"  />
	</step>

	<!-- Go to Query Box & Check the device--> 
	
	<step type="JAVA" name="Check the Device" description="Performs - Check the Device" severity="Blocker">
		<component name="link"   action="click"  xpath="tab.operations" />
		<component name="link"   action="click"  xpath="sidemenu.operations.devicemanagement" />
		<component name="textbox"  action="entervalue" xpath="operations.devicemanagement.query" value="'Serial Number' LIKE  test-device-6545"/>
		<component name="button" action="click" xpath="operations.devicemanagement.query.find"  />
		<component name="timer" value="2" />
		<component name="checkbox"  action="enable" xpath="operations.devicemanagement.checkselected" xpathInput = "$$DEVICE_ID" />
		<component name="timer" value="2" />
	</step>
	
	<!-- Create Static Group -->
	
	<step type="JAVA" name="Create Static Group" description="Performs - Create Static Group" linkFile="src/test/jmeter/ph_6.4/regression/group/CreateStaticGroup.xml"  severity="Blocker">
		<parameter name="staticGroupName" value="TC6545-group" />
		<parameter name="staticGroupDesc" value="TC6545 description" />
		<parameter name="Notification" value="pass" />
		<component name="timer" value="2" />
	</step>
	
	<!-- Create Dynamic Group Icon -->
	
	<step type="JAVA" name="Create Dynamic Group" description="Performs - Create Dynamic Group" linkFile="src/test/jmeter/ph_6.4/regression/group/CreateDynamicGroup.xml"  severity="Blocker">
		<parameter name="dynamicGroupName" value="TC6370-group" />
		<parameter name="dynamicGroupDesc" value="TC6370 description" />
		<parameter name="Notification" value="pass" />
		<component name="timer" value="2" />
	</step>
	
	<!-- Navigate to Groups in CustomizationManagement -->
	
	<step type="JAVA" name="Navigate to Groups in CustomizationManagement" description="Performs - Click Tab" severity="Blocker">
		<component name="link"  action="click"  xpath="tab.system" />
		<component name="link"  action="click"  xpath="sidemenu.system.customiztionmanagement" />
		<component name="link"  action="click"  xpath="sidemenu.system.customiztionmanagement.tablist.groups" />
	</step>
	
	<!-- Check for Element UnAvailability of DynamicGroup-->
	
	<step type="JAVA" name="Verify DynamicGroup UnAvailability" description="Performs - DynamicGroup  Element UnAvailability " severity="Blocker">
		<component name="select" action="entervalue" xpath="system.customizationmanagement.groups.filter_1.xpath" value="Name" type="custom"/> 
		<component name="timer" value="1" />
		<component name="textbox"  action="entervalue" xpath="system.customizationmanagement.groups.filter_2.xpath" value="$$dynamicGroupName" />
		<component name="button" action="click"   xpath="system.customizationmanagement.groups.find-btn" />
		<component name="timer" value="3"/>
		<component name=""  action="element-availability" xpath="system.customizationmanagement.groups.availability" xpathInput="$$dynamicGroupName" saveTo="dynamicGroupUnAvailability" compareWith="Element Not present" 
		valdesc="Check Element availability" valkey="Presence"/>
		<component name="timer" value="3"/>
	</step>
	
	<!-- Check for Element UnAvailability of StaticGroup-->
	
	<step type="JAVA" name="Verify StaticGroup UnAvailability" description="Performs - StaticGroup Element UnAvailability " severity="Blocker">
		<component name="select" action="entervalue" xpath="system.customizationmanagement.groups.filter_1.xpath" value="Name" type="custom"/> 
		<component name="timer" value="1" />
		<component name="textbox"  action="entervalue" xpath="system.customizationmanagement.groups.filter_2.xpath" value="$$staticGroupName" />
		<component name="button" action="click"   xpath="system.customizationmanagement.groups.find-btn" />
		<component name="timer" value="1"/>
		<component name=""  action="element-availability" xpath="system.customizationmanagement.groups.availability" xpathInput="$$staticGroupName" saveTo="staticGroupUnAvailability" compareWith="Element Not present" valdesc="Check Element availability" valkey="Presence"/>
	</step>
	
	<!-- Delete Static Group -->
	
	<step type="JAVA" name="Delete Static Group" description="Performs -Delete Static Group  " severity="Blocker">
		<component name="link"   action="click"  xpath="tab.operations" />
		<component name="link"   action="click"  xpath="sidemenu.operations.groups" />
		<component name="textbox" action="entervalue" xpath="operaions.group.search.group.inputbox" value ="$$staticGroupName" />
		<component name="button" action="click" xpath="operaions.group.select.group.delete.icon" xpathInput="$$staticGroupName" />
		<component name="button" action="click" xpath="operaions.group.select.group.delete.confirm" />
		<parameter name="Notification" value="pass" />
			<if value1="$$Notification" value2="pass" condition="equals">
				<component name="notification" action="validate" xpath="notification.message" compareWith="Deleted successfully" valdesc="Static Group deletion" valkey="Static Group deletion"/>		
			</if>
	</step>
	
	<!-- Delete Dynamic Group -->
	
	<step type="JAVA" name="Delete Dynamic Group " description="Performs - Delete Dynamic Group " severity="Blocker">
		<component name="link"   action="click"  xpath="tab.operations" />
		<component name="link"   action="click"  xpath="sidemenu.operations.groups" />
		<component name="textbox" action="entervalue" xpath="operaions.group.search.group.inputbox" value ="$$dynamicGroupName" />
		<component name="button" action="click" xpath="operaions.group.select.group.delete.icon" xpathInput="$$dynamicGroupName" />
		<component name="button" action="click" xpath="operaions.group.select.group.delete.confirm" />
		<parameter name="Notification" value="pass" />
			<if value1="$$Notification" value2="pass" condition="equals">
				<component name="notification" action="validate" xpath="notification.message" compareWith="Deleted successfully" valdesc="Dynamic Group deletion" valkey="Dynamic Group deletion"/>		
			</if>
	</step>
</steps>