<steps name="TC6554_InvalidQuery" description="Validate Invalid Query on Dynamic Group" severity="Blocker">

	<!-- Login  -->
	
	<step type="JAVA" name="Login" description="Performs - Login" severity="Blocker">
		<component name="textbox"  action="entervalue" xpath="login.username" value="props::PH_LOGIN_USERNAME"/>
		<component name="textbox"  action="entervalue" xpath="login.password" value="props::PH_LOGIN_PASSWORD" />
		<component name="button" action="click" 	 xpath="login.submit"  />
	</step>
	
	<!-- Click on Device Management Tab in SideMenu -->
	
	<step type="JAVA" name="Navigate to Device Management SideMenu" description="Performs - Click SideMenu" severity="Blocker">
		<component name="link"   action="click"  xpath="tab.operations" />
		<component name="link"   action="click"      xpath="sidemenu.operations.devicemanagement" />
	</step>
	
	<!-- Create Dynamic Group Icon -->
	
	<step type="JAVA" name="Create Dynamic Group" description="Performs - Create Dynamic Group" linkFile="src/test/jmeter/ph_6.4/regression/group/CreateDynamicGroup.xml"  severity="Blocker">
		<parameter name="dynamicGroupName" value="TC6554-group" />
		<parameter name="dynamicGroupDesc" value="TC6554 description" />
		<parameter name="Notification" value="pass" />
		<component name="timer" value="2" />
	</step>
	
	<!-- Go to Query Box -->
	
	<step type="JAVA" name="Enter in Query Box" description="Performs - Enter in Query Box" severity="Blocker">
		<component name="textbox"  action="entervalue" xpath="operations.devicemanagement.query" value="'Serial Number LIKE  ' "/>
		<component name="button"  action="click" xpath="operations.devicemanagement.query.find" />
		<component name="timer" value="2" />
	</step>
	
	<!--Dynamic group Alert -->
	
	<step type="JAVA" name="Verify Dynamic group Alert" description="Performs -Dynamic group Alert" severity="Blocker">
		<component name="link" action="click"  xpath="operations.devicemanagement.tablist.groups" />
		<component name="dropdown" action="dropdownselect" xpath="operations.devicemanagement.tablist.availability.groups" xpathInput="$$dynamicGroupName" value="Set Query with Current"/>
		<component name="timer" value="2" />
		<!-- <component name="notification" action="validate" xpath="notification.message" saveTo='notifiyMsg' compareWith="Search Devices : Unexpected end of query while expecting" condition="contains"/> -->
		<parameter name="Notification" value="fail" />
			<if value1="$$Notification" value2="fail" condition="equals">
				<component name="notification" action="validate" xpath="notification.message" compareWith="Unexpected end of query while expecting" valdesc="Query Validation" valkey="Query Validation" condition="contains"/>		
			</if>
		<component name="button" action="click" xpath="popup.message.ok"  />
	</step>
	
	<!-- Delete Group -->
	
	<step type="JAVA" name="Delete Group" description="Performs - Click Tab " severity="Blocker">
		<component name="link"   action="click"  xpath="tab.operations" />
		<component name="link"   action="click"  xpath="sidemenu.operations.groups" />
		<component name="textbox" action="entervalue" xpath="operaions.group.search.group.inputbox" value ="$$dynamicGroupName" />
		<component name="button" action="click" xpath="operaions.group.select.group.delete.icon" xpathInput="$$dynamicGroupName" />
		<component name="button" action="click" xpath="operaions.group.select.group.delete.confirm" />
		<parameter name="Notification" value="pass" />
			<if value1="$$Notification" value2="pass" condition="equals">
				<component name="notification" action="validate" xpath="notification.message" compareWith="Deleted successfully" valdesc="Dynamic Group deletion" valkey="Dynamic Group deletion"/>		
			</if>
	</step>
</steps>