<steps>
	<step type="START-DS" name="Start DS" description="Performs - START-DS " severity="Blocker">
		<parameter name="DEVICE_ID" value="dlc-device-6759" />
		<parameter name="ACS_IP" value="props::ACS_IP" />
		<parameter name="DEVICE_DATA_MODEL_NAME" value="props::DEVICE_DATA_MODEL_NAME" />
	</step>
	<step type="JAVA" name="Login" description="PrimeHome Login" severity="Blocker">
		<component name="textbox"  action="entervalue" xpath="login.username" value="props::PH_LOGIN_USERNAME"/>
		<component name="textbox"  action="entervalue" xpath="login.password" value="props::PH_LOGIN_PASSWORD" />
		<component name="button" action="click" 	 xpath="login.submit"  />
	</step>
	<step type="JAVA" name="Click Dashboard Tab" description="Click Dashboard Tab" severity="Blocker">
		<component name="link"   action="click"      xpath="tab.dashboard" />
	</step>
	<step type="JAVA" name="Click Search Devices SideMenu" description="Click Search Devices SideMenu" severity="Blocker">
		<component name="link"   action="click"      xpath="sidemenu.dashboard.searchdevices" />
	</step>
	<step type="JAVA" name="Navigate to device" description="Navigate to device" severity="Blocker">
		<parameter name="SerialNo" value="'Serial Number'='dlc-device-6759'" />	
		<component name="textbox"  action="entervalue" xpath="operations.devicemanagement.query" value="$$SerialNo"/>
		<component name="button"  action="click" xpath="operations.devicemanagement.query.find" />
		<component name="timer" value="2" />
		<component name="button"  action="click" xpath="dashboard.searchdevices.quicksearch.device" xpathInput="$$DEVICE_ID"/>
		<component name="timer" value="15" />
	</step>
	<step type="JAVA" name="Device View Portlet : Device Online" description="Device View Portlet" severity="Blocker">
		<component name=""  action="save" xpath="deviceview.device.status" saveTo="deviceOnline" attrName="class" compareWith="dvCircle circle-green" valdesc="Device View Portlet : Device Online" valkey="Device Status"/>		
		<component name="timer" value="3" />
	</step>
	<step type="JAVA" name="Click Statistics Tab" description="Click Statistics Tab" severity="Blocker">
		<component name="link"   action="click"      xpath="tab.statistics" />
	</step>
	<step type="JAVA" name="Click Device Distribution SideMenu" description="Click Device Distribution SideMenu" severity="Blocker">
		<component name="link"   action="click"      xpath="sidemenu.statistics.devicedistribution" />
	</step>
	<step type="JAVA" name="Device Distribution" description="Device Distribution" severity="Blocker">	
		<component name="timer" value="3" />
		<component name="graph"   action="getgraphdata"  type="piechartsize"    xpath="deviceview.devicepage.dlchealth.graph.size" saveTo="chartsize" xpathInput="1,1,highcharts-0"/>
		<component name="graph" action="getgraphdata"  type="piechartheader"    xpath="deviceview.devicepage.dlchealth.graph.text" saveTo="chartheader" xpathInput="1,1,highcharts-0"/>				
		<loop value="$$chartsize" condition="chart">
			<component name="graph" value="$$chartsize"  action="getgraphdata"  type="piechart"    xpath="deviceview.devicepage.dlchealth.graph" saveTo="chartsize" xpathInput="1,1,highcharts-0"/>		
			<component name="timer" value="3" />
			<component name="devicecount" action="extract" type="string" xpath="operations.devicemanagement.devicecount" saveTo="devicecount" />
			<component name="timer" value="1" />
			<component name="clickbrowserback" action="browserbackbutton" />
			<component name="timer" value="3" />
		</loop>
		<component name="timer" value="1" />
		<component name="graph"   action="getgraphdata"  type="piechartsize"    xpath="deviceview.devicepage.dlchealth.graph.size" saveTo="chartsize" xpathInput="1,2,highcharts-2"/>
		<component name="graph" action="getgraphdata"  type="piechartheader"    xpath="deviceview.devicepage.dlchealth.graph.text" saveTo="chartheader" xpathInput="1,2,highcharts-2"/>				
		<loop value="$$chartsize" condition="chart">
			<component name="graph" value="$$chartsize"  action="getgraphdata"  type="piechart"    xpath="deviceview.devicepage.dlchealth.graph" saveTo="chartsize" xpathInput="1,2,highcharts-2"/>		
			<component name="timer" value="3" />
			<component name="devicecount" action="extract" type="string" xpath="operations.devicemanagement.devicecount" saveTo="devicecount" />
			<component name="timer" value="1" />
			<component name="clickbrowserback" action="browserbackbutton" />
			<component name="timer" value="3" />
		</loop>
		<component name="timer" value="1" />
		<component name="graph"   action="getgraphdata"  type="piechartsize"    xpath="deviceview.devicepage.dlchealth.graph.size" saveTo="chartsize" xpathInput="2,1,highcharts-4"/>
		<component name="graph" action="getgraphdata"  type="piechartheader"    xpath="deviceview.devicepage.dlchealth.graph.text" saveTo="chartheader" xpathInput="2,1,highcharts-4"/>				
		<loop value="$$chartsize" condition="chart">
			<component name="graph" value="$$chartsize"  action="getgraphdata"  type="piechart"    xpath="deviceview.devicepage.dlchealth.graph" saveTo="chartsize" xpathInput="2,1,highcharts-4"/>		
			<component name="timer" value="3" />
			<component name="devicecount" action="extract" type="string" xpath="operations.devicemanagement.devicecount" saveTo="devicecount" />
			<component name="timer" value="1" />
			<component name="clickbrowserback" action="browserbackbutton" />
			<component name="timer" value="3" />
		</loop>
		<component name="timer" value="1" />
		<component name="graph"   action="getgraphdata"  type="piechartsize"    xpath="deviceview.devicepage.dlchealth.graph.size" saveTo="chartsize" xpathInput="2,2,highcharts-6"/>
		<component name="graph" action="getgraphdata"  type="piechartheader"    xpath="deviceview.devicepage.dlchealth.graph.text" saveTo="chartheader" xpathInput="2,2,highcharts-6"/>				
		<loop value="$$chartsize" condition="chart">
			<component name="graph" value="$$chartsize"  action="getgraphdata"  type="piechart"    xpath="deviceview.devicepage.dlchealth.graph" saveTo="chartsize" xpathInput="2,2,highcharts-6"/>		
			<component name="timer" value="3" />
			<component name="devicecount" action="extract" type="string" xpath="operations.devicemanagement.devicecount" saveTo="devicecount" />
			<component name="timer" value="1" />
			<component name="clickbrowserback" action="browserbackbutton" />
			<component name="timer" value="3" />
		</loop>
	</step>
</steps>