<steps>
	<step type="START-DS" name="Start DS" description="Performs - START-DS " severity="Blocker">
		<parameter name="DEVICE_ID" value="profile-device-6762" />
		<parameter name="ACS_IP" value="props::ACS_IP" />
		<parameter name="DEVICE_DATA_MODEL_NAME" value="props::DEVICE_DATA_MODEL_NAME" />
	</step>
	<step type="JAVA" name="Login" description="PrimeHome Login" severity="Blocker">
		<component name="textbox"  action="entervalue" xpath="login.username" value="props::PH_LOGIN_USERNAME"/>
		<component name="textbox"  action="entervalue" xpath="login.password" value="props::PH_LOGIN_PASSWORD" />
		<component name="button" action="click" 	 xpath="login.submit"  />
	</step>	
	<step type="JAVA" name="Click Dashboard Tab" description="Click Dashboard Tab" severity="Blocker">
		<component name="link"   action="click"      xpath="tab.dashboard" />
	</step>
	<step type="JAVA" name="Click Search Devices SideMenu" description="Click Search Devices SideMenu" severity="Blocker">
		<component name="link"   action="click"      xpath="sidemenu.dashboard.searchdevices" />
	</step>
	<step type="JAVA" name="Navigate to device" description="Navigate to device" severity="Blocker">
		<parameter name="SerialNumber" value="'Serial Number'='profile-device-6762'" />	
		<component name="textbox"  action="entervalue" xpath="operations.devicemanagement.query" value="$$SerialNumber"/>
		<component name="button"  action="click" xpath="operations.devicemanagement.query.find" />
		<component name="timer" value="2" />
		<component name="button"  action="click" xpath="dashboard.searchdevices.quicksearch.device" xpathInput="$$DEVICE_ID"/>
		<component name="timer" value="15" />
	</step>
	<step type="JAVA" name="Check Device Status" description="Device View Portlet" severity="Blocker">
		<component name=""  action="save" xpath="deviceview.device.status" saveTo="deviceOnline" attrName="class" compareWith="dvCircle circle-green" valdesc="Device View Portlet : Device Online" valkey="Device Status"/>		
		<component name="timer" value="3" />
	</step>	
	
	<step type="JAVA" name="Click System Tab" description="Click System Tab" severity="Blocker">
		<component name="link"   action="click"      xpath="tab.system" />
	</step>
	<step type="JAVA" name="Click Device Profile SideMenu" description="Click Device Profile SideMenu" severity="Blocker">
		<component name="link"   action="click"      xpath="sidemenu.system.deviceprofile" />
	</step>
	<step type="JAVA" name="Device Profile DLC100 Image Check" description="Device Profile DLC100 Image Check" severity="Blocker">	
		<component name="timer" value="2" />
		<component name=""  action="save" xpath="system.deviceprofile.dlcimage" saveTo="dlc100image" attrName="src" compareWith="dlc100" condition="contains" valdesc="Device Profile Image Verification : DLC100 Image" valkey="DLC100 Image"/>	
	</step>
	<step type="JAVA" name="System Device Profile (Default Context) Get Value from UI" description="System Device Profile Default Context" severity="Blocker">	
		<component name=""   action="extract" xpath="system.deviceprofile.overview.table"  saveTo="deviceprofile" type="table" isHeaderAvailable="no"/>
		<component name=""   action="rowaction" value="JMETEROBJ::deviceprofile" compareWith="ID:"  columnindex="1,2" saveTo="id" tableaction="gettext" elementtype="text"/>
		<component name=""   action="validatelist" value="JMETEROBJ::id" compareWith="621"  condition="equals" valdesc="validate deviceprofile id" valkey="device profile id"/>
		<component name=""   action="rowaction" value="JMETEROBJ::deviceprofile" compareWith="Name:"  columnindex="1,2" saveTo="name" tableaction="gettext" elementtype="text"/>
		<component name=""   action="validatelist" value="JMETEROBJ::name" compareWith="Cisco DLC-100 v1.02.68" condition="equals" valdesc="validate deviceprofile name" valkey="device profile name"/>
		<component name=""   action="rowaction" value="JMETEROBJ::deviceprofile" compareWith="Priority:"  columnindex="1,2" saveTo="priority" tableaction="gettext" elementtype="text"/>
		<component name=""   action="validatelist" value="JMETEROBJ::priority" compareWith="3" condition="equals" valdesc="validate deviceprofile priority" valkey="device profile priority"/>
		<component name=""   action="rowaction" value="JMETEROBJ::deviceprofile" compareWith="Style:"  columnindex="1,2" saveTo="style" tableaction="gettext" elementtype="text"/>
		<component name=""   action="validatelist" value="JMETEROBJ::style" compareWith="dlc100" condition="equals" valdesc="validate deviceprofile style" valkey="device profile style"/>
		<component name=""   action="rowaction" value="JMETEROBJ::deviceprofile" compareWith="Parent Profile:"  columnindex="1,2" saveTo="parentprofile" tableaction="gettext" elementtype="text"/>
		<component name=""   action="validatelist" value="JMETEROBJ::parentprofile" compareWith="Cisco DLC-100 v1.02.60" condition="equals" valdesc="validate device parent profile" valkey="device parent profile"/>
		<component name="timer" value="1" />
	</step>
	<step type="JAVA" name="Select different device profile from tree" description="System Device Profile from tree" severity="Blocker">
		<component name="timer" value="1" />
		<component name="button" action="click" 	 xpath="system.deviceprofile.tree-item.select" xpathInput="Cisco DLC-100" />	
		<component name="timer" value="2" />
	</step>
	<step type="JAVA" name="System Device Profile (Select different profile from tree ) Get Value from UI" description="Select different device profile from tree" severity="Blocker">	
		<component name=""   action="extract" xpath="system.deviceprofile.overview.table"  saveTo="deviceprofile" type="table" isHeaderAvailable="no"/>
		<component name=""   action="rowaction" value="JMETEROBJ::deviceprofile" compareWith="ID:"  columnindex="1,2" saveTo="dlcid" tableaction="gettext" elementtype="text"/>
		<component name=""   action="validatelist" value="JMETEROBJ::dlcid" compareWith="610"  condition="equals" valdesc="validate deviceprofile id" valkey="device profile id"/>
		<component name=""   action="rowaction" value="JMETEROBJ::deviceprofile" compareWith="Name:"  columnindex="1,2" saveTo="dlcname" tableaction="gettext" elementtype="text"/>
		<component name=""   action="validatelist" value="JMETEROBJ::dlcname" compareWith="Cisco DLC-100" condition="equals" valdesc="validate deviceprofile name" valkey="device profile name"/>
		<component name=""   action="rowaction" value="JMETEROBJ::deviceprofile" compareWith="Priority:"  columnindex="1,2" saveTo="dlcpriority" tableaction="gettext" elementtype="text"/>
		<component name=""   action="validatelist" value="JMETEROBJ::dlcpriority" compareWith="2" condition="equals" valdesc="validate deviceprofile priority" valkey="device profile priority"/>
		<component name=""   action="rowaction" value="JMETEROBJ::deviceprofile" compareWith="Style:"  columnindex="1,2" saveTo="dlcstyle" tableaction="gettext" elementtype="text"/>
		<component name=""   action="validatelist" value="JMETEROBJ::dlcstyle" compareWith="dlc100" condition="equals" valdesc="validate deviceprofile style" valkey="device profile style"/>
		<component name=""   action="rowaction" value="JMETEROBJ::deviceprofile" compareWith="Parent Profile:"  columnindex="1,2" saveTo="dlcparentprofile" tableaction="gettext" elementtype="text"/>
		<component name=""   action="validatelist" value="JMETEROBJ::dlcparentprofile" compareWith="Digital Life Controller" condition="equals" valdesc="validate device parent profile" valkey="device parent profile"/>
		<component name="timer" value="1" />
	</step>
	<step type="JAVA" name="Select System Profile Device In Session" description="Select System Profile Device In Session" severity="Blocker">
		<component name="timer" value="1" />
		<component name="" action="select" 	 xpath="system.deviceprofile.search.combobox" type="custom" value="Device In Session" />	
		<component name="timer" value="1" />
		<component name="button"  action="click" xpath="system.deviceprofile.find.button" />
		<component name="timer" value="2" />
	</step>
	<step type="JAVA" name="System Device Profile (Device In Session) Get Value from UI" description="System Profile Device In Session" severity="Blocker">	
		<component name=""   action="extract" xpath="system.deviceprofile.overview.table"  saveTo="deviceprofile" type="table" isHeaderAvailable="no"/>
		<component name=""   action="rowaction" value="JMETEROBJ::deviceprofile" compareWith="ID:"  columnindex="1,2" saveTo="disid" tableaction="gettext" elementtype="text"/>
		<component name=""   action="validatelist" value="JMETEROBJ::disid" compareWith="621"  condition="equals" valdesc="validate deviceprofile id" valkey="device profile id"/>
		<component name=""   action="rowaction" value="JMETEROBJ::deviceprofile" compareWith="Name:"  columnindex="1,2" saveTo="disname" tableaction="gettext" elementtype="text"/>
		<component name=""   action="validatelist" value="JMETEROBJ::disname" compareWith="Cisco DLC-100 v1.02.68" condition="equals" valdesc="validate deviceprofile name" valkey="device profile name"/>
		<component name=""   action="rowaction" value="JMETEROBJ::deviceprofile" compareWith="Priority:"  columnindex="1,2" saveTo="dispriority" tableaction="gettext" elementtype="text"/>
		<component name=""   action="validatelist" value="JMETEROBJ::dispriority" compareWith="3" condition="equals" valdesc="validate deviceprofile priority" valkey="device profile priority"/>
		<component name=""   action="rowaction" value="JMETEROBJ::deviceprofile" compareWith="Style:"  columnindex="1,2" saveTo="disstyle" tableaction="gettext" elementtype="text"/>
		<component name=""   action="validatelist" value="JMETEROBJ::disstyle" compareWith="dlc100" condition="equals" valdesc="validate deviceprofile style" valkey="device profile style"/>
		<component name=""   action="rowaction" value="JMETEROBJ::deviceprofile" compareWith="Parent Profile:"  columnindex="1,2" saveTo="disparentprofile" tableaction="gettext" elementtype="text"/>
		<component name=""   action="validatelist" value="JMETEROBJ::disparentprofile" compareWith="Cisco DLC-100 v1.02.60" condition="equals" valdesc="validate device parent profile" valkey="device parent profile"/>
		<component name="timer" value="1" />
	</step>
</steps>

