<steps>
	<step type="START-DS" name="Start DS" description="Performs - START-DS " severity="Blocker">
		<parameter name="DEVICE_ID" value="new-device-6758" />
		<parameter name="ACS_IP" value="props::ACS_IP" />
		<parameter name="DEVICE_DATA_MODEL_NAME" value="props::DEVICE_DATA_MODEL_NAME" />
	</step>
	<step type="JAVA" name="Login" description="PrimeHome Login" severity="Blocker">
		<component name="textbox"  action="entervalue" xpath="login.username" value="props::PH_LOGIN_USERNAME"/>
		<component name="textbox"  action="entervalue" xpath="login.password" value="props::PH_LOGIN_PASSWORD" />
		<component name="button" action="click" 	 xpath="login.submit"  />
	</step>	
	<step type="JAVA" name="Click Dashboard Tab" description="Click Dashboard Tab" severity="Blocker">
		<component name="link"   action="click"      xpath="tab.dashboard" />
	</step>
	<step type="JAVA" name="Click Search Devices SideMenu" description="Click Search Devices SideMenu" severity="Blocker">
		<component name="link"   action="click"      xpath="sidemenu.dashboard.searchdevices" />
	</step>
	<step type="JAVA" name="Navigate to device" description="Navigate to device" severity="Blocker">
		<parameter name="SerialNumber" value="'Serial Number'='new-device-6758'" />	
		<component name="textbox"  action="entervalue" xpath="operations.devicemanagement.query" value="$$SerialNumber"/>
		<component name="button"  action="click" xpath="operations.devicemanagement.query.find" />
		<component name="timer" value="2" />
		<component name="button"  action="click" xpath="dashboard.searchdevices.quicksearch.device" xpathInput="$$DEVICE_ID"/>
		<component name="timer" value="15" />
	</step>
	<step type="JAVA" name="Check Device Status" description="Device View Portlet" severity="Blocker">
		<component name=""  action="save" xpath="deviceview.device.status" saveTo="deviceOnline" attrName="class" compareWith="dvCircle circle-green" valdesc="Device View Portlet : Device Online" valkey="Device Status"/>		
		<component name="timer" value="3" />
	</step>	
	<step type="JAVA" name="Device Properties : Get Value from UI" description="Device View Properties" severity="Blocker">	
		<component name=""   action="extract" xpath="deviceview.devicepage.properties.table"  xpathInput="0" saveTo="devicepropdetails" type="table" isHeaderAvailable="no"/>
		<component name=""   action="rowaction" value="JMETEROBJ::devicepropdetails" compareWith="IMEI:"  columnindex="1,2" saveTo="IMEI" saveAs="string" tableaction="gettext" elementtype="text"/>
		<component name="timer" value="1" />
	</step>
	<step type="JAVA" name="Click Dashboard Tab" description="Click Dashboard Tab" severity="Blocker">
		<component name="link"   action="click"      xpath="tab.dashboard" />
	</step>
	<step type="JAVA" name="Click Home Page SideMenu" description="Click Home Page SideMenu" severity="Blocker">
		<component name="link"   action="click"      xpath="sidemenu.dashboard.homepage" />
	</step>
	<step type="JAVA" name="Recently Managed Device Search" description="Recently Managed Device Search" severity="Blocker">
		<component name="timer" value="2" />
		<component name="link"   action="click"      xpath="dashboard.recent.searchdevices" xpathInput="$$IMEI" />
		<component name="timer" value="8" />
	</step>
	<step type="JAVA" name="Check Device Status" description="Device View Portlet" severity="Blocker">
		<component name=""  action="save" xpath="deviceview.device.status" saveTo="deviceOnline" attrName="class" compareWith="dvCircle circle-green" valdesc="Device View Portlet : Device Online" valkey="Device Status"/>		
		<component name="timer" value="3" />
	</step>	
	<step type="JAVA" name="Click Dashboard Tab" description="Click Dashboard Tab" severity="Blocker">
		<component name="link"   action="click"      xpath="tab.dashboard" />
	</step>
	<step type="JAVA" name="Click Home Page SideMenu" description="Click Home Page SideMenu" severity="Blocker">
		<component name="link"   action="click"      xpath="sidemenu.dashboard.homepage" />
	</step>
	<step type="JAVA" name="Recently Managed Device Search Toggle Flag" description="Recently Managed Device Search Toggle Flag" severity="Blocker">
		<component name="timer" value="2" />
		<component name=""   action="extract" xpath="dashboard.recent.searchdevices.table.table"  saveTo="recentdevice" type="table" />
		<component name=""   action="rowaction" value="JMETEROBJ::recentdevice" compareWith="$$IMEI"  columnindex="1,5" dataindex="1" saveTo="beforetoggleflagstate" saveAs="string" attrName="class" tableaction="getattribute" elementtype="linktext"/>		
		<component name=""   action="rowaction" value="JMETEROBJ::recentdevice" compareWith="$$IMEI"  columnindex="1,5" dataindex="1" tableaction="click" elementtype="linktext"/>
		<component name=""   action="extract" xpath="dashboard.recent.searchdevices.table.table"  saveTo="newrecentdevice" type="table" />
		<component name=""   action="rowaction" value="JMETEROBJ::newrecentdevice" compareWith="$$IMEI"  columnindex="1,5" dataindex="1" saveTo="aftertoggleflagstate" saveAs="string" attrName="class" tableaction="getattribute" elementtype="linktext"/>
		<component name=""   action="validatevalues" value="$$beforetoggleflagstate" compareWith="$$aftertoggleflagstate"  condition="not-equals" valdesc="Check flag toggled their state" valkey="flag state"/>
		<component name="timer" value="2" />
	</step>
</steps>

