<steps>
	<step type="START-DS" name="Start DS" description="Performs - START-DS " severity="Blocker">
		<parameter name="DEVICE_ID" value="device-6750" />
		<parameter name="ACS_IP" value="props::ACS_IP" />
		<parameter name="DEVICE_DATA_MODEL_NAME" value="props::DEVICE_DATA_MODEL_NAME" />
	</step>
	<step type="JAVA" name="Login" description="PrimeHome Login" severity="Blocker">
		<component name="textbox"  action="entervalue" xpath="login.username" value="props::PH_LOGIN_USERNAME"/>
		<component name="textbox"  action="entervalue" xpath="login.password" value="props::PH_LOGIN_PASSWORD" />
		<component name="button" action="click" 	 xpath="login.submit"  />
	</step>
	<step type="JAVA" name="Click Dashboard Tab" description="Click Dashboard Tab" severity="Blocker">
		<component name="link"   action="click"      xpath="tab.dashboard" />
	</step>
	<step type="JAVA" name="Click Search Devices SideMenu" description="Click Search Devices SideMenu" severity="Blocker">
		<component name="link"   action="click"      xpath="sidemenu.dashboard.searchdevices" />
	</step>
	<step type="JAVA" name="Navigate to device" description="Navigate to device" severity="Blocker">
		<parameter name="SerialNumber" value="'Serial Number'='device-6750'" />	
		<component name="textbox"  action="entervalue" xpath="operations.devicemanagement.query" value="$$SerialNumber"/>
		<component name="button"  action="click" xpath="operations.devicemanagement.query.find" />
		<component name="timer" value="2" />
		<component name="button"  action="click" xpath="dashboard.searchdevices.quicksearch.device" xpathInput="$$DEVICE_ID"/>
		<component name="timer" value="20" />
	</step>
	<step type="JAVA" name="Click Operations Tab" description="Click Operations Tab" severity="Blocker">
		<component name="link"   action="click"      xpath="tab.operations" />
	</step>
	<step type="JAVA" name="Click Tags SideMenu" description="Click Tags SideMenu" severity="Blocker">
		<component name="link"   action="click"      xpath="sidemenu.operations.tags" />
	</step>
	<step type="JAVA" name="Verify Operations Tags Portlet" description="Verify Operations Tags" severity="Blocker">
		<component name=""   action="extract" xpath="operations.tags.table"  saveTo="operationsTagData" type="table" />
		<component name=""   action="headervalidate" value="JMETEROBJ::operationsTagData" compareWith=",Name,Color,Category,Visibility,Type,Created By,Date,Devices, , " valdesc="Verify Tag Headers" valkey="Tag Header"/>
		<component name=""   action="save"  xpath="operations.tags.table.row.calculate.icon" compareWith="Calculate" attrName="title" xpathInput="1" valdesc="Verify Calculate Button" valkey="Calculate Button"/>
		<component name=""   action="save"  xpath="operations.tags.table.row.edit.icon" compareWith="Edit" attrName="title"  valdesc="Verify Edit Button" valkey="Edit Button"/>
		<component name=""   action="save"  xpath="operations.tags.table.row.delete.icon" compareWith="Delete" attrName="title"  valdesc="Verify Delete Button" valkey="Delete Button"/>
		<component name="timer" value="2" />
	</step>
	<step type="JAVA" name="Create Tag" description="Create Tag" linkFile="src/test/jmeter/ph_6.4/regression/tags/CreateTag.xml" severity="Blocker">
		<parameter name="TagName" value="atagname_6750-1" />
		<parameter name="Category" value="Default" />
		<parameter name="Color" value="false" />
		<parameter name="Visibility" value="visible" />
		<parameter name="Notification" value="pass" />
	</step>
	<step type="JAVA" name="Create Tag" description="Create Tag" linkFile="src/test/jmeter/ph_6.4/regression/tags/CreateTag.xml" severity="Blocker">
		<parameter name="TagName" value="atagname_6750-2" />
		<parameter name="Category" value="Default" />
		<parameter name="Color" value="false" />
		<parameter name="Visibility" value="visible" />
		<parameter name="Notification" value="pass" />			
	</step>
	<step type="JAVA" name="Add tag to device" linkFile="src/test/jmeter/ph_6.4/regression/tags/AddTagToDeviceonDeviceView.xml" description="Add tag to device" severity="Blocker">
		<parameter name="TagName-1" value="atagname_6750-1" />
		<parameter name="TagName-2" value="atagname_6750-2" />
	</step>
	<step type="JAVA" name="Click Operations Tab" description="Click Operations Tab" severity="Blocker">
		<component name="link"   action="click"      xpath="tab.operations" />
	</step>
	<step type="JAVA" name="Click Tags SideMenu" description="Click Tags SideMenu" severity="Blocker">
		<component name="link"   action="click"      xpath="sidemenu.operations.tags" />
	</step>
	<step type="JAVA" name="Delete Tags - Associate with CPE" linkFile="src/test/jmeter/ph_6.4/regression/tags/DeleteTag.xml" description="Delete Operations Tags - Associate with CPE" severity="Blocker">	
		<parameter name="TagName" value="atagname_6750-1" />
		<parameter name="DeviceAssoc" value="true" /> 
		<parameter name="Notification" value="pass" />
	</step>
	<step type="JAVA" name="Click Tags SideMenu" description="Click Tags SideMenu" severity="Blocker">
		<component name="link"   action="click"      xpath="sidemenu.operations.tags" />
	</step>
	<step type="JAVA" name="Delete Tags - Associate with CPE" linkFile="src/test/jmeter/ph_6.4/regression/tags/DeleteTag.xml" description="Delete Operations Tags - Associate with CPE" severity="Blocker">	
		<parameter name="TagName" value="atagname_6750-2" />
		<parameter name="DeviceAssoc" value="true" /> 
		<parameter name="Notification" value="pass" />
	</step>
</steps>