<steps>
	<step type="START-DS" name="Start DS" description="Performs - START-DS " severity="Blocker">
		<parameter name="DEVICE_ID" value="group-device-6751" />
		<parameter name="ACS_IP" value="props::ACS_IP" />
		<parameter name="DEVICE_DATA_MODEL_NAME" value="props::DEVICE_DATA_MODEL_NAME" />
	</step>
	<step type="JAVA" name="Login" description="PrimeHome Login" severity="Blocker">
		<component name="textbox"  action="entervalue" xpath="login.username" value="props::PH_LOGIN_USERNAME"/>
		<component name="textbox"  action="entervalue" xpath="login.password" value="props::PH_LOGIN_PASSWORD" />
		<component name="button" action="click" 	 xpath="login.submit"  />
	</step>	
	<step type="JAVA" name="Click Dashboard Tab" description="Click Dashboard Tab" severity="Blocker">
		<component name="link"   action="click"      xpath="tab.dashboard" />
	</step>
	<step type="JAVA" name="Click Search Devices SideMenu" description="Click Search Devices SideMenu" severity="Blocker">
		<component name="link"   action="click"      xpath="sidemenu.dashboard.searchdevices" />
	</step>
	<step type="JAVA" name="Navigate to device" description="Navigate to device" severity="Blocker">
		<parameter name="SerialNumber" value="'Serial Number'='group-device-6751'" />	
		<component name="textbox"  action="entervalue" xpath="operations.devicemanagement.query" value="$$SerialNumber"/>
		<component name="button"  action="click" xpath="operations.devicemanagement.query.find" />
		<component name="timer" value="2" />
		<component name="button"  action="click" xpath="dashboard.searchdevices.quicksearch.device" xpathInput="$$DEVICE_ID"/>
		<component name="timer" value="20" />
	</step>
	<step type="JAVA" name="Device View Portlet : Device Online" description="Device View Portlet" severity="Blocker">
		<component name=""  action="save" xpath="deviceview.device.status" saveTo="deviceOnline" attrName="class" compareWith="dvCircle circle-green" valdesc="Device View Portlet : Device Online" valkey="Device Status"/>		
		<component name="timer" value="3" />
	</step>	
		<step type="JAVA" name="Click System Tab" description="Click System Tab" severity="Blocker">
		<component name="link"   action="click"      xpath="tab.system" />
	</step>
	<step type="JAVA" name="Click Customization Management SideMenu" description="Click Customization Management SideMenu" severity="Blocker">
		<component name="link"   action="click"      xpath="sidemenu.system.customizationmanagement" />
	</step>
	 <step type="JAVA" name="Verify System Groups tab" description="Verify System Groups" severity="Blocker" >		
		<component name="link" action="click" xpath="system.customizationmanagement.tags.tab" xpathInput="3"/>	
		<component name="timer" value="2" />
		<component name=""   action="save" xpath="system.customizationmanagement.groups.pagenavigation" attrName="class" xpathInput="2" saveTo="pageNavStatus" />
		<if value1="$$pageNavStatus" value2="inline pageNav-double-next" condition="equals">
			<component name=""   action="extract" type="pagnavsize" xpath="system.customizationmanagement.groups.pagenavigation.totalvalue" xpathInput="2" attrName="title" saveTo="TotalPageSize" />
		</if>
		<if value1="$$pageNavStatus" value2="inline pageNav-double-next-disable" condition="equals">
			<component name=""   action="extract" type="elementsize" xpath="system.customizationmanagement.groups.pagenavigation" xpathInput="3" saveTo="TotalPageSize" />
		</if>
		<if value1="$$pageNavStatus" value2="noelement" condition="equals">
			<component name=""   action="extract" type="elementsize" xpath="system.customizationmanagement.groups.pagenavigation" xpathInput="3" saveTo="TotalPageSize" />
		</if>
		<component name="timer" value="2" />
		<loop value="$$TotalPageSize" condition="paging" >
			<component name="timer" value="2" />
			<component name=""   action="extract" xpath="system.customizationmanagement.groups.table"  saveTo="systemGroupsData" type="table" />
			<component name="timer" value="2" />
			<!-- <component name=""   action="rowaction" value="JMETEROBJ::systemGroupsData" compareWith="checked"  columnindex="2,1" dataindex="1" saveTo="systemgroupsResult" tableaction="gettext" elementtype="checkbox" /> -->
			<component name=""   action="multicolaction" value="JMETEROBJ::systemGroupsData" compareWith="Checked,Read Only"  columnindex="2,3,1" dataindex="1" saveTo="systemgroupsResult" tableaction="gettext" elementtype="checkbox,text" />
			<component name="timer" value="2" />			
		</loop>
	</step> 
	<step type="JAVA" name="Click Operations Tab" description="Click Operations Tab" severity="Blocker">
		<component name="link"   action="click"      xpath="tab.operations" />
	</step>
	<step type="JAVA" name="Click Groups SideMenu" description="Click Groups SideMenu" severity="Blocker">
		<component name="link"   action="click"      xpath="sidemenu.operations.groups" />
	</step>
	<step type="JAVA" name="Verify Operations Groups Portlet" description="Verify Operations Groups" severity="Blocker" >
		<component name="timer" value="1" />
		<component name=""   action="extract" type="elementsize" xpath="operations.groups.pagenavigation" saveTo="TotalPageSize" />
		<component name="timer" value="2" />
		<loop value="$$TotalPageSize" condition="paging" category="groups" >	
			<component name="timer" value="2" />		
			<component name=""   action="extract" xpath="operations.groups.table"  saveTo="operationsTableGroupsData" type="table" />
			<component name="timer" value="2" />
			<component name=""   action="multicolaction" value="JMETEROBJ::operationsTableGroupsData" compareWith="System,background-image: none;"  columnindex="4,8,2" dataindex="2,2" saveTo="operationgroupsResult" attrName="style" tableaction="getlinktext" elementtype="text,attribute" />
			</loop>
	</step>
	<step type="JAVA" name="Validate Groups Results" description="Validate Groups Reults" severity="Blocker">	
		<component name=""   action="validatelist" value="JMETEROBJ::operationgroupsResult" compareWith="JMETEROBJ::systemgroupsResult"  valdesc="Validate Groups Results" valkey="Groups Result" />
	</step>
	<step type="JAVA" name="Click Operations Tab" description="Click Operations Tab" severity="Blocker">
		<component name="link"   action="click"      xpath="tab.operations" />
	</step>
	
	<step type="JAVA" name="Click Groups SideMenu" description="Performs - Click Groups SideMenu " severity="Blocker">
		<component name="link"   action="click"      xpath="sidemenu.operations.groups" />
	</step>
	<step type="JAVA" name="Create Group" linkFile="src/test/jmeter/ph_6.4/regression/group/CreateGroup.xml" description="Performs - Create Group " severity="Blocker">
		<parameter name="groupName" value="group-6751" />
		<parameter name="groupDesc" value="group-6751 description" />
		<parameter name="Notification" value="pass" />		
	</step>
	<step type="JAVA" name="Click Groups SideMenu" description="Performs - Click Groups SideMenu " severity="Blocker">
		<component name="link"   action="click"      xpath="sidemenu.operations.groups" />
	</step>
	<step type="JAVA" name="Edit group" description="Edit Group" severity="Blocker" >
		<component name="timer" value="2" />
		<parameter name="groupName" value="group-6751-new" />	
		<component name="timer" value="2" />
		<component name="textbox" action="entervalue"  xpath="operations.group.search" value="group-6751" />
		<component name="timer" value="3" />
		<component name=""   action="extract" xpath="operations.groups.table"  saveTo="operationsTableGroups" type="table" />	
		<component name=""   action="rowaction" value="JMETEROBJ::operationsTableGroups" compareWith="group-6751"  columnindex="2,8" dataindex="2" tableaction="click" elementtype="text" />
		<component name="timer" value="2" />
		<!--  enter groups name and description-->
		<component name="textbox"  action="entervalue" xpath="operations.group.add.name" value="$$groupName" />
		<component name="timer" value="1" />
		<component name="button" action="click"   xpath="operations.group.add.criterion.save" />
		
		<!-- notifiation-->
		<component name="timer" value="2" />
		<component name="notification" action="validate" xpath="notification.message" compareWith="Group saved" valdesc="Edit Group"  valkey="Group Updation"/>
		<component name="timer" value="2" />
	</step>
	<step type="JAVA" name="Delete Group" linkFile="src/test/jmeter/ph_6.4/regression/group/DeleteGroup.xml" description="Performs - Delete Group " severity="Blocker">	
		<parameter name="Notification" value="pass" />		
	</step>
</steps>

