<steps>
	<step type="JAVA" name="Login" description="PrimeHome Login" severity="Blocker">
		<component name="textbox"  action="entervalue" xpath="login.username" value="props::PH_LOGIN_USERNAME"/>
		<component name="textbox"  action="entervalue" xpath="login.password" value="props::PH_LOGIN_PASSWORD" />
		<component name="button" action="click" 	 xpath="login.submit"  />
	</step>	
	<step type="JAVA" name="Click Administration Tab" description="Click Administration Tab" severity="Blocker">
		<component name="link"   action="click"      xpath="tab.administration" />
	</step>
	<step type="JAVA" name="Click Services Port Mapping SideMenu" description="Click Services Port Mapping SideMenu" severity="Blocker">
		<component name="link"   action="click"      xpath="sidemenu.administration.portmapping" />
	</step>
	<step type="JAVA" name="Check Services Port Mapping" description="Check Services Port Mapping" severity="Blocker">	
		<component name="timer" value="2" />
		<component name=""   action="save" xpath="administration.portmapping.pagenavigation" attrName="class" xpathInput="2" saveTo="pageNavStatus" />
		<if value1="$$pageNavStatus" value2="inline pageNav-double-next" condition="equals">
		<component name=""   action="extract" type="pagnavsize" xpath="administration.portmapping.pagenavigation.totalvalue" xpathInput="2" attrName="title" saveTo="TotalPageSize" />
		</if>
		<if value1="$$pageNavStatus" value2="inline pageNav-double-next-disable" condition="equals">
			<component name=""   action="extract" type="elementsize" xpath="administration.portmapping.pagenavigation" xpathInput="3" saveTo="TotalPageSize" />
		</if>	
		<if value1="$$pageNavStatus" value2="noelement" condition="equals">
			<component name=""   action="extract" type="elementsize" xpath="administration.portmapping.pagenavigation" xpathInput="3" saveTo="TotalPageSize" />
		</if>		
		<component name="timer" value="1" />
		<component name="timer" value="2" />
		<loop value="$$TotalPageSize" condition="paging" >
			<component name=""   action="extract" type="table" xpath="administration.portmapping.table" saveTo="portmappingTable" isHeaderAvailable="no"/>
			<component name=""   action="rowaction" value="JMETEROBJ::portmappingTable" compareWith="vSignGray pfVBtn"  columnindex="3,1" dataindex="1" saveTo="portmappingResult" tableaction="gettext" elementtype="attribute" attrName="class"/>
		</loop>
	</step>
	<step type="JAVA" name="Validate Services Port Mapping Results" description="Validate Services Port Mapping Reults" severity="Blocker">			
		<component name=""   action="converttolist" value="Telnet;;HTTP;;HTTPS;;TFTP;;FTP" saveTo="expectedResult"/>
		<component name=""   action="validatelist" value="JMETEROBJ::portmappingResult" compareWith="JMETEROBJ::expectedResult" condition="contains" valdesc="Validate Services Port Mapping Results" valkey="Services Port Mapping" />
	</step>	
</steps>