<steps>
	<step type="START-DS" name="Start DS" description="Performs - Start DS" severity="Blocker">
		<parameter name="DEVICE_ID" value="device-6752" />
		<parameter name="ACS_IP" value="props::ACS_IP" />
		<parameter name="DEVICE_DATA_MODEL_NAME" value="props::DEVICE_DATA_MODEL_NAME" />
	</step>
	<step type="JAVA" name="Login" description="Performs - Login " severity="Blocker">
		<component name="textbox"  action="entervalue" xpath="login.username" value="props::PH_LOGIN_USERNAME"/>
		<component name="textbox"  action="entervalue" xpath="login.password" value="props::PH_LOGIN_PASSWORD" />
		<component name="button" action="click" 	 xpath="login.submit"  />
	</step>
	<step type="JAVA" name="Click Tab" description="Performs - Click Tab  " severity="Blocker">
		<component name="link"   action="click"      xpath="tab.operations" />
	</step>
<!-- 	<step type="JAVA" name="Click FileManagement SideMenu" description="Performs - Click FileManagement SideMenu " severity="Blocker">
		<component name="link"   action="click"      xpath="sidemenu.operations.filemanagement" />
	</step>	
	<step type="JAVA" name="Create FileManagement"  description="Performs - Create FileManagement" severity="Blocker" linkFile="src/test/jmeter/ph_6.4/regression/configurationsets/CreateFileManagement.xml">
		<parameter name="fmFileType" value="Birth Certificate"/>
		<parameter name="fmTitle" value="birthcert6752"/> 
		<parameter name="fmSoftwareVersion" value="2.0"/> 
		<parameter name="fmURL" value="https://server.com?version=2.0"/> 
		<parameter name="Notification" value="pass"/> 
		
	</step> -->
	<step type="JAVA" name="Click Groups SideMenu" description="Performs - Click Groups SideMenu " severity="Blocker">
		<component name="link"   action="click"      xpath="sidemenu.operations.groups" />
	</step>
	<step type="JAVA" name="Create Group" linkFile="src/test/jmeter/ph_6.4/regression/group/CreateGroup.xml" description="Performs - Create Group " severity="Blocker">
		<parameter name="Notification" value="pass" />
		<parameter name="groupName" value="group-6752" />
		<parameter name="groupDesc" value="group-6752 description" />
	</step>
	<step type="JAVA" name="Click SideMenu" description="Performs - Click SideMenu " severity="Blocker">
		<component name="link"   action="click"      xpath="sidemenu.operations.batchprocessing" />
	</step>
	<step type="JAVA" name="Create Batch" linkFile="src/test/jmeter/ph_6.4/regression/batch/CreateImmediateBatchFileUpload.xml" description="Performs - Create Batch " severity="Blocker">	
		<parameter name="batchName" value="batch-6752" />
		<parameter name="batchDesc" value="New Batch Description" />
		<parameter name="parameterName_1" value="Birth Certificate" />
		<parameter name="parameterValue_1" value="http://upload/birth-cert-345657-yyyy-MM-dd-HH-mm-ss.tar.gx" />
	</step>
	<step type="JAVA" name="Click SideMenu" description="Performs - Click SideMenu" severity="Blocker">
		<component name="link" xpath="sidemenu.operations.batchprocessing" action="click" />
	</step>
	<step type="JAVA" name="Search Batch With Name"  linkFile="src/test/jmeter/ph_6.4/regression/batch/SearchBatchWithName.xml" description="Performs - Search Batch With Name" severity="Blocker">
	</step>
	<step type="JAVA" name="Verify Batch - Device Count" description="Performs - Verify Batch - Device Count" severity="Blocker">
		<component name=""       action="waitandvalidate" xpath="operations.batch.table.statustext" xpathInput="$$batchName" compareWith="Completed" maxwaittime="300" refreshinterval="10"/>
		<component name="button" action="click" xpath="operations.batch.table.batchname" xpathInput="$$batchName"  />
		<component name="timer" value="2" />
		
		<component name=""       action="validate" xpath="operations.batch.details.totaldevices" 	 compareWith="1" valdesc="Verify Total Devices" valkey="Total Devices"/>
		<component name=""       action="validate" xpath="operations.batch.details.completeddevices" compareWith="1" valdesc="Verify No of Runs" valkey="No of Run" />
		<component name=""       action="validate" xpath="operations.batch.details.successratio" compareWith="100" 	 valdesc="Verify success %" valkey="Success %"/>
		<component name=""       action="validate" xpath="operations.batch.details.failureratio" compareWith="0"   valdesc="Verify failure %" valkey="Failure %"/>		
	</step>
	<step type="DS" name="Check Transfer Complete Event" description="Performs - Check Transfer Complete Event " severity="Blocker">
		<component operation="sendEvent" name="transfercomplete"/>
		<component name="timer" value="5" />
	</step>
	<step type="JAVA" name="Click Batch Processing SideMenu" description="Performs - Click Batch Processing SideMenu" severity="Blocker">
		<component name="link" xpath="sidemenu.operations.batchprocessing" action="click" />
	</step>
	<step type="JAVA" name="Search Batch With Name"  linkFile="src/test/jmeter/ph_6.4/regression/batch/SearchBatchWithName.xml" description="Performs - Search Batch With Name" severity="Blocker">
	</step>
	<step type="JAVA" name="Delete Batch"  linkFile="src/test/jmeter/ph_6.4/regression/batch/DeleteBatch.xml" description="Performs - Delete Batch" severity="Blocker">
	</step>
	<step type="JAVA" name="Click Groups SideMenu" description="Performs - Click Groups SideMenu" severity="Blocker">
		<component name="link" xpath="sidemenu.operations.groups" action="click" />
	</step>
	<step type="JAVA" name="Delete Group"  linkFile="src/test/jmeter/ph_6.4/regression/group/DeleteGroup.xml" description="Performs - Delete Group" severity="Blocker">
		<parameter name="Notification" value="pass" />
	</step>
</steps>

 