<steps>
	<step type="START-DS" name="Start DS" description="Performs - START-DS " severity="Blocker">
		<parameter name="DEVICE_ID" value="device-9012" />
		<parameter name="ACS_IP" value="props::ACS_IP" />
		<parameter name="DEVICE_DATA_MODEL_NAME" value="props::DEVICE_DATA_MODEL_NAME" />
	</step>
	<step type="JAVA" name="Login" description="PrimeHome Login" severity="Blocker">
		<component name="textbox"  action="entervalue" xpath="login.username" value="props::PH_LOGIN_USERNAME"/>
		<component name="textbox"  action="entervalue" xpath="login.password" value="props::PH_LOGIN_PASSWORD" />
		<component name="button" action="click" 	 xpath="login.submit"  />
	</step>	
	<step type="JAVA" name="Click Dashboard Tab" description="Click Dashboard Tab" severity="Blocker">
		<component name="link"   action="click"      xpath="tab.dashboard" />
	</step>
	<step type="JAVA" name="Click Search Devices SideMenu" description="Click Search Devices SideMenu" severity="Blocker">
		<component name="link"   action="click"      xpath="sidemenu.dashboard.searchdevices" />
	</step>
	<step type="JAVA" name="Navigate to device" description="Navigate to device" severity="Blocker">
		<parameter name="SerialNumber" value="'Serial Number'='device-9012'" />	
		<component name="textbox"  action="entervalue" xpath="operations.devicemanagement.query" value="$$SerialNumber"/>
		<component name="button"  action="click" xpath="operations.devicemanagement.query.find" />
		<component name="timer" value="2" />
		<component name="button"  action="click" xpath="dashboard.searchdevices.quicksearch.device" xpathInput="$$DEVICE_ID"/>
		<component name="timer" value="20" />
	</step>
	<step type="JAVA" name="Device View Portlet : Device Online" description="Device View Portlet" severity="Blocker">
		<component name=""  action="save" xpath="deviceview.device.status" saveTo="deviceOnline" attrName="class" compareWith="dvCircle circle-green" valdesc="Device View Portlet : Device Online" valkey="Device Status"/>		
		<component name="timer" value="3" />
	</step>
	<step type="JAVA" name="Click System Tab" description="Click System Tab" severity="Blocker">
		<component name="link"   action="click"      xpath="tab.system" />
	</step>
	<step type="JAVA" name="Click Customization Management SideMenu" description="Click Customization Management SideMenu" severity="Blocker">
		<component name="link"   action="click"      xpath="sidemenu.system.customizationmanagement" />
	</step>
	<!-- verify customization Management tabs -->
	<step type="JAVA" name="Verify System Portlet" description="Verify System Tabs" severity="Blocker" >
		<component name="timer" value="1" />		
		<component name=""   action="extract" xpath="system.customizationmanagement.tabs.table" saveTo="customtabs" type="table" isHeaderAvailable="no"/>
		<component name=""   action="rowaslist" value="JMETEROBJ::customtabs" compareWith="Tags,Batch Processing,Groups,Workflows,Workflow Templates,File Types"  rowindex="1"  valdesc="Verify Customization Management Tabs" valkey="System CustomizationManagement Tabs"/>		
	</step>
	<!-- system portlet -->
 	 <step type="JAVA" name="Verify System Tags tab" description="Verify System Tags" severity="Blocker" >
		<component name="timer" value="1" />
		<component name="link" action="click" xpath="system.customizationmanagement.tags.tab" xpathInput="1"/>	
		<component name="timer" value="2" />
		<!-- <component name=""   action="extract" type="pagnavsize" xpath="system.customizationmanagement.tags.pagenavigation.totalvalue" xpathInput="2" attrName="title" saveTo="TotalPageSize" /> -->
		<component name="timer" value="1" />
		<component name=""   action="extract" xpath="system.customizationmanagement.tags.table"  saveTo="systemTagTableData" type="table" />
		<component name=""   action="rowaction" value="JMETEROBJ::systemTagTableData" compareWith="checked"  columnindex="2,1" dataindex="1" saveTo="systemTagResult" tableaction="gettext" elementtype="checkbox"/>

	</step>
	<step type="JAVA" name="Verify System Batches tab" description="Verify System Batches" severity="Blocker" >		
		<component name="link" action="click" xpath="system.customizationmanagement.tags.tab" xpathInput="2"/>	
		<component name="timer" value="2" />
		<component name=""   action="save" xpath="system.customizationmanagement.batch.pagenavigation" attrName="class" xpathInput="2" saveTo="pageNavStatus" />
		<if value1="$$pageNavStatus" value2="inline pageNav-double-next" condition="equals">
			<component name=""   action="extract" type="pagnavsize" xpath="system.customizationmanagement.batch.pagenavigation.totalvalue" xpathInput="2" attrName="title" saveTo="TotalPageSize" />
		</if>
		<if value1="$$pageNavStatus" value2="inline pageNav-double-next-disable" condition="equals">
			<component name=""   action="extract" type="elementsize" xpath="system.customizationmanagement.batch.pagenavigation" xpathInput="3" saveTo="TotalPageSize" />
		</if>
		<if value1="$$pageNavStatus" value2="noelement" condition="equals">
			<component name=""   action="extract" type="elementsize" xpath="system.customizationmanagement.batch.pagenavigation" xpathInput="3" saveTo="TotalPageSize" />
		</if>
		<!-- <component name=""   action="extract" type="elementsize" xpath="system.customizationmanagement.batch.pagenavigation" xpathInput="3" saveTo="sysBatchesPageSize" /> -->
		<component name="timer" value="1" />
		<loop value="$$TotalPageSize" condition="paging" >
			<component name="timer" value="2" />
			<component name=""   action="extract" xpath="system.customizationmanagement.batches.table"  saveTo="systemBatchesTableData" type="table" />
			<component name="timer" value="2" />
			<!-- <component name=""   action="rowaction" value="JMETEROBJ::systemBatchesTableData" compareWith="checked"  columnindex="2,1" dataindex="1" saveTo="sysBatchesResult" tableaction="gettext" elementtype="checkbox" /> -->
			<component name=""   action="multicolaction" value="JMETEROBJ::systemBatchesTableData" compareWith="checked,Read Only"  columnindex="2,3,1" dataindex="1" saveTo="sysBatchesResult" tableaction="gettext" elementtype="checkbox,text" />
			<component name="timer" value="2" />			
		</loop>
	</step>
	 <step type="JAVA" name="Verify System Groups tab" description="Verify System Groups" severity="Blocker" >		
		<component name="link" action="click" xpath="system.customizationmanagement.tags.tab" xpathInput="3"/>	
		<component name="timer" value="2" />
		<component name=""   action="save" xpath="system.customizationmanagement.groups.pagenavigation" attrName="class" xpathInput="2" saveTo="pageNavStatus" />
		<if value1="$$pageNavStatus" value2="inline pageNav-double-next" condition="equals">
			<component name=""   action="extract" type="pagnavsize" xpath="system.customizationmanagement.groups.pagenavigation.totalvalue" xpathInput="2" attrName="title" saveTo="TotalPageSize" />
		</if>
		<if value1="$$pageNavStatus" value2="inline pageNav-double-next-disable" condition="equals">
			<component name=""   action="extract" type="elementsize" xpath="system.customizationmanagement.groups.pagenavigation" xpathInput="3" saveTo="TotalPageSize" />
		</if>
		<if value1="$$pageNavStatus" value2="noelement" condition="equals">
			<component name=""   action="extract" type="elementsize" xpath="system.customizationmanagement.groups.pagenavigation" xpathInput="3" saveTo="TotalPageSize" />
		</if>
		<component name="timer" value="2" />
		<!-- <component name=""   action="extract" type="elementsize" xpath="system.customizationmanagement.groups.pagenavigation" xpathInput="3" saveTo="sysGroupsPageSize" /> -->
		<component name="timer" value="1" />
		<loop value="$$TotalPageSize" condition="paging" >
			<component name="timer" value="2" />
			<component name=""   action="extract" xpath="system.customizationmanagement.groups.table"  saveTo="systemGroupsTableData" type="table" />
			<component name="timer" value="2" />
			<!-- <component name=""   action="rowaction" value="JMETEROBJ::systemGroupsTableData" compareWith="checked"  columnindex="2,1" dataindex="1" saveTo="sysgroupsResult" tableaction="gettext" elementtype="checkbox" /> -->
			<component name=""   action="multicolaction" value="JMETEROBJ::systemGroupsTableData" compareWith="Checked,Read Only"  columnindex="2,3,1" dataindex="1" saveTo="sysgroupsResult" tableaction="gettext" elementtype="checkbox,text" />
			<component name="timer" value="2" />			
		</loop>
	</step> 
	<step type="JAVA" name="Verify System Workflow tab" description="Verify System Workflow" severity="Blocker" >		
		<component name="link" action="click" xpath="system.customizationmanagement.tags.tab" xpathInput="4"/>	
		<component name="timer" value="2" />
		<component name=""   action="save" xpath="system.customizationmanagement.workflow.pagenavigation" attrName="class" xpathInput="2" saveTo="pageNavStatus" />
		<if value1="$$pageNavStatus" value2="inline pageNav-double-next" condition="equals">
		<component name=""   action="extract" type="pagnavsize" xpath="system.customizationmanagement.workflow.pagenavigation.totalvalue" xpathInput="2" attrName="title" saveTo="TotalPageSize" />
		</if>
		<if value1="$$pageNavStatus" value2="inline pageNav-double-next-disable" condition="equals">
			<component name=""   action="extract" type="elementsize" xpath="system.customizationmanagement.workflow.pagenavigation" xpathInput="3" saveTo="TotalPageSize" />
		</if>	
		<if value1="$$pageNavStatus" value2="noelement" condition="equals">
			<component name=""   action="extract" type="elementsize" xpath="system.customizationmanagement.workflow.pagenavigation" xpathInput="3" saveTo="TotalPageSize" />
		</if>
		<!-- <component name=""   action="extract" type="elementsize" xpath="system.customizationmanagement.workflow.pagenavigation" xpathInput="3" saveTo="sysWorkflowPageSize" /> -->
		<component name="timer" value="1" />
		<loop value="$$TotalPageSize" condition="paging" >
			<component name="timer" value="2" />
			<component name=""   action="extract" xpath="system.customizationmanagement.workflow.table"  saveTo="systemWorkflowTableData" type="table" />
			<component name="timer" value="2" />
			<component name=""   action="rowaction" value="JMETEROBJ::systemWorkflowTableData" compareWith="checked"  columnindex="2,1" dataindex="1" saveTo="sysWorkflowResult" tableaction="gettext" elementtype="checkbox" />
			<component name="timer" value="2" />			
		</loop>
	</step>
	<step type="JAVA" name="Verify System Workflow Templates tab" description="Verify System Workflow Templates" severity="Blocker" >		
		<component name="link" action="click" xpath="system.customizationmanagement.tags.tab" xpathInput="5"/>	
		<component name="timer" value="2" />	
		<component name=""   action="extract" xpath="system.customizationmanagement.templates.table"  saveTo="systemTemplatesTableData" type="table" />	
		<component name="timer" value="1" />		
		<!-- <component name=""   action="columnvalidate" value="JMETEROBJ::systemTemplatesTableData" columnindex="1"  saveTo="sysTemplatesResult"/>		 -->
		<component name=""   action="rowaction" value="JMETEROBJ::systemTemplatesTableData" compareWith="Read / Write"  columnindex="2,1" dataindex="2" saveTo="sysTemplatesResult" tableaction="gettext" elementtype="text" />
		<component name=""   action="rowaction" value="JMETEROBJ::systemTemplatesTableData" compareWith="Read Only"  columnindex="2,1" dataindex="2" saveTo="sysTemplatesResult" tableaction="gettext" elementtype="text" />
		<component name="timer" value="2" />			
		
	</step>
	<step type="JAVA" name="Verify System File Types tab" description="Verify System File Types tab" severity="Blocker" >		
		<component name="link" action="click" xpath="system.customizationmanagement.tags.tab" xpathInput="6"/>	
		<component name="timer" value="2" />
		<component name=""   action="save" xpath="system.customizationmanagement.filetypes.pagenavigation" attrName="class" xpathInput="2" saveTo="pageNavStatus" />
		<if value1="$$pageNavStatus" value2="inline pageNav-double-next" condition="equals">
			<component name=""   action="extract" type="pagnavsize" xpath="system.customizationmanagement.filetypes.pagenavigation.totalvalue" xpathInput="2" attrName="title" saveTo="TotalPageSize" />
		</if>
		<if value1="$$pageNavStatus" value2="inline pageNav-double-next-disable" condition="equals">
			<component name=""   action="extract" type="elementsize" xpath="system.customizationmanagement.filetypes.pagenavigation" xpathInput="3" saveTo="TotalPageSize" />
		</if>	
		<if value1="$$pageNavStatus" value2="noelement" condition="equals">
			<component name=""   action="extract" type="elementsize" xpath="system.customizationmanagement.filetypes.pagenavigation" xpathInput="3" saveTo="TotalPageSize" />
		</if>
		<!-- <component name=""   action="extract" type="elementsize" xpath="system.customizationmanagement.filetypes.pagenavigation" xpathInput="3" saveTo="sysFileTypesPageSize" /> -->
		<component name="timer" value="1" />
		<loop value="$$TotalPageSize" condition="paging" >
			<component name="timer" value="2" />
			<component name=""   action="extract" xpath="system.customizationmanagement.filetypes.table"  saveTo="systemFileTypesTableData" type="table" />
			<component name="timer" value="2" />
			<component name=""   action="rowaction" value="JMETEROBJ::systemFileTypesTableData" compareWith="Read / Write"  columnindex="2,1" dataindex="1,1" innerElement="yes" saveTo="sysFileTypesResult" tableaction="gettext" elementtype="text" />
			<component name=""   action="rowaction" value="JMETEROBJ::systemFileTypesTableData" compareWith="Read Only"  columnindex="2,1" dataindex="1,1" innerElement="yes" saveTo="sysFileTypesResult" tableaction="gettext" elementtype="text" />
			<component name="timer" value="2" />			
		</loop>
	</step>
	 
	<!-- operations portlet -->
	<step type="JAVA" name="Click Operations Tab" description="Click Operations Tab" severity="Blocker">
		<component name="link"   action="click"      xpath="tab.operations" />
	</step>
	<step type="JAVA" name="Click Tags SideMenu" description="Click Tags SideMenu" severity="Blocker">
		<component name="link"   action="click"      xpath="sidemenu.operations.tags" />
	</step>
	<step type="JAVA" name="Verify Operations Tags Portlet" description="Verify Operations Tags" severity="Blocker" >
		<component name="timer" value="1" />
		<component name=""   action="save" xpath="operations.tag.pagenavigation" attrName="class" xpathInput="2" saveTo="pageNavStatus" />
		<if value1="$$pageNavStatus" value2="inline pageNav-double-next" condition="equals">
			<component name=""   action="extract" type="pagnavsize" xpath="operations.tag.pagenavigation.totalvalue" xpathInput="2" attrName="title" saveTo="TotalPageSize" />
		</if>
		<if value1="$$pageNavStatus" value2="inline pageNav-double-next-disable" condition="equals">
			<component name=""   action="extract" type="elementsize" xpath="operations.tag.pagenavigation" xpathInput="3" saveTo="TotalPageSize" />
		</if>
		<if value1="$$pageNavStatus" value2="noelement" condition="equals">
			<component name=""   action="extract" type="elementsize" xpath="operations.tag.pagenavigation" xpathInput="3" saveTo="TotalPageSize" />
		</if>
		<!-- <component name=""   action="extract" type="elementsize" xpath="operations.tag.pagenavigation" xpathInput="3" saveTo="OpTagsPageSize" /> -->
		<component name="timer" value="1" />
		<loop value="$$TotalPageSize" condition="paging" >
			<component name=""   action="extract" xpath="operations.tags.table"  saveTo="operationsTableTagData" type="table" />
			<component name=""   action="rowaction" value="JMETEROBJ::operationsTableTagData" compareWith="System Tag"  columnindex="6,2" saveTo="operationTagResult" tableaction="gettext" elementtype="text"/>
		</loop>
	</step>
	<step type="JAVA" name="Click Groups SideMenu" description="Click Groups SideMenu" severity="Blocker">
		<component name="link"   action="click"      xpath="sidemenu.operations.groups" />
	</step>
	<step type="JAVA" name="Verify Operations Groups Portlet" description="Verify Operations Groups" severity="Blocker" >
		<component name="timer" value="1" />
<!-- 		<component name=""   action="extract" type="pagnavsize" xpath="device.pageNav.totalvalue" xpathInput="2" attrName="title" saveTo="TotalPageSize" />
		<component name="timer" value="2" />
		<if value1="$$TotalPageSize" value2="noelement" condition="equals">
			<component name=""   action="extract" type="elementsize" xpath="device.pageNav.value" xpathInput="3" saveTo="TotalPageSize" />
		</if> -->
		<component name=""   action="extract" type="elementsize" xpath="operations.groups.pagenavigation" saveTo="TotalPageSize" />
		<component name="timer" value="1" />
		<loop value="$$TotalPageSize" condition="paging" category="groups" >
			<component name="timer" value="2" />
			<component name=""   action="extract" xpath="operations.groups.table"  saveTo="operationsTableGroupsData" type="table" />
			<component name="timer" value="2" />
			<component name=""   action="rowaction" value="JMETEROBJ::operationsTableGroupsData" compareWith="System"  columnindex="4,2" dataindex="2" saveTo="operationgroupsResult" tableaction="getlinktext" elementtype="text"/>
			<component name="timer" value="2" />
		</loop>
	</step>	
	<step type="JAVA" name="Click Batch Processing SideMenu" description="Click Batch Processing SideMenu" severity="Blocker">
		<component name="link"   action="click"      xpath="sidemenu.operations.batchprocessing" />
	</step>
	<step type="JAVA" name="Verify Operations Batch Portlet" description="Verify Operations Batch" severity="Blocker" >
		<component name="timer" value="1" />
		<component name=""   action="save" xpath="operations.batch.pagenavigation" attrName="class" xpathInput="2" saveTo="pageNavStatus" />
		<if value1="$$pageNavStatus" value2="inline pageNav-double-next" condition="equals">
		<component name=""   action="extract" type="pagnavsize" xpath="operations.batch.pagenavigation.totalvalue" xpathInput="2" attrName="title" saveTo="TotalPageSize" />
		</if>
		<if value1="$$pageNavStatus" value2="inline pageNav-double-next-disable" condition="equals">
			<component name=""   action="extract" type="elementsize" xpath="operations.batch.pagenavigation" xpathInput="3" saveTo="TotalPageSize" />
		</if>		
		<if value1="$$pageNavStatus" value2="noelement" condition="equals">
			<component name=""   action="extract" type="elementsize" xpath="operations.batch.pagenavigation" xpathInput="3" saveTo="TotalPageSize" />
		</if>
		<!-- <component name=""   action="extract" type="elementsize" xpath="operations.batch.pagenavigation" saveTo="OpBatchPageSize" xpathInput="3"/> -->
		<component name="timer" value="1" />
		<loop value="$$TotalPageSize" condition="paging" >
			<component name="timer" value="2" />
			<component name=""   action="extract" xpath="operations.batch.table"  saveTo="operationsTableBatchData" type="table" />
			<component name="timer" value="2" />
			<component name=""   action="rowaction" value="JMETEROBJ::operationsTableBatchData" compareWith="System"  columnindex="6,1" dataindex="1" saveTo="operationBatchResult" tableaction="getlinktext" elementtype="text"/>
			<component name="timer" value="2" />
		</loop>
	</step>	
	 <step type="JAVA" name="Click File Types SideMenu" description="Click File Types SideMenu" severity="Blocker">
		<component name="link"   action="click"      xpath="sidemenu.operations.fileTypes" />
	</step>
	<step type="JAVA" name="Verify Operations File Types Portlet" description="Verify Operations File Types" severity="Blocker" >
		<component name="timer" value="1" />
		<component name=""   action="save" xpath="operations.filetypes.pagenavigation" attrName="class" xpathInput="2" saveTo="pageNavStatus" />
		<if value1="$$pageNavStatus" value2="inline pageNav-double-next" condition="equals">
			<component name=""   action="extract" type="pagnavsize" xpath="operations.filetypes.pagenavigation.totalvalue" xpathInput="2" attrName="title" saveTo="TotalPageSize" />
		</if>
		<if value1="$$pageNavStatus" value2="inline pageNav-double-next-disable" condition="equals">
			<component name=""   action="extract" type="elementsize" xpath="operations.filetypes.pagenavigation" xpathInput="3" saveTo="TotalPageSize" />
		</if>

		<if value1="$$pageNavStatus" value2="noelement" condition="equals">
			<component name=""   action="extract" type="elementsize" xpath="operations.filetypes.pagenavigation" xpathInput="3" saveTo="TotalPageSize" />
		</if>
		<!-- <component name=""   action="extract" type="elementsize" xpath="operations.filetypes.pagenavigation" saveTo="OpFileTypesPageSize" xpathInput="3"/> -->
		<component name="timer" value="1" />
		<loop value="$$TotalPageSize" condition="paging" >
			<component name="timer" value="2" />
			<component name=""   action="extract" xpath="operations.filetypes.table"  saveTo="operationsTableFileTypesData" type="table" />
			<component name="timer" value="2" />
		
			<component name=""   action="columnvalidate" value="JMETEROBJ::operationsTableFileTypesData" columnindex="1"  saveTo="operationFileTypesResult"/>
			<component name="timer" value="2" />
		</loop>
	</step>	
<!-- 		<component name=""   action="rowaction" value="JMETEROBJ::operationsTableFileTypesData" compareWith="System"  columnindex="1,1" dataindex="1" saveTo="operationFileTypesResult" tableaction="getlinktext" elementtype="linktext"/> -->
	<step type="JAVA" name="Click Workflow Templates SideMenu" description="Click Workflow Templates SideMenu" severity="Blocker">
		<component name="link"   action="click"      xpath="sidemenu.operations.templates" />
	</step>
	<step type="JAVA" name="Verify Operations Workflow Templates Portlet" description="Verify Operations Workflow Templates" severity="Blocker" >
		<component name="timer" value="1" />
		<component name=""   action="save" xpath="operations.templates.pagenavigation" attrName="class" xpathInput="2" saveTo="pageNavStatus" />
		<if value1="$$pageNavStatus" value2="inline pageNav-double-next" condition="equals">
			<component name=""   action="extract" type="pagnavsize" xpath="operations.templates.pagenavigation.totalvalue" xpathInput="2" attrName="title" saveTo="TotalPageSize" />
		</if>
		<if value1="$$pageNavStatus" value2="inline pageNav-double-next-disable" condition="equals">
			<component name=""   action="extract" type="elementsize" xpath="operations.templates.pagenavigation" xpathInput="3" saveTo="TotalPageSize" />
		</if>
		<if value1="$$pageNavStatus" value2="noelement" condition="equals">
			<component name=""   action="extract" type="elementsize" xpath="operations.templates.pagenavigation" xpathInput="3" saveTo="TotalPageSize" />
		</if>
		<!-- <component name=""   action="extract" type="elementsize" xpath="operations.templates.pagenavigation" saveTo="OpTemplatePageSize" xpathInput="3"/> -->
		<component name="timer" value="1" />
		<loop value="$$TotalPageSize" condition="paging" >
			<component name="timer" value="2" />
			<component name=""   action="extract" xpath="operations.workflowtemplates.table"  saveTo="operationsTableTemplateData" type="table" />
			<component name="timer" value="2" />
			<component name=""   action="rowaction" value="JMETEROBJ::operationsTableTemplateData" compareWith="System"  columnindex="5,2" dataindex="1" saveTo="operationTemplateResult" tableaction="getlinktext" elementtype="text"/>
			<component name="timer" value="2" />
		</loop>
	</step>	
	
	<!-- validation -->
	<step type="JAVA" name="Validate Tag Results" description="Validate Tags Results" severity="Blocker">	
		<component name=""   action="validatelist" value="JMETEROBJ::operationTagResult" compareWith="JMETEROBJ::systemTagResult"  valdesc="Validate Tags Results" valkey="Tags Result" />
	</step>	
	 <step type="JAVA" name="Validate Groups Results" description="Validate Groups Results" severity="Blocker">	
		<component name=""   action="validatelist" value="JMETEROBJ::operationgroupsResult" compareWith="JMETEROBJ::sysgroupsResult"  valdesc="Validate Groups Results" valkey="Groups Result" />
	</step>	
	<step type="JAVA" name="Validate Batch Results" description="Validate Batch Results" severity="Blocker">	
		<component name=""   action="validatelist" value="JMETEROBJ::operationBatchResult" compareWith="JMETEROBJ::sysBatchesResult"  valdesc="Validate Batch Results" valkey="Batch Result" />
	</step>	
	 <step type="JAVA" name="Validate Workflow Templates Results" description="Validate Workflow Templates Results" severity="Blocker">	
		<component name=""   action="validatelist" value="JMETEROBJ::operationTemplateResult" compareWith="JMETEROBJ::sysTemplatesResult"  valdesc="Validate Workflow Templates Results" valkey="Workflow Templates Result" />
	</step>	
	<step type="JAVA" name="Validate File Types Results" description="Validate File Types Results" severity="Blocker">	
		<component name=""   action="validatelist" value="JMETEROBJ::operationFileTypesResult" compareWith="JMETEROBJ::sysFileTypesResult" condition="contains" valdesc="Validate File Types Results" valkey="File Types Result" />
	</step>	
</steps> 