<steps>
	<step type="START-DS" name="Start DS" description="Performs - START-DS " severity="Blocker">
		<parameter name="DEVICE_ID" value="system-device-6741" />
		<parameter name="ACS_IP" value="props::ACS_IP" />
		<parameter name="DEVICE_DATA_MODEL_NAME" value="props::DEVICE_DATA_MODEL_NAME" />
	</step>
	<step type="JAVA" name="Login" description="PrimeHome Login" severity="Blocker">
		<component name="textbox"  action="entervalue" xpath="login.username" value="props::PH_LOGIN_USERNAME"/>
		<component name="textbox"  action="entervalue" xpath="login.password" value="props::PH_LOGIN_PASSWORD" />
		<component name="button" action="click" 	 xpath="login.submit"  />
	</step>	
	<step type="JAVA" name="Click Dashboard Tab" description="Click Dashboard Tab" severity="Blocker">
		<component name="link"   action="click"      xpath="tab.dashboard" />
	</step>
	<step type="JAVA" name="Click Search Devices SideMenu" description="Click Search Devices SideMenu" severity="Blocker">
		<component name="link"   action="click"      xpath="sidemenu.dashboard.searchdevices" />
	</step>
	<step type="JAVA" name="Navigate to device" description="Navigate to device" severity="Blocker">
		<parameter name="SerialNumber" value="'Serial Number'='system-device-6741'" />	
		<component name="textbox"  action="entervalue" xpath="operations.devicemanagement.query" value="$$SerialNumber"/>
		<component name="button"  action="click" xpath="operations.devicemanagement.query.find" />
		<component name="timer" value="2" />
		<component name="button"  action="click" xpath="dashboard.searchdevices.quicksearch.device" xpathInput="$$DEVICE_ID"/>
		<component name="timer" value="15" />
	</step>
	<step type="JAVA" name="Check Device Status" description="Device View Portlet" severity="Blocker">
		<component name=""  action="save" xpath="deviceview.device.status" saveTo="deviceOnline" attrName="class" compareWith="dvCircle circle-green" valdesc="Device View Portlet : Device Online" valkey="Device Status"/>		
		<component name="timer" value="3" />
	</step>	
	<step type="JAVA" name="Click System Status SideMenu" description="Click System Status SideMenu" severity="Blocker">
		<component name="link"   action="click"      xpath="sidemenu.deviceview.systemstatus" />
		<component name="timer" value="3" />
	</step>
	<step type="JAVA" name="System Details" description="System Details" severity="Blocker">
		<component name="button"   action="click"  xpath="deviceview.systemstatus.tab" xpathInput="0" />
	`	<component name="timer" value="1" />
		<component name=""   action="extract"  type="table"    xpath="deviceview.systemstatus.table" xpathInput="0" saveTo="systemDetails" isHeaderAvailable="no"/>
		<component name=""   action="rowaction" value="JMETEROBJ::systemDetails" compareWith="IMEI:" columnindex="1,2" dataindex="1" saveTo="IMEI" tableaction="gettext" elementtype="text" />
		<component name=""   action="rowaction" value="JMETEROBJ::systemDetails" compareWith="Serial Number:" columnindex="1,2" dataindex="1" saveTo="SerialNo" tableaction="gettext" elementtype="text" />	
		<component name=""   action="rowaction" value="JMETEROBJ::systemDetails" compareWith="DLA Status:" columnindex="1,2" dataindex="1" saveTo="DLAState" tableaction="gettext" elementtype="text"/>
		<component name=""   action="rowaction" value="JMETEROBJ::systemDetails" compareWith="Upgrade Mode:" columnindex="1,2" dataindex="1" saveTo="UpgradeMode" tableaction="gettext" elementtype="text" />		
		<component name=""   action="rowaction" value="JMETEROBJ::systemDetails" compareWith="Time Status:" columnindex="1,2" dataindex="1" saveTo="TimeStatus" tableaction="gettext" elementtype="text" />		
		<component name=""   action="rowaction" value="JMETEROBJ::systemDetails" compareWith="System Mode Status:" columnindex="1,2" dataindex="1" saveTo="SystemModeState" tableaction="gettext" elementtype="text" />
		
	</step>
	<step type="JAVA" name="System wifi" description="System wifi" severity="Blocker">
		<component name="button"   action="click"  xpath="deviceview.systemstatus.tab" xpathInput="3" />
	`	<component name="timer" value="1" />
		<component name=""   action="extract"  type="table"    xpath="deviceview.systemstatus.table" xpathInput="3" saveTo="systemDetails" isHeaderAvailable="no"/>
		<component name=""   action="rowaction" value="JMETEROBJ::systemDetails" compareWith="Wifi Channel Selector:" columnindex="1,2" dataindex="1" saveTo="wifichannel" tableaction="gettext" elementtype="text" />
		<component name=""   action="rowaction" value="JMETEROBJ::systemDetails" compareWith="Wifi Channel Selected:" columnindex="1,2" dataindex="1" saveTo="wifichannelselected" tableaction="gettext" elementtype="text" />	
		<component name=""   action="rowaction" value="JMETEROBJ::systemDetails" compareWith="Wifi Max Bit Rate:" columnindex="1,2" dataindex="1" saveTo="wifimaxrate" tableaction="gettext" elementtype="text"/>
		<component name=""   action="rowaction" value="JMETEROBJ::systemDetails" compareWith="Wifi Site Survey Number of APs:" columnindex="1,2" dataindex="1" saveTo="wifesitenumber" tableaction="gettext" elementtype="text" />
	</step>
	<step type="JAVA" name="System Certificate" description="System Certificate" severity="Blocker">
		<component name="button"   action="click"  xpath="deviceview.systemstatus.tab" xpathInput="1" />
	`	<component name="timer" value="1" />
		<component name=""   action="extract"  type="table"    xpath="deviceview.systemstatus.table" xpathInput="1" saveTo="systemDetails" isHeaderAvailable="no"/>
		<component name=""   action="rowaction" value="JMETEROBJ::systemDetails" compareWith="Certificate Installation Date:" columnindex="1,2" dataindex="1" saveTo="CertificateInstallationDate" tableaction="gettext" elementtype="text" />
		<component name=""   action="rowaction" value="JMETEROBJ::systemDetails" compareWith="Certificate Expiration Date:" columnindex="1,2" dataindex="1" saveTo="CertificateExpirationDate" tableaction="gettext" elementtype="text" />	
		<component name=""   action="rowaction" value="JMETEROBJ::systemDetails" compareWith="Certificate Issue Date:" columnindex="1,2" dataindex="1" saveTo="CertificateIssueDate" tableaction="gettext" elementtype="text"/>
		<component name=""   action="rowaction" value="JMETEROBJ::systemDetails" compareWith="Certificate Update Requested:" columnindex="1,2" dataindex="1" saveTo="CertificateUpdateRequested" tableaction="gettext" elementtype="text" />
		<component name=""   action="rowaction" value="JMETEROBJ::systemDetails" compareWith="Certificate Update Error:" columnindex="1,2" dataindex="1" saveTo="CertificateUpdateError" tableaction="gettext" elementtype="text" />
		<component name=""   action="rowaction" value="JMETEROBJ::systemDetails" compareWith="Birth Certificate Status:" columnindex="1,2" dataindex="1" saveTo="BirthCertificateStatus" tableaction="gettext" elementtype="text" />
		<component name=""   action="rowaction" value="JMETEROBJ::systemDetails" compareWith="Certificate Update Mechanism:" columnindex="1,2" dataindex="1" saveTo="CertificateUpdateMechanism" tableaction="gettext" elementtype="text" />
	</step>
`	<step type="JAVA" name="System 3G" description="System 3G" severity="Blocker">
		<component name="button"   action="click"  xpath="deviceview.systemstatus.tab" xpathInput="4" />
	`	<component name="timer" value="1" />
		<component name=""   action="extract"  type="table"    xpath="deviceview.systemstatus.table" xpathInput="4" saveTo="systemDetails" isHeaderAvailable="no"/>
		<component name=""   action="rowaction" value="JMETEROBJ::systemDetails" compareWith="3G Cell EcNo:" columnindex="1,2" dataindex="1" saveTo="3GCellEcNo" tableaction="gettext" elementtype="text" />
		<component name=""   action="rowaction" value="JMETEROBJ::systemDetails" compareWith="3G Cell RSCP:" columnindex="1,2" dataindex="1" saveTo="3GCellRSCP" tableaction="gettext" elementtype="text" />	
		<component name=""   action="rowaction" value="JMETEROBJ::systemDetails" compareWith="3G Cell RSSI:" columnindex="1,2" dataindex="1" saveTo="3GCellRSSI" tableaction="gettext" elementtype="text"/>
		<component name=""   action="rowaction" value="JMETEROBJ::systemDetails" compareWith="3G LAC:" columnindex="1,2" dataindex="1" saveTo="3GLAC" tableaction="gettext" elementtype="text" />
		<component name=""   action="rowaction" value="JMETEROBJ::systemDetails" compareWith="3G Frequency Band:" columnindex="1,2" dataindex="1" saveTo="3GFrequencyBand" tableaction="gettext" elementtype="text" />
		<component name=""   action="rowaction" value="JMETEROBJ::systemDetails" compareWith="3G UARFCN:" columnindex="1,2" dataindex="1" saveTo="3GUARFCN" tableaction="gettext" elementtype="text" />
		<component name=""   action="rowaction" value="JMETEROBJ::systemDetails" compareWith="3G Scrambling Code:" columnindex="1,2" dataindex="1" saveTo="3GScramblingCode" tableaction="gettext" elementtype="text" />
		<component name=""   action="rowaction" value="JMETEROBJ::systemDetails" compareWith="3G Cell ID:" columnindex="1,2" dataindex="1" saveTo="3GCellID" tableaction="gettext" elementtype="text" />
		<component name=""   action="rowaction" value="JMETEROBJ::systemDetails" compareWith="3G Serving Cell:" columnindex="1,2" dataindex="1" saveTo="3GServingCell" tableaction="gettext" elementtype="text" />
	</step>
	<step type="JAVA" name="System Battery" description="System Battery" severity="Blocker">
		<component name="button"   action="click"  xpath="deviceview.systemstatus.tab" xpathInput="2" />
	`	<component name="timer" value="1" />
		<component name=""   action="extract"  type="table"    xpath="deviceview.systemstatus.table" xpathInput="2" saveTo="systemDetails" isHeaderAvailable="no"/>
		<component name=""   action="rowaction" value="JMETEROBJ::systemDetails" compareWith="Battery Capacity:" columnindex="1,2" dataindex="1" saveTo="BatteryCapacity" tableaction="gettext" elementtype="text" />
		<component name=""   action="rowaction" value="JMETEROBJ::systemDetails" compareWith="Battery Temperature:" columnindex="1,2" dataindex="1" saveTo="BatteryTemperature" tableaction="gettext" elementtype="text"/>
		<component name=""   action="rowaction" value="JMETEROBJ::systemDetails" compareWith="Power Mgmt Temperature:" columnindex="1,2" dataindex="1" saveTo="PowerMgmtTemperature" tableaction="gettext" elementtype="text" />
		<component name=""   action="rowaction" value="JMETEROBJ::systemDetails" compareWith="Battery Needs Replacing:" columnindex="1,2" dataindex="1" saveTo="BatteryNeedsReplacing" tableaction="gettext"  elementtype="text" />
		<component name="timer" value="2" />		
	</step>
	
	<step type="JAVA" name="Click Wireless Settings SideMenu" description="Click Wireless Settings SideMenu" severity="Blocker">
		<component name="link"   action="click"      xpath="sidemenu.deviceview.wirelesssettings" />
	</step>
	<step type="JAVA" name="Set Wireless Channel Value" description="Changing Wireless Channel" severity="Blocker">
		<parameter name="WirelessChannel" value="2" />		
		<component name="timer" value="5" />			
		<component name="select"   action="entervalue" xpath="deviceview.wireless-settings.listbox" xpathInput="2" type="custom" value="$$WirelessChannel" />
		<component name="timer" value="1" />	
		<component name="button" action="click" xpath="deviceview.wireless-settings.apply" />	
		<component name="timer" value="4" />		
		<component name="notification" action="validate" xpath="notification.message" compareWith="Wireless Settings: Operation completed successfully" valdesc="Wireless Settings Changed" valkey="Wireless Settings Chnage"/>
		<component name="timer" value="2" />			
	</step>
	<step type="JAVA" name="Click System Status SideMenu" description="Click System Status SideMenu" severity="Blocker">
		<component name="link"   action="click"      xpath="sidemenu.deviceview.systemstatus" />
		<component name="timer" value="3" />
	</step>
	<step type="JAVA" name="System wifi" description="System wifi" severity="Blocker">
		<component name="button"   action="click"  xpath="deviceview.systemstatus.tab" xpathInput="3" />
	`	<component name="timer" value="1" />
		<component name=""   action="extract"  type="table"    xpath="deviceview.systemstatus.table" xpathInput="3" saveTo="systemDetails" isHeaderAvailable="no"/>
		<component name=""   action="rowaction" value="JMETEROBJ::systemDetails" compareWith="Wifi Channel Selected:" columnindex="1,2" dataindex="1" saveTo="wifichannelselectedupdated" tableaction="gettext" elementtype="text" saveAs="string"/>
	</step>
	<step type="JAVA" name="Validate Channel Selected" description="Validate Channel Selected" severity="Blocker">
		<component name=""  action="validatevalues" value="$$WirelessChannel"  xpathInput="4" compareWith="$$wifichannelselectedupdated" valdesc="Verify Channel Selected" valkey="Channel Selected"/>
	</step>
</steps>