<steps>
	<step type="JAVA" name="Verify the device in DB" description="verifies that the device is present in the DB in PROVISIONING_IDENTITY table" severity="Blocker">	
		<component name="db"   action="extract" query="JMETERREP::select dv.cpe_id , bj.start_date , bj.status, bj.status_reason from BJ_DEVICE_JOB_EXECUTION bj, device_business_view dv where batch_job_execution_id = 1000 and bj.device_id = dv.id and bj.status= '4'" saveTo="valueList"/>
		<component name="db"   action="extract" query="JMETERREP::select dv.cpe_id , bj.start_date , bj.status, bj.status_reason from BJ_DEVICE_JOB_EXECUTION bj, device_business_view dv where batch_job_execution_id = 1000 and bj.device_id = dv.id and bj.start_date >= trunc(SYSDATE)- 1/24" saveTo="valueList"/>
		<component name="db"   action="extract" query="JMETERREP::select dv.cpe_id , bj.start_date , bj.status, bj.status_reason from BJ_DEVICE_JOB_EXECUTION bj, device_business_view dv where batch_job_execution_id = 1000 and bj.device_id = dv.id and bj.start_date >= trunc(SYSDATE)- 7" saveTo="valueList"/>
		<component name="db"   action="extract" query="JMETERREP::select dv.cpe_id , bj.start_date , bj.status, bj.status_reason from BJ_DEVICE_JOB_EXECUTION bj, device_business_view dv where batch_job_execution_id = 1000 and bj.device_id = dv.id and bj.start_date BETWEEN NEXT_DAY(TRUNC(sysdate - 7), 'SUN') and TRUNC(sysdate +1)" saveTo="valueList"/>
		<component name="db"   action="extract" query="JMETERREP::select dv.cpe_id , bj.start_date , bj.status, bj.status_reason from BJ_DEVICE_JOB_EXECUTION bj, device_business_view dv where batch_job_execution_id = 1000 and bj.device_id = dv.id and bj.start_date >= trunc(SYSDATE)- 30" saveTo="valueList"/>
		<component name="db"   action="extract" query="JMETERREP::select dv.cpe_id , bj.start_date , bj.status, bj.status_reason from BJ_DEVICE_JOB_EXECUTION bj, device_business_view dv where batch_job_execution_id = 1000 and bj.device_id = dv.id and bj.start_date between add_months(trunc(sysdate,'mm'),-1) and TRUNC(sysdate +1)" saveTo="valueList"/>
		<component name="db"   action="extract" query="JMETERREP::select dv.cpe_id , bj.start_date , bj.status, bj.status_reason from BJ_DEVICE_JOB_EXECUTION bj, device_business_view dv where batch_job_execution_id = 1000 and bj.device_id = dv.id" saveTo="valueList"/>
	</step>
</steps>	
	