<steps>
	<step type="START-DS" name="Start DS" description="Performs - START-DS " severity="Blocker">
		<parameter name="DEVICE_ID" value="device-6744" />
		<parameter name="ACS_IP" value="props::ACS_IP" />
		<parameter name="DEVICE_DATA_MODEL_NAME" value="props::DEVICE_DATA_MODEL_NAME" />
	</step>
	<step type="JAVA" name="Login" description="PrimeHome Login" severity="Blocker">
		<component name="textbox"  action="entervalue" xpath="login.username" value="props::PH_LOGIN_USERNAME"/>
		<component name="textbox"  action="entervalue" xpath="login.password" value="props::PH_LOGIN_PASSWORD" />
		<component name="button" action="click" 	 xpath="login.submit"  />
	</step>
	<step type="JAVA" name="Navigate to Device" description="Navigate to Device" severity="Blocker">
		<component name="textbox"  action="entervalue" xpath="advancedsearch.textbox" value="$$DEVICE_ID"/>
		<component name="button"  action="click" xpath="advancedsearch.findbutton" />
		<component name="timer" value="10" />		
	</step>
	<step type="JAVA" name="Click Wireless Settings SideMenu" description="Click Wireless Settings SideMenu" severity="Blocker">
		<component name="link"   action="click"      xpath="sidemenu.deviceview.wirelesssettings" />
	</step>
	<step type="JAVA" name="Set Wireless Channel Value" description="Changing Wireless Channel" severity="Blocker">
		<parameter name="WirelessChannel" value="3" />		
		<component name="timer" value="5" />			
		<component name="select"   action="entervalue" xpath="deviceview.wireless-settings.listbox" xpathInput="2" type="custom" value="$$WirelessChannel" />
		<component name="timer" value="1" />	
		<component name="button" action="click" xpath="deviceview.wireless-settings.apply" />	
		<component name="timer" value="4" />		
		<component name="notification" action="validate" xpath="notification.message" compareWith="Wireless Settings: Operation completed successfully" valdesc="Wireless Settings Changed" valkey="Wireless Settings Chnage"/>
		<component name="timer" value="2" />			
	</step>
	<step type="JAVA" name="Validate Channel Selected" description="Validate Channel Selected" severity="Blocker">
		<component name=""  action="validate" xpath="deviceview.wireless-settings.channelvalue"  xpathInput="4"	 compareWith="$$WirelessChannel" valdesc="Verify Channel Selected" valkey="Channel Selected"/>
	</step>
	<step type="JAVA" name="Validate Wireless Settings Parameters" description="Validate Wireless Settings Parameters" severity="Blocker">
		<component name="timer" value="2" />
		<component name=""   action="extract" xpath="deviceview.wireless-settings.table"  saveTo="wirelessData" type="table" />
		<component name=""   action="rowaction" value="JMETEROBJ::wirelessData" compareWith="ATT76A3"  saveTo="wirelessSSID" columnindex="1,1" dataindex="1,1" tableaction="getlinktext" elementtype="linktext"/>
		<component name=""   action="validatelist" value="JMETEROBJ::wirelessSSID" compareWith="ATT76A3"  condition="equals" valdesc="Validate SSID" valkey="SSID Name" />
		<component name=""   action="rowaction" value="JMETEROBJ::wirelessData" compareWith="WPA"  saveTo="wirelessType" columnindex="3,3" dataindex="1" tableaction="gettext" elementtype="text"/>
		<component name=""   action="validatelist" value="JMETEROBJ::wirelessType" compareWith="WPA"  condition="equals" valdesc="Validate Wireless Type" valkey="Wireless Type" />
		<component name=""   action="rowaction" value="JMETEROBJ::wirelessData" compareWith="status_enable inline"  saveTo="wirelessStatus" columnindex="4,4" dataindex="1" tableaction="getattribute" attrName="class" elementtype="attribute"/>
		<component name=""   action="validatelist" value="JMETEROBJ::wirelessStatus" compareWith="status_enable inline"  condition="equals" valdesc="Validate Wireless Status" valkey="Wireless Status" />
		
		<component name=""   action="rowaction" value="JMETEROBJ::wirelessData" compareWith="ATT76A3"  saveTo="wirelessSSID" columnindex="1,1" dataindex="1" tableaction="click" elementtype="linktext"/>
		<component name="timer" value="4" />
	</step>
	<step type="JAVA" name="Change Wireless Settings Parameters Value" description="Change Wireless Settings Parameters" severity="Blocker">
		<parameter name="WirelessName" value="ATT6A3_T" />
		<parameter name="WirelessType" value="WEP (low security)" />
		<component name=""   action="extract" xpath="deviceview.wireless-settings.changesettings.table"  saveTo="wirelessSettingsData" type="table" isHeaderAvailable="no"/>
		<component name=""   action="rowaction" value="JMETEROBJ::wirelessSettingsData" compareWith="*"  columnindex="1,2" dataindex="1" tableaction="entervalue" tablevalue="$$WirelessName" elementtype="text" removeTableLastRow="yes"/>		
		<component name=""   action="rowaction" value="JMETEROBJ::wirelessSettingsData" compareWith="Enable Wireless:"  columnindex="1,2" dataindex="1" tableaction="disable" elementtype="text" removeTableLastRow="yes" />		
		<component name=""   action="rowaction" value="JMETEROBJ::wirelessSettingsData" compareWith="SSID Advertisement:"  columnindex="1,2" dataindex="1" tableaction="enable" elementtype="text" removeTableLastRow="yes"/>		
		<component name="select"   action="entervalue" xpath="deviceview.wireless-settings.wirelesstype.listbox" type="custom" value="$$WirelessType" />
		<component name="button" action="click" xpath="deviceview.wireless-settings.save" />
		<component name="timer" value="1" />
	</step>
	<step type="JAVA" name="Click Wireless Settings SideMenu" description="Click Wireless Settings SideMenu" severity="Blocker">
		<component name="link"   action="click"      xpath="sidemenu.deviceview.wirelesssettings" />
	</step>
	<step type="JAVA" name="Validate Wireless Settings Parameters after SPV" description="Validate Wireless Settings Parameters" severity="Blocker">
		<component name="timer" value="5" />
		<component name=""   action="extract" xpath="deviceview.wireless-settings.table"  saveTo="wirelessData" type="table" />
		<component name=""   action="rowaction" value="JMETEROBJ::wirelessData" compareWith="$$WirelessName"  saveTo="wirelessSSIDSPV" columnindex="1,1" dataindex="1,1" tableaction="getlinktext" elementtype="linktext"/>
		<component name=""   action="validatelist" value="JMETEROBJ::wirelessSSIDSPV" compareWith="$$WirelessName"  condition="equals" valdesc="Validate SSID" valkey="SSID Name" />
		<component name=""   action="rowaction" value="JMETEROBJ::wirelessData" compareWith="$$WirelessType"  saveTo="wirelessTypeSPV" columnindex="3,3" dataindex="1" tableaction="gettext" elementtype="text"/>
		<component name=""   action="validatelist" value="JMETEROBJ::wirelessTypeSPV" compareWith="$$WirelessType"  condition="equals" valdesc="Validate Wireless Type" valkey="Wireless Type" />
		<component name=""   action="rowaction" value="JMETEROBJ::wirelessData" compareWith="error inline"  saveTo="wirelessStatusSPV" columnindex="4,4" dataindex="1" tableaction="getattribute" attrName="class" elementtype="attribute"/>
		<component name=""   action="validatelist" value="JMETEROBJ::wirelessStatusSPV" compareWith="error inline"  condition="equals" valdesc="Validate Wireless Status" valkey="Wireless Status" />		
		<component name="timer" value="2" />
		<component name=""   action="rowaction" value="JMETEROBJ::wirelessData" compareWith="$$WirelessName"  saveTo="wirelessSSID" columnindex="1,1" dataindex="1" tableaction="click" elementtype="linktext"/>
		<component name="timer" value="4" />
	</step>
	<step type="JAVA" name="Validate Wireless Settings Passphrase" description="Validate Wireless Settings Passphrase" severity="Blocker">
	
		<component name="textbox"  action="entervalue" xpath="deviceview.wireless-settings.wirelesspassword.textbox" value="1234"/>
		<component name="button" action="click" xpath="deviceview.wireless-settings.save" />		
		<component name="timer" value="3" />		
		<component name="notification" action="validate" xpath="notification.message" compareWith="Wireless Settings: Wireless Password must be 10 or 26 hexadecimal characters long" valdesc="Validate Wireless Settings Passphrase" valkey="Passphrase Error Message" />
	</step>
	

</steps>	
	