<steps>
	<step type="START-DS" name="Start DS" description="Performs - START-DS " severity="Blocker">
		<parameter name="DEVICE_ID" value="device-6743" />
		<parameter name="ACS_IP" value="props::ACS_IP" />
		<parameter name="DEVICE_DATA_MODEL_NAME" value="props::DEVICE_DATA_MODEL_NAME" />
	</step>
	<step type="JAVA" name="Login" description="PrimeHome Login" severity="Blocker">
		<component name="textbox"  action="entervalue" xpath="login.username" value="props::PH_LOGIN_USERNAME"/>
		<component name="textbox"  action="entervalue" xpath="login.password" value="props::PH_LOGIN_PASSWORD" />
		<component name="button" action="click" 	 xpath="login.submit"  />
	</step>
	<step type="JAVA" name="Navigate to Device" description="Navigate to Device" severity="Blocker">
		<component name="textbox"  action="entervalue" xpath="advancedsearch.textbox" value="$$DEVICE_ID"/>
		<component name="button"  action="click" xpath="advancedsearch.findbutton" />
		<component name="timer" value="10" />		
	</step>
	<step type="JAVA" name="Click Speed Test SideMenu" description="Click Speed Test SideMenu" severity="Blocker">
		<component name="link"   action="click"      xpath="sidemenu.deviceview.speedtest" />
	</step>
	<step type="JAVA" name="Perform Speed Test : Ethernet" description="Perform Speed Test for Ethernet" severity="Blocker">
		<component name="select"   action="entervalue" xpath="deviceview.speedtest.listbox" type="custom" value="Ethernet" />	
		<component name="button"  action="click" xpath="deviceview.speedtest.start.button" />	
		<component name="timer" value="5" />
		<!-- <component name="link"   action="click"      xpath="sidemenu.deviceview.speedtest" /> -->
		<component name=""   action="waituntilelementvisible" xpath="deviceview.speedtest.start.button" maxwaittime="300" refreshinterval="5" attrName="class" compareWith="v-button" saveTo="EthernetResult" value="Speed test Operation for upload and download completed successfully" type="attribute"/>			
		<component name="" type="string"  action="extract" xpath="deviceview.speedtest.latency" saveTo="ethernetlatency"/>
		<component name="" type="string"  action="extract" xpath="deviceview.speedtest.datetime" saveTo="ethernettime"/>
		<component name="" type="string"  action="extract" xpath="deviceview.speedtest.download" saveTo="downloadvalue"/>
		<component name="" type="string"  action="extract" xpath="deviceview.speedtest.upload" saveTo="uploadvalue"/>
		<component name=""  action="validatevalues" value="$$EthernetResult" compareWith="Speed test Operation for upload and download completed successfully" valdesc="Verify Speed Test Operation completed successfully" valkey="Speed Test Result" />	
		<component name="timer" value="3" />	
	</step>
	<step type="JAVA" name="Perform Speed Test : 3G" description="Perform Speed Test for interface 3G" severity="Blocker">
		<component name="select"   action="entervalue" xpath="deviceview.speedtest.listbox" type="custom" value="3G" />	
		<component name="button"  action="click" xpath="deviceview.speedtest.start.button" />	
		<component name="timer" value="2" />
		<!-- <component name="link"   action="click"      xpath="sidemenu.deviceview.speedtest" />		 -->
		<component name=""   action="waituntilelementvisible" xpath="deviceview.speedtest.start.button" maxwaittime="300" refreshinterval="10" attrName="class" compareWith="v-button" saveTo="3gResult" value="Speed test Operation for upload and download completed successfully" type="attribute"/>			
		<component name="" type="string"  action="extract" xpath="deviceview.speedtest.latency" saveTo="3glatency"/>
		<component name="" type="string"  action="extract" xpath="deviceview.speedtest.datetime" saveTo="3gtime"/>
		<component name="" type="string"  action="extract" xpath="deviceview.speedtest.download" saveTo="downloadvalue"/>
		<component name="" type="string"  action="extract" xpath="deviceview.speedtest.upload" saveTo="uploadvalue"/>		
		<component name=""  action="validatevalues" value="$$3gResult" compareWith="Speed test Operation for upload and download completed successfully" valdesc="Verify Speed Test Operation completed successfully" valkey="Speed Test Result" />	
		<component name="timer" value="3" />			
	</step>
	
	
</steps>	
	