<steps>
	<step type="START-DS" name="Start DS" description="Performs - START-DS " severity="Blocker">
		<parameter name="DEVICE_ID" value="user-device-6752" />
		<parameter name="ACS_IP" value="props::ACS_IP" />
		<parameter name="DEVICE_DATA_MODEL_NAME" value="props::DEVICE_DATA_MODEL_NAME" />
	</step>
	<step type="JAVA" name="Login" description="PrimeHome Login" severity="Blocker">
		<component name="textbox"  action="entervalue" xpath="login.username" value="props::PH_LOGIN_USERNAME"/>
		<component name="textbox"  action="entervalue" xpath="login.password" value="props::PH_LOGIN_PASSWORD" />
		<component name="button" action="click" 	 xpath="login.submit"  />
	</step>	
	<step type="JAVA" name="Click Dashboard Tab" description="Click Dashboard Tab" severity="Blocker">
		<component name="link"   action="click"      xpath="tab.dashboard" />
	</step>
	<step type="JAVA" name="Click Search Devices SideMenu" description="Click Search Devices SideMenu" severity="Blocker">
		<component name="link"   action="click"      xpath="sidemenu.dashboard.searchdevices" />
	</step>
	<step type="JAVA" name="Navigate to device" description="Navigate to device" severity="Blocker">
		<parameter name="SerialNumber" value="'Serial Number'='user-device-6752'" />	
		<component name="textbox"  action="entervalue" xpath="operations.devicemanagement.query" value="$$SerialNumber"/>
		<component name="button"  action="click" xpath="operations.devicemanagement.query.find" />
		<component name="timer" value="2" />
		<component name="button"  action="click" xpath="dashboard.searchdevices.quicksearch.device" xpathInput="$$DEVICE_ID"/>
		<component name="timer" value="20" />
	</step>
	<step type="JAVA" name="Check Device Status" description="Device View Portlet" severity="Blocker">
		<component name=""  action="save" xpath="deviceview.device.status" saveTo="deviceOnline" attrName="class" compareWith="dvCircle circle-green" valdesc="Device View Portlet : Device Online" valkey="Device Status"/>		
		<component name="timer" value="3" />
	</step>
	<step type="JAVA" name="Click Administration Tab" description="Click Administration Tab" severity="Blocker">
		<component name="link"   action="click"      xpath="tab.administration" />
	</step>
	<step type="JAVA" name="Click User Groups SideMenu" description="Click User Groups SideMenu" severity="Blocker">
		<component name="link"   action="click"      xpath="sidemenu.administration.usergroups" />
	</step>
	<step type="JAVA" name="Create User Groups" description="Create User Groups" severity="Blocker">
		<component name="timer" value="2" />
		<component name="button"   action="click"  xpath="administration.usergroups.add.button" />
		<component name="timer" value="1" />
		<component name="textbox"   action="entervalue"  xpath="administration.usergroups.add.name" value="ugroup" />
		<component name="button"   action="click"  xpath="administration.usergroups.add.save" xpathInput="Save"/>
		<component name="timer" value="2" />
		<component name="notification" action="validate" xpath="administration.usergroups.add.notification" compareWith="Your request completed successfully." condition="contains" valdesc="New User Groups Creation " valkey="User Groups"/>	
		
	</step>
	<step type="JAVA" name="Click User Groups SideMenu" description="Click User Groups SideMenu" severity="Blocker">
		<component name="link"   action="click"      xpath="sidemenu.administration.usergroups" />
		<component name="timer" value="3" />
	</step>
	<step type="JAVA" name="Edit User Groups" description="Edit User Groups" severity="Blocker">
		<parameter name="UserGroupName" value="ugroupnew" />
		<component name="timer" value="2" />
		<component name="textbox"   action="entervalue"  xpath="administration.usergroups.enter.searchname" value="ugroup" />
		<component name="button"   action="click"  xpath="administration.usergroups.add.search" />
		<component name="timer" value="3" />
		<component name="link"   action="click"  xpath="administration.usergroups.actions.button" />
		<component name="button"   action="click"  xpath="administration.usergroups.select.actions" xpathInput="1" />
		<component name="timer" value="2" />
		<component name="textbox"   action="entervalue"  xpath="administration.usergroups.add.name" value="$$UserGroupName" />
		<component name="button"   action="click"  xpath="administration.usergroups.add.save" xpathInput="Save"/>
		<component name="timer" value="2" />
		<component name="notification" action="validate" xpath="administration.usergroups.add.notification" compareWith="Your request completed successfully."  valdesc="New User Groups Creation " valkey="User Groups"/>	
		<component name="timer" value="2" />
	</step> 
	<step type="JAVA" name="Check Permission on Roles" description="Check Permission on Roles" severity="Blocker">	
		<component name="timer" value="2" />
		<component name="textbox"   action="entervalue"  xpath="administration.usergroups.enter.searchname" value="$$UserGroupName" />
		<component name="button"   action="click"  xpath="administration.usergroups.add.search" />
		<component name="timer" value="3" />
		<component name="link"   action="click"  xpath="administration.usergroups.actions.button" />
		<component name="button"   action="click"  xpath="administration.usergroups.select.actions" xpathInput="2" />
		<component name="timer" value="7" />
		<component name=""   action="extract" type="table" xpath="administration.usergroups.permissions.table" saveTo="userPermissionTable" />
		<component name=""   action="rowaction" value="JMETEROBJ::userPermissionTable" compareWith="Owner" columnindex="1,2" dataindex="1" tableaction="getattribute" elementtype="text" attrName="checked" eliminaterow="1"/>
		<component name=""   action="validatevalues" value="$$checked" compareWith="true" valdesc="User Group Permission for Assign Members Roles" valkey="Assign Members"/>
		<component name=""   action="rowaction" value="JMETEROBJ::userPermissionTable" compareWith="Owner" columnindex="1,3" dataindex="1" tableaction="getattribute" elementtype="text" attrName="checked" eliminaterow="1"/>
		<component name=""   action="validatevalues" value="$$checked" compareWith="true" valdesc="User Group Permission for Delete Roles" valkey="Delete"/>
		<component name=""   action="rowaction" value="JMETEROBJ::userPermissionTable" compareWith="Owner" columnindex="1,4" dataindex="1" tableaction="getattribute" elementtype="text" attrName="checked" eliminaterow="1"/>
		<component name=""   action="validatevalues" value="$$checked" compareWith="true" valdesc="User Group Permission for Manage Announcements Roles" valkey="Manage Announcements"/>
		<component name=""   action="rowaction" value="JMETEROBJ::userPermissionTable" compareWith="Owner" columnindex="1,5" dataindex="1" tableaction="getattribute" elementtype="text" attrName="checked" eliminaterow="1"/>
		<component name=""   action="validatevalues" value="$$checked" compareWith="true" valdesc="User Group Permissions" valkey="Permissions"/>
		<component name=""   action="rowaction" value="JMETEROBJ::userPermissionTable" compareWith="Owner" columnindex="1,6" dataindex="1" tableaction="getattribute" elementtype="text" attrName="checked" eliminaterow="1"/>
		<component name=""   action="validatevalues" value="$$checked" compareWith="true" valdesc="User Group Permission for Manage Pages Roles" valkey="Manage Pages"/>
		<component name=""   action="rowaction" value="JMETEROBJ::userPermissionTable" compareWith="Owner" columnindex="1,7" dataindex="1" tableaction="getattribute" elementtype="text" attrName="checked" eliminaterow="1"/>
		<component name=""   action="validatevalues" value="$$checked" compareWith="true" valdesc="User Group Permission for Update Roles" valkey="Update"/>
		<component name=""   action="rowaction" value="JMETEROBJ::userPermissionTable" compareWith="Owner" columnindex="1,8" dataindex="1" tableaction="getattribute" elementtype="text" attrName="checked" eliminaterow="1"/>
		<component name=""   action="validatevalues" value="$$checked" compareWith="true" valdesc="User Group Permission for View Roles" valkey="View"/>
		<component name="timer" value="3" />
		<component name="button"   action="click"  xpath="administration.usergroups.tabs.back" xpathInput="86"/>
		<component name="timer" value="1" />	
	</step>
	<!-- <step type="JAVA" name="Check Manage Pages" description="Check Manage Pages" severity="Blocker">
		<parameter name="pageName" value="newtestpage" />
		<component name="timer" value="2" />
		<component name="textbox"   action="entervalue"  xpath="administration.usergroups.enter.searchname" value="$$UserGroupName" />
		<component name="button"   action="click"  xpath="administration.usergroups.add.search" />
		<component name="timer" value="1" />
		<component name="button"   action="click"  xpath="administration.usergroups.actions.button" />
		<component name="button"   action="click"  xpath="administration.usergroups.select.actions" xpathInput="3" />
		<component name="timer" value="2" />
		<component name="textbox"   action="entervalue"  xpath="administration.usergroups.managepage.name" value="$$pageName" />
		<component name="button"   action="click"  xpath="administration.usergroups.input.button" xpathInput="Add Page" />
		<component name="timer" value="2" />
		<component name="notification" action="validate" xpath="administration.usergroups.add.notification" compareWith="Your request completed +."  valdesc="New User Groups Add page " valkey="Add Page"/>	
		<component name="timer" value="2" />
		<component name="button"   action="click"  xpath="administration.usergroups.tabs.back" xpathInput="127"/>
		<component name="timer" value="1" />	
	</step> -->
 	<step type="JAVA" name="Check Assign Members" description="Check Assign Members" severity="Blocker">	
		<component name="timer" value="2" />
		<component name="textbox"   action="entervalue"  xpath="administration.usergroups.enter.searchname" value="panadmin" />
		<component name="button"   action="click"  xpath="administration.usergroups.add.search" />
		<component name="timer" value="3" />
		<component name="link"   action="click"  xpath="administration.usergroups.actions.button" />
		<component name="button"   action="click"  xpath="administration.usergroups.select.actions" xpathInput="5" />		
		<component name="timer" value="2" />
		<component name="button"   action="click"  xpath="administration.usergroups.assignmembers.available" />
		<component name="timer" value="5" />
		<component name=""   action="extract" type="table" xpath="administration.usergroups.assignmembers.available.table" saveTo="userMemberAvailableTable" isHeaderAvailable="no"/>
		<component name=""   action="columnvalidate"  value="JMETEROBJ::userMemberAvailableTable" columnindex="2" />
		<component name="button"   action="click"  xpath="administration.usergroups.tabs.back" xpathInput="127"/>
		<component name="timer" value="3" />	
		
		
		<component name="textbox"   action="entervalue"  xpath="administration.usergroups.enter.searchname" value="pancsr" />
		<component name="button"   action="click"  xpath="administration.usergroups.add.search" />
		<component name="timer" value="3" />
		<component name="link"   action="click"  xpath="administration.usergroups.actions.button" />
		<component name="button"   action="click"  xpath="administration.usergroups.select.actions" xpathInput="5" />		
		<component name="timer" value="2" />
		<component name="button"   action="click"  xpath="administration.usergroups.assignmembers.available" />
		<component name="timer" value="2" />
		<component name=""   action="extract" type="table" xpath="administration.usergroups.assignmembers.available.table" saveTo="userMemberAvailableTable" isHeaderAvailable="no" />
		<component name=""   action="columnvalidate"  value="JMETEROBJ::userMemberAvailableTable" columnindex="2" />
		<component name="button"   action="click"  xpath="administration.usergroups.tabs.back" xpathInput="127"/>
		<component name="timer" value="3" />
		
		<component name="textbox"   action="entervalue"  xpath="administration.usergroups.enter.searchname" value="panhelpdesk" />
		<component name="button"   action="click"  xpath="administration.usergroups.add.search" />
		<component name="timer" value="3" />
		<component name="link"   action="click" xpath="administration.usergroups.actions.button" />
		<component name="button"   action="click"  xpath="administration.usergroups.select.actions" xpathInput="5" />		
		<component name="timer" value="2" />
		<component name="button"   action="click"  xpath="administration.usergroups.assignmembers.available" />
		<component name="timer" value="2" />
		<component name=""   action="extract" type="table" xpath="administration.usergroups.assignmembers.available.table" saveTo="userMemberAvailableTable" isHeaderAvailable="no"  />
		<component name=""   action="columnvalidate"  value="JMETEROBJ::userMemberAvailableTable" columnindex="2" />
		<component name="button"   action="click"  xpath="administration.usergroups.tabs.back" xpathInput="127"/>
		<component name="timer" value="3" />>	
		
		<component name="textbox"   action="entervalue"  xpath="administration.usergroups.enter.searchname" value="panoperations" />
		<component name="button"   action="click"  xpath="administration.usergroups.add.search" />
		<component name="timer" value="3" />
		<component name="link"   action="click"  xpath="administration.usergroups.actions.button" />
		<component name="button"   action="click"  xpath="administration.usergroups.select.actions" xpathInput="5" />		
		<component name="timer" value="2" />
		<component name="button"   action="click"  xpath="administration.usergroups.assignmembers.available" />
		<component name="timer" value="2" />
		<component name=""   action="extract" type="table" xpath="administration.usergroups.assignmembers.available.table" saveTo="userMemberAvailableTable" isHeaderAvailable="no"  />
		<component name=""   action="columnvalidate"  value="JMETEROBJ::userMemberAvailableTable" columnindex="2" />
		<component name="button"   action="click"  xpath="administration.usergroups.tabs.back" xpathInput="127"/>
		<component name="timer" value="3" />
		
		<component name="textbox"   action="entervalue"  xpath="administration.usergroups.enter.searchname" value="pansystem" />
		<component name="button"   action="click"  xpath="administration.usergroups.add.search" />
		<component name="timer" value="3" />
		<component name="link"   action="click"  xpath="administration.usergroups.actions.button" />
		<component name="button"   action="click"  xpath="administration.usergroups.select.actions" xpathInput="5" />		
		<component name="timer" value="2" />
		<component name="button"   action="click"  xpath="administration.usergroups.assignmembers.available" />
		<component name="timer" value="2" />
		<component name=""   action="extract" type="table" xpath="administration.usergroups.assignmembers.available.table" saveTo="userMemberAvailableTable" isHeaderAvailable="no"  />
		<component name=""   action="columnvalidate"  value="JMETEROBJ::userMemberAvailableTable" columnindex="2" />
		<component name="button"   action="click"  xpath="administration.usergroups.tabs.back" xpathInput="127"/>
		<component name="timer" value="3" />	
		
	<!-- 	<component name="textbox"   action="entervalue"  xpath="administration.usergroups.assignmembers.name" value="automation automation" />
		<component name="button"   action="click"  xpath="administration.usergroups.assignmembers.search" />
		<component name="timer" value="1" />
		<component name="checkbox"   action="enable"  xpath="administration.usergroups.assignmembers.checkall" xpathInput="1"/>
		<component name="timer" value="1" />
		<component name="button"   action="click"  xpath="administration.usergroups.input.button" xpathInput="Update Associations"/>
		<component name="timer" value="2" />
		<component name="notification" action="validate" xpath="administration.usergroups.add.notification" compareWith="Your request processed successfully."  valdesc="New User Groups Assign Members " valkey="Assign Members"/>	
		<component name="timer" value="2" /> -->
	</step>
	<step type="JAVA" name="Click User Groups SideMenu" description="Click User Groups SideMenu" severity="Blocker">
		<component name="link"   action="click"      xpath="sidemenu.administration.usergroups" />
		<component name="timer" value="3" />
	</step>
 	
	<step type="JAVA" name="Delete User Groups" description="Delete User Groups" severity="Blocker">
		<component name="timer" value="2" />
		<component name="textbox"   action="entervalue"  xpath="administration.usergroups.enter.searchname" value="$$UserGroupName" />
		<component name="button"   action="click"  xpath="administration.usergroups.add.search" />
		<component name="timer" value="3" />
		<component name="link"   action="click"  xpath="administration.usergroups.actions.button" />
		<component name="button"   action="click"  xpath="administration.usergroups.select.actions" xpathInput="6" />		
		<component name="timer" value="2" />
		<component name=""   action="alert"  />
		<component name="timer" value="1" />
	</step> 
</steps>