<steps>
	<step type="START-DS" name="Start DS" description="Performs - START-DS " severity="Blocker">
		<parameter name="DEVICE_ID" value="wan-device-6742" />
		<parameter name="ACS_IP" value="props::ACS_IP" />
		<parameter name="DEVICE_DATA_MODEL_NAME" value="props::DEVICE_DATA_MODEL_NAME" />
	</step>
	<step type="JAVA" name="Login" description="PrimeHome Login" severity="Blocker">
		<component name="textbox"  action="entervalue" xpath="login.username" value="props::PH_LOGIN_USERNAME"/>
		<component name="textbox"  action="entervalue" xpath="login.password" value="props::PH_LOGIN_PASSWORD" />
		<component name="button" action="click" 	 xpath="login.submit"  />
	</step>	
	<step type="JAVA" name="Click Dashboard Tab" description="Click Dashboard Tab" severity="Blocker">
		<component name="link"   action="click"      xpath="tab.dashboard" />
	</step>
	<step type="JAVA" name="Click Search Devices SideMenu" description="Click Search Devices SideMenu" severity="Blocker">
		<component name="link"   action="click"      xpath="sidemenu.dashboard.searchdevices" />
	</step>
	<step type="JAVA" name="Navigate to device" description="Navigate to device" severity="Blocker">
		<parameter name="SerialNumber" value="'Serial Number'='wan-device-6742'" />	
		<component name="textbox"  action="entervalue" xpath="operations.devicemanagement.query" value="$$SerialNumber"/>
		<component name="button"  action="click" xpath="operations.devicemanagement.query.find" />
		<component name="timer" value="2" />
		<component name="button"  action="click" xpath="dashboard.searchdevices.quicksearch.device" xpathInput="$$DEVICE_ID"/>
		<component name="timer" value="20" />
	</step>
	<step type="JAVA" name="Check Device Status" description="Device View Portlet" severity="Blocker">
		<component name=""  action="save" xpath="deviceview.device.status" saveTo="deviceOnline" attrName="class" compareWith="dvCircle circle-green" valdesc="Device View Portlet : Device Online" valkey="Device Status"/>		
		<component name="timer" value="3" />
	</step>	
	<step type="JAVA" name="Click WAN Connectivity SideMenu" description="Click WAN Connectivity SideMenu" severity="Blocker">
		<component name="link"   action="click"      xpath="sidemenu.deviceview.wanconnectivity" />
		<component name="timer" value="3" />
	</step>
	<step type="JAVA" name="Validate WAN Connectivity Tabs" description="Validate WAN Connectivity Tabs" severity="Blocker">
		<component name=""   action="extract"  type="string"    xpath="deviceview.wanconnectivity.tab" xpathInput="1" saveTo="ethernet" />
		<component name=""   action="validatevalues"  value="$$ethernet"  compareWith="Ethernet" valdesc="Ethernet Tab to be present" valkey="Ethernet Tab"/>		
		<component name=""   action="extract"  type="string"    xpath="deviceview.wanconnectivity.tab" xpathInput="2" saveTo="3g" />
		<component name=""   action="validatevalues"  value="$$3g"  compareWith="3G" valdesc="3G Tab to be present" valkey="3G Tab"/>
		<component name="timer" value="3" />
	</step>
	<step type="JAVA" name="Ethernet Connection1 MACAddress" description="Ethernet Connection-1 MACAddress" severity="Blocker">
		<component name="button"   action="click"  xpath="deviceview.wanconnectivity.tab" xpathInput="1" />
	`	<component name="timer" value="1" />
		<component name=""   action="extract"  type="table"    xpath="deviceview.wanconnectivity.tab.macaddresss" xpathInput="1,1" saveTo="MACAddr" isHeaderAvailable="no"/>
		<component name=""   action="rowaction" value="JMETEROBJ::MACAddr" compareWith="MAC Address:" columnindex="1,2" dataindex="1" saveTo="MAC Address" tableaction="gettext" elementtype="text" />		
	</step>
	<!-- connection 1 -->
	<step type="JAVA" name="Ethernet Connection1" description="Ethernet Connection-1" severity="Blocker">
		<!-- connection enabled -->
		<component name=""   action="extract"  type="table"    xpath="deviceview.wanconnectivity.tab.ethernet" xpathInput="1,1,1,1" saveTo="ethernetConnectionTable" isHeaderAvailable="no"/>
		<component name=""   action="rowaction" value="JMETEROBJ::ethernetConnectionTable" compareWith="Connection Enabled:" columnindex="1,2" dataindex="1" tableaction="getattribute" attrName="class" elementtype="text" />
		
		<if value1="$$class" value2="status_enable inline" condition="equals">
		<component name=""   action="validatevalues" value="$$class" compareWith="status_enable inline"  valdesc="Validate Connection Enabled" valkey="Connection Enabled"/>
		</if>
		<if value1="$$class" value2="inline error" condition="equals">
		<component name=""   action="validatevalues" value="$$class" compareWith="inline error"  valdesc="Validate Connection Enabled" valkey="Connection Enabled"/>
		</if>	
		<!-- ethernet connection status		 -->
		<component name=""   action="rowaction" value="JMETEROBJ::ethernetConnectionTable" compareWith="Connection Status:" columnindex="1,2" dataindex="1" tableaction="gettext" elementtype="text" saveTo="connectionStatus" saveAs="string"/>
		<if value1="$$connectionStatus" value2="CONNECTED" condition="equals">
		<component name=""   action="validatevalues" value="$$connectionStatus" compareWith="CONNECTED"  valdesc="Validate Connection Status" valkey="Connection Status" />
		</if>
		<if value1="$$connectionStatus" value2="UNCONFIGURED" condition="equals">
		<component name=""   action="validatevalues" value="$$connectionStatus" compareWith="UNCONFIGURED"  valdesc="Validate Connection Status" valkey="Connection Status" />
		</if>
		<!-- Nat enabled -->
		<component name=""   action="rowaction" value="JMETEROBJ::ethernetConnectionTable" compareWith="Nat Enabled:" columnindex="1,2" dataindex="1" tableaction="getcheckboxstatus" elementtype="text" saveTo="NatEnabled" saveAs="string"/>
		<if value1="$$NatEnabled" value2="checked" condition="equals">
		<component name=""   action="validatevalues" value="$$NatEnabled" compareWith="checked"  valdesc="Validate Nat Enabled" valkey="Nat Enabled" />
		</if>
		<if value1="$$NatEnabled" value2="notchecked" condition="equals">
		<component name=""   action="validatevalues" value="$$NatEnabled" compareWith="notchecked"  valdesc="Validate Nat Enabled" valkey="Nat Enabled" />
		</if>
		<!-- DNS Enabled -->
		<component name=""   action="rowaction" value="JMETEROBJ::ethernetConnectionTable" compareWith="DNS Enabled:" columnindex="1,2" dataindex="1" tableaction="getcheckboxstatus" elementtype="text" saveTo="DNSEnabled" saveAs="string"/>
		<if value1="$$DNSEnabled" value2="checked" condition="equals">
		<component name=""   action="validatevalues" value="$$DNSEnabled" compareWith="checked"  valdesc="Validate DNS Enabled" valkey="DNS Enabled" />
		</if>
		<if value1="$$DNSEnabled" value2="notchecked" condition="equals">
		<component name=""   action="validatevalues" value="$$DNSEnabled" compareWith="notchecked"  valdesc="Validate DNS Enabled" valkey="DNS Enabled" />
		</if>
		<component name="timer" value="3" />
		<!-- Addressing Type -->
		<component name=""   action="extract" type="string" xpath="deviceview.wanconnectivity.addresstype" xpathInput="1,1,1,2" saveTo="addressingType" />
		<if value1="$$addressingType" value2="static" condition="equals">
		<component name=""   action="validatevalues" value="$$addressingType" compareWith="static"  valdesc="Validate Addressing Type" valkey="Addressing Type" />
		</if>
		<if value1="$$addressingType" value2="dhcp" condition="equals">
		<component name=""   action="validatevalues" value="$$addressingType" compareWith="DHCP"  valdesc="Validate Addressing Type" valkey="Addressing Type" />
		</if>
		<component name="timer" value="3" />
	<!-- 	<component name=""   action="extract" type="table" xpath="deviceview.wanconnectivity.ipdetails" xpathInput="1,1,1,2,2" saveTo="c1ipaddr" isHeaderAvailable="no"/>
		<component name=""   action="specifedrow" value="JMETEROBJ::c1ipaddr" rowindex="1" saveTo="ipadd" tableaction="appendtablecolumn" elementtype="text" />
		 -->
		
			<!-- DNS SERVER -->
		<component name=""   action="extract" type="string" xpath="deviceview.wanconnectivity.dnsserver" xpathInput="1,1,1,1,1" saveTo="dnsserver" />
		<if value1="$$dnsserver" value2="Manually Configure DNS Servers" condition="equals">
		<component name=""   action="validatevalues" value="$$dnsserver" compareWith="Manually Configure DNS Servers"  valdesc="Validate DNS Server" valkey="DNS Server" />
		</if>
		<if value1="$$dnsserver" value2="dns" condition="equals">
		<component name=""   action="validatevalues" value="$$dnsserver" compareWith="dns"  valdesc="Validate DNS Server" valkey="DNS Server" />
		</if>
		<component name="timer" value="3" />
		
		
	</step>
	<!-- connection 1-2 -->
	<step type="JAVA" name="Ethernet Connection2" description="Ethernet Connection-1-2" severity="Blocker">
		<!-- connection enabled -->
		<component name=""   action="extract"  type="table"    xpath="deviceview.wanconnectivity.tab.ethernet" xpathInput="1,1,1,2" saveTo="ethernetConnectionTable" isHeaderAvailable="no"/>
		<component name=""   action="rowaction" value="JMETEROBJ::ethernetConnectionTable" compareWith="Connection Enabled:" columnindex="1,2" dataindex="1" tableaction="getattribute" attrName="class" elementtype="text" />
		
		<if value1="$$class" value2="inline status_enable" condition="equals">
		<component name=""   action="validatevalues" value="$$class" compareWith="inline status_enable"  valdesc="Validate Connection Enabled" valkey="Connection Enabled"/>
		</if>
		<if value1="$$class" value2="inline error" condition="equals">
		<component name=""   action="validatevalues" value="$$class" compareWith="inline error"  valdesc="Validate Connection Enabled" valkey="Connection Enabled"/>
		</if>	
		<!-- ethernet connection status		 -->
		<component name=""   action="rowaction" value="JMETEROBJ::ethernetConnectionTable" compareWith="Connection Status:" columnindex="1,2" dataindex="1" tableaction="gettext" elementtype="text" saveTo="connectionStatus1" saveAs="string"/>
		<if value1="$$connectionStatus1" value2="CONNECTED" condition="equals">
		<component name=""   action="validatevalues" value="$$connectionStatus1" compareWith="CONNECTED"  valdesc="Validate Connection Status" valkey="Connection Status" />
		</if>
		<if value1="$$connectionStatus1" value2="UNCONFIGURED" condition="equals">
		<component name=""   action="validatevalues" value="$$connectionStatus1" compareWith="UNCONFIGURED"  valdesc="Validate Connection Status" valkey="Connection Status" />
		</if>
		<!-- Nat enabled -->
		<component name=""   action="rowaction" value="JMETEROBJ::ethernetConnectionTable" compareWith="Nat Enabled:" columnindex="1,2" dataindex="1" tableaction="getcheckboxstatus" elementtype="text" saveTo="NatEnabled1" saveAs="string"/>
		<if value1="$$NatEnabled1" value2="checked" condition="equals">
		<component name=""   action="validatevalues" value="$$NatEnabled1" compareWith="checked"  valdesc="Validate Nat Enabled" valkey="Nat Enabled" />
		</if>
		<if value1="$$NatEnabled1" value2="notchecked" condition="equals">
		<component name=""   action="validatevalues" value="$$NatEnabled1" compareWith="notchecked"  valdesc="Validate Nat Enabled" valkey="Nat Enabled" />
		</if>
		<!-- DNS Enabled -->
		<component name=""   action="rowaction" value="JMETEROBJ::ethernetConnectionTable" compareWith="DNS Enabled:" columnindex="1,2" dataindex="1" tableaction="getcheckboxstatus" elementtype="text" saveTo="DNSEnabled1" saveAs="string"/>
		<if value1="$$DNSEnabled1" value2="checked" condition="equals">
		<component name=""   action="validatevalues" value="$$DNSEnabled1" compareWith="checked"  valdesc="Validate DNS Enabled" valkey="DNS Enabled" />
		</if>
		<if value1="$$DNSEnabled1" value2="notchecked" condition="equals">
		<component name=""   action="validatevalues" value="$$DNSEnabled1" compareWith="notchecked"  valdesc="Validate DNS Enabled" valkey="DNS Enabled" />
		</if>
		<component name="timer" value="3" />
		<!-- addressingType -->
		<component name=""   action="extract" type="string" xpath="deviceview.wanconnectivity.addresstype" xpathInput="1,1,2,2" saveTo="addressingType" />
		<if value1="$$addressingType" value2="static" condition="equals">
		<component name=""   action="validatevalues" value="$$addressingType" compareWith="static"  valdesc="Validate Addressing Type" valkey="Addressing Type" />
		</if>
		<if value1="$$addressingType" value2="dhcp" condition="equals">
		<component name=""   action="validatevalues" value="$$addressingType" compareWith="DHCP"  valdesc="Validate Addressing Type" valkey="Addressing Type" />
		</if>
		<component name="timer" value="3" />
		<!-- DNS Server -->
		<component name=""   action="extract" type="string" xpath="deviceview.wanconnectivity.dnsserver" xpathInput="1,1,2,1,2" saveTo="dnsserver" />
		<if value1="$$dnsserver" value2="Manually Configure DNS Servers" condition="equals">
		<component name=""   action="validatevalues" value="$$dnsserver" compareWith="Manually Configure DNS Servers"  valdesc="Validate DNS Server" valkey="DNS Server" />
		</if>
		<if value1="$$dnsserver" value2="dns" condition="equals">
		<component name=""   action="validatevalues" value="$$dnsserver" compareWith="dns"  valdesc="Validate DNS Server" valkey="DNS Server" />
		</if>
		<component name="timer" value="3" />
	</step>
	
	<!-- 3G Connection -->
	
	<step type="JAVA" name="3gConnectionMACAddress" description="3G Connection-2-1 MACAddress" severity="Blocker">
		<component name="button"   action="click"  xpath="deviceview.wanconnectivity.tab" xpathInput="2" />
	`	<component name="timer" value="1" />
		<component name=""   action="extract"  type="table"    xpath="deviceview.wanconnectivity.tab.macaddresss" xpathInput="2,2" saveTo="3gMACAddr" isHeaderAvailable="no"/>
		<component name=""   action="rowaction" value="JMETEROBJ::3gMACAddr" compareWith="MAC Address:" columnindex="1,2" dataindex="1" saveTo="3GMACAddress" tableaction="gettext" elementtype="text" />		
	</step>
	<!-- connection 1 -->
	<step type="JAVA" name="3gConnection" description="3g Connection-2-1" severity="Blocker">
		<!-- connection enabled -->
		<component name=""   action="extract"  type="table"    xpath="deviceview.wanconnectivity.tab.ethernet" xpathInput="2,2,2,1" saveTo="3gConnectionTable" isHeaderAvailable="no"/>
		<component name=""   action="rowaction" value="JMETEROBJ::3gConnectionTable" compareWith="Connection Enabled:" columnindex="1,2" dataindex="1" tableaction="getattribute" attrName="class" elementtype="text" />
		
		<if value1="$$class" value2="inline status_enable" condition="equals">
		<component name=""   action="validatevalues" value="$$class" compareWith="inline status_enable"  valdesc="Validate Connection Enabled" valkey="Connection Enabled"/>
		</if>
		<if value1="$$class" value2="inline error" condition="equals">
		<component name=""   action="validatevalues" value="$$class" compareWith="inline error"  valdesc="Validate Connection Enabled" valkey="Connection Enabled"/>
		</if>	
	<!-- 	ethernet connection status		 -->
		<component name=""   action="rowaction" value="JMETEROBJ::3gConnectionTable" compareWith="Connection Status:" columnindex="1,2" dataindex="1" tableaction="gettext" elementtype="text" saveTo="3gconnectionStatus" saveAs="string"/>
		<if value1="$$3gconnectionStatus" value2="CONNECTED" condition="equals">
		<component name=""   action="validatevalues" value="$$3gconnectionStatus" compareWith="CONNECTED"  valdesc="Validate Connection Status" valkey="Connection Status" />
		</if>
		<if value1="$$3gconnectionStatus" value2="UNCONFIGURED" condition="equals">
		<component name=""   action="validatevalues" value="$$3gconnectionStatus" compareWith="UNCONFIGURED"  valdesc="Validate Connection Status" valkey="Connection Status" />
		</if>
		<!-- Nat enabled -->
		<component name=""   action="rowaction" value="JMETEROBJ::3gConnectionTable" compareWith="Nat Enabled:" columnindex="1,2" dataindex="1" tableaction="getcheckboxstatus" elementtype="text" saveTo="3gNatEnabled" saveAs="string"/>
		<if value1="$$3gNatEnabled" value2="checked" condition="equals">
		<component name=""   action="validatevalues" value="$$3gNatEnabled" compareWith="checked"  valdesc="Validate Nat Enabled" valkey="Nat Enabled" />
		</if>
		<if value1="$$3gNatEnabled" value2="notchecked" condition="equals">
		<component name=""   action="validatevalues" value="$$3gNatEnabled" compareWith="notchecked"  valdesc="Validate Nat Enabled" valkey="Nat Enabled" />
		</if>
		<!-- DNS Enabled -->
		<component name=""   action="rowaction" value="JMETEROBJ::3gConnectionTable" compareWith="DNS Enabled:" columnindex="1,2" dataindex="1" tableaction="getcheckboxstatus" elementtype="text" saveTo="3gDNSEnabled" saveAs="string"/>
		<if value1="$$3gDNSEnabled" value2="checked" condition="equals">
		<component name=""   action="validatevalues" value="$$3gDNSEnabled" compareWith="checked"  valdesc="Validate DNS Enabled" valkey="DNS Enabled" />
		</if>
		<if value1="$$3gDNSEnabled" value2="notchecked" condition="equals">
		<component name=""   action="validatevalues" value="$$3gDNSEnabled" compareWith="notchecked"  valdesc="Validate DNS Enabled" valkey="DNS Enabled" />
		</if>
		<component name="timer" value="3" />
		<!-- Addressing Type -->
		<component name=""   action="extract" type="string" xpath="deviceview.wanconnectivity.addresstype" xpathInput="2,2,1,2" saveTo="addressingType" />
		<if value1="$$addressingType" value2="static" condition="equals">
		<component name=""   action="validatevalues" value="$$addressingType" compareWith="static"  valdesc="Validate Addressing Type" valkey="Addressing Type" />
		</if>
		<if value1="$$addressingType" value2="dhcp" condition="equals">
		<component name=""   action="validatevalues" value="$$addressingType" compareWith="DHCP"  valdesc="Validate Addressing Type" valkey="Addressing Type" />
		</if>
		<component name="timer" value="3" />
			<!-- DNS Server -->
		<component name=""   action="extract" type="string" xpath="deviceview.wanconnectivity.dnsserver" xpathInput="2,2,1,2,1" saveTo="dnsserver" />
		<if value1="$$dnsserver" value2="Manually Configure DNS Servers" condition="equals">
		<component name=""   action="validatevalues" value="$$dnsserver" compareWith="Manually Configure DNS Servers"  valdesc="Validate DNS Server" valkey="DNS Server" />
		</if>
		<if value1="$$dnsserver" value2="dns" condition="equals">
		<component name=""   action="validatevalues" value="$$dnsserver" compareWith="dns"  valdesc="Validate DNS Server" valkey="DNS Server" />
		</if>
		<component name="timer" value="3" />
	</step>
</steps>