<steps>
	<step type="JAVA" name="Login" description="PrimeHome Login" severity="Blocker">
		<component name="textbox"  action="entervalue" xpath="login.username" value="props::PH_LOGIN_USERNAME"/>
		<component name="textbox"  action="entervalue" xpath="login.password" value="props::PH_LOGIN_PASSWORD" />
		<component name="button" action="click" 	 xpath="login.submit"  />
	</step>	
	<step type="JAVA" name="Click Administration Tab" description="Click Administration Tab" severity="Blocker">
		<component name="link"   action="click"      xpath="tab.administration" />
	</step>
	<step type="JAVA" name="Click Data Model SideMenu" description="Click Data Model SideMenu" severity="Blocker">
		<component name="link"   action="click"      xpath="sidemenu.administration.datamodel" />
	</step>
	
	<step type="JAVA" name="Check Data Model" description="Check Data Model" severity="Blocker">	
		<component name="timer" value="2" />
		<component name="button"   action="click"  xpath="administration.datamodel.table.pageitems" xpathInput="4"/>		
		<component name="timer" value="1" />
		<component name=""   action="extract" type="table" xpath="administration.datamodel.combobox.table" saveTo="selectnoitems" isHeaderAvailable="no"/>
		<component name=""   action="rowaction" value="JMETEROBJ::selectnoitems" compareWith="100" columnindex="1,1" dataindex="1" tableaction="click" elementtype="text" />
		<component name="timer" value="2" />	
		<component name=""   action="save" type="string" xpath="administration.datamodel.totalpage" saveTo="TotalPageSize" />	
		<component name="timer" value="2" />
		<loop value="$$TotalPageSize" condition="pagingicon" >
			<component name=""   action="extract" type="table" xpath="administration.datamodel.table" saveTo="dataModelTable" isHeaderAvailable="no"/>
			<component name=""   action="columnvalidate"  value="JMETEROBJ::dataModelTable" columnindex="1" />
			<component name=""   action="columnvalidate"  value="JMETEROBJ::dataModelTable" columnindex="2" />			
			<component name="button"   action="click" xpath="administration.datamodel.pagination.icon" />
		</loop>
	</step>
	
	<step type="JAVA" name="Check HTML Data Model tr098" description="Check HTML Data Model" severity="Blocker">	
		<component name="timer" value="4" />
		<component name="button"   action="click"  xpath="administration.datamodel.select.html.tr098" xpathInput="2"/>	
		<component name="timer" value="1" />
		<component name=""   action="extract" type="table" xpath="administration.datamodel.combobox.table" saveTo="selectmodel98" isHeaderAvailable="no"/>
		<component name=""   action="rowaction" value="JMETEROBJ::selectmodel98" compareWith="tr-098-1-3-0" columnindex="1,1" dataindex="1" tableaction="click" elementtype="text" />		
		<component name="button"   action="click"  xpath="administration.datamodel.html.button.process" xpathInput="3,2"/>	
		<component name="timer" value="30" />
		<component name="notification" action="validate" xpath="notification.message" condition="contains" compareWith="imported successfully"  valdesc="Reading Data Model Parameters " valkey="Data Model Parameters"/>	
		
		<!-- <component name="button"   action="click"  xpath="administration.datamodel.table.pageitems" xpathInput="4"/>			
		<component name="timer" value="1" />
		<component name=""   action="extract" type="table" xpath="administration.datamodel.combobox.table" saveTo="selectnoitems" isHeaderAvailable="no"/>
		<component name=""   action="rowaction" value="JMETEROBJ::selectnoitems" compareWith="100" columnindex="1,1" dataindex="1" tableaction="click" elementtype="text" />
		<component name="timer" value="2" />	
		<component name=""   action="save" xpath="administration.datamodel.totalpage" saveTo="TotalPageSize" />	
		<component name="timer" value="2" />
		<loop value="$$TotalPageSize" condition="pagingicon" >
			<component name=""   action="extract" type="table" xpath="administration.datamodel.table" saveTo="dataModel98Table" isHeaderAvailable="no"/>
			<component name=""   action="columnvalidate"  value="JMETEROBJ::dataModel98Table" columnindex="1" />
			<component name=""   action="columnvalidate"  value="JMETEROBJ::dataModel98Table" columnindex="2" />
			<component name=""   action="columnvalidate"  value="JMETEROBJ::dataModel98Table" columnindex="3" />
			<component name="button"   action="click" xpath="administration.datamodel.pagination.icon" />
		</loop> -->
	</step>
	<step type="JAVA" name="Click Data Model SideMenu" description="Click Data Model SideMenu" severity="Blocker">
		<component name="link"   action="click"      xpath="sidemenu.administration.datamodel" />
	</step>
	<step type="JAVA" name="Check HTML Data Model-tr135" description="Check HTML Data Model" severity="Blocker">	
		<component name="timer" value="4" />
		<component name="button"   action="click"  xpath="administration.datamodel.select.html.tr135" xpathInput="2"/>	
		<component name="timer" value="1" />
		<component name=""   action="extract" type="table" xpath="administration.datamodel.combobox.table" saveTo="selectmodel98" isHeaderAvailable="no"/>
		<component name=""   action="rowaction" value="JMETEROBJ::selectmodel98" compareWith="tr-135-1-3-0" columnindex="1,1" dataindex="1" tableaction="click" elementtype="text" />
		<component name="button"   action="click"  xpath="administration.datamodel.html.button.process" xpathInput="3,2"/>	
		<component name="timer" value="30" />
		<component name="notification" action="validate" xpath="notification.message" condition="contains" compareWith="imported successfully"  valdesc="Reading Data Model Parameters " valkey="Data Model Parameters"/>	
		<!-- <component name="button"   action="click"  xpath="administration.datamodel.table.pageitems" xpathInput="4"/>			
		<component name="timer" value="1" />
		<component name=""   action="extract" type="table" xpath="administration.datamodel.combobox.table" saveTo="selectnoitems" isHeaderAvailable="no"/>
		<component name=""   action="rowaction" value="JMETEROBJ::selectnoitems" compareWith="100" columnindex="1,1" dataindex="1" tableaction="click" elementtype="text" />
		<component name="timer" value="2" />	
		<component name=""   action="save" xpath="administration.datamodel.totalpage" saveTo="TotalPageSize" />	
		<component name="timer" value="2" />
		<loop value="$$TotalPageSize" condition="pagingicon" >
			<component name=""   action="extract" type="table" xpath="administration.datamodel.table" saveTo="dataModel135Table" isHeaderAvailable="no"/>
			<component name=""   action="columnvalidate"  value="JMETEROBJ::dataModel135Table" columnindex="1" />
			<component name=""   action="columnvalidate"  value="JMETEROBJ::dataModel135Table" columnindex="2" />
			<component name=""   action="columnvalidate"  value="JMETEROBJ::dataModel135Table" columnindex="3" />
			<component name="button"   action="click" xpath="administration.datamodel.pagination.icon" />
		</loop> -->
	</step>
	<step type="JAVA" name="Check XML Data Model File Upload" description="Check XML Data Model File Upload" severity="Blocker">
		<component name="timer" value="4" />
		<component name="button"   action="click"  xpath="administration.datamodel.fileupload" />	
		<component name=""   action="fileupload" filepath="\src\test\jmeter\ph_6.4.1\regression\fileupload\fileupload.exe \src\test\jmeter\ph_6.4.1\regression\fileupload\dlc_dm.xml"/>	
		<component name="timer" value="3" />
		<component name="button"   action="click"  xpath="administration.datamodel.fileupload.process" />
		<component name="timer" value="60" />		
		<component name="notification" action="validate" xpath="notification.message" compareWith="Data-model loader: Configuration file has been uploaded."  valdesc="XML Data Model FileUpload " valkey="Data Model FileUpload"/>
		<component name="timer" value="2" />
	</step>
</steps>