<steps>
	<step type="START-DS" name="Start DS" description="Performs - START-DS " severity="Blocker">
		<parameter name="DEVICE_ID" value="lan-device-6740" />
		<parameter name="ACS_IP" value="props::ACS_IP" />
		<parameter name="DEVICE_DATA_MODEL_NAME" value="props::DEVICE_DATA_MODEL_NAME" />
	</step>
	<step type="JAVA" name="Login" description="PrimeHome Login" severity="Blocker">
		<component name="textbox"  action="entervalue" xpath="login.username" value="props::PH_LOGIN_USERNAME"/>
		<component name="textbox"  action="entervalue" xpath="login.password" value="props::PH_LOGIN_PASSWORD" />
		<component name="button" action="click" 	 xpath="login.submit"  />
	</step>	
	<step type="JAVA" name="Click Dashboard Tab" description="Click Dashboard Tab" severity="Blocker">
		<component name="link"   action="click"      xpath="tab.dashboard" />
	</step>
	<step type="JAVA" name="Click Search Devices SideMenu" description="Click Search Devices SideMenu" severity="Blocker">
		<component name="link"   action="click"      xpath="sidemenu.dashboard.searchdevices" />
	</step>
	<step type="JAVA" name="Navigate to device" description="Navigate to device" severity="Blocker">
		<parameter name="SerialNumber" value="'Serial Number'='lan-device-6740'" />	
		<component name="textbox"  action="entervalue" xpath="operations.devicemanagement.query" value="$$SerialNumber"/>
		<component name="button"  action="click" xpath="operations.devicemanagement.query.find" />
		<component name="timer" value="2" />
		<component name="button"  action="click" xpath="dashboard.searchdevices.quicksearch.device" xpathInput="$$DEVICE_ID"/>
		<component name="timer" value="15" />
	</step>
	<step type="JAVA" name="Check Device Status" description="Device View Portlet" severity="Blocker">
		<component name=""  action="save" xpath="deviceview.device.status" saveTo="deviceOnline" attrName="class" compareWith="dvCircle circle-green" valdesc="Device View Portlet : Device Online" valkey="Device Status"/>		
		<component name="timer" value="3" />
	</step>	
	<step type="JAVA" name="Click LAN Hosts SideMenu" description="Click LAN Hosts SideMenu" severity="Blocker">
		<component name="link"   action="click"      xpath="sidemenu.deviceview.lanhosts" />
		<component name="timer" value="3" />
	</step>
	<step type="JAVA" name="LAN Hosts" description="LAN Hosts" severity="Blocker">
		<component name="timer" value="3" />
		<component name=""   action="extract"  type="table"    xpath="deviceview.lanhosts.table" saveTo="lanHostsDetails" />
		<component name=""   action="headervalidate" value="JMETEROBJ::lanHostsDetails" compareWith="Status,Host,Connection Type,IP Address,MAC Address,Vendor,Ping" valdesc="Verify LAN Hosts Headers" valkey="LAN Hosts Header"/>
		<component name=""   action="rowaction" value="JMETEROBJ::lanHostsDetails" compareWith="ldStatus circle-green-ok" columnindex="1,1" dataindex="1" saveTo="dvstatus" attrName="class" tableaction="getattribute" elementtype="attribute" />
		<component name=""   action="columnvalidate" value="JMETEROBJ::lanHostsDetails" columnindex="2" saveTo="hosts" />
		<component name=""   action="columnvalidate" value="JMETEROBJ::lanHostsDetails" columnindex="3" saveTo="connectiontype" />		
		<component name=""   action="columnvalidate" value="JMETEROBJ::lanHostsDetails" columnindex="4" saveTo="ipAddress" />	
		<component name=""   action="columnvalidate" value="JMETEROBJ::lanHostsDetails" columnindex="5" saveTo="macaddress" />
		<component name=""   action="columnvalidate" value="JMETEROBJ::lanHostsDetails" columnindex="6" saveTo="vendor" />
		<component name="button"   action="click" xpath="deviceview.lanhosts.ping" xpathInput="1"/>
		<component name="timer" value="1" />
		<component name=""   action="waituntilelementvisible" xpath="deviceview.lanhosts.ping.wait" maxwaittime="300" refreshinterval="10" type="noelement"/>
		<component name=""   action="save" xpath="deviceview.lanhosts.ping.status" xpathInput="1" saveTo="pinger1" attrName="class" />			
		<component name="button"   action="click" xpath="deviceview.lanhosts.ping" xpathInput="2"/>
		<component name="timer" value="1" />
		<component name=""   action="waituntilelementvisible" xpath="deviceview.lanhosts.ping.wait" maxwaittime="300" refreshinterval="10" type="noelement"/>
		<component name=""   action="save" xpath="deviceview.lanhosts.ping.status" xpathInput="2" saveTo="pinger2" attrName="class" />		
		<component name="button"   action="click" xpath="deviceview.lanhosts.ping" xpathInput="3"/>
		<component name="timer" value="1" />
		<component name=""   action="waituntilelementvisible" xpath="deviceview.lanhosts.ping.wait" maxwaittime="300" refreshinterval="10" type="noelement"/>
		<component name=""   action="save" xpath="deviceview.lanhosts.ping.status" xpathInput="3" saveTo="pinger3" attrName="class" />			
<!-- 		<component name="timer" value="2" />
		<component name="button"   action="click" xpath="deviceview.lanhosts.header.connectionType"  />
		<component name="timer" value="1" />
		<component name=""   action="extract"  type="table"    xpath="deviceview.lanhosts.table" saveTo="lanHostsDetails" />
		<component name=""   action="columnvalidate" value="JMETEROBJ::lanHostsDetails" columnindex="3" saveTo="connectiontypeAfterSort" />	 -->
		<component name="timer" value="3" />
		<component name="button"   action="click" xpath="deviceview.lanhosts.header.ipaddress"  />
		<component name="timer" value="1" />
		<component name=""   action="extract"  type="table"    xpath="deviceview.lanhosts.table" saveTo="lanHostsDetails" />		
		<component name=""   action="columnvalidate" value="JMETEROBJ::lanHostsDetails" columnindex="2" saveTo="hostsAfterSort" />
		<component name=""   action="columnvalidate" value="JMETEROBJ::lanHostsDetails" columnindex="3" saveTo="connectiontypeAfterSort" />
		<component name=""   action="columnvalidate" value="JMETEROBJ::lanHostsDetails" columnindex="4" saveTo="ipAddressAfterSort" />
		<component name=""   action="columnvalidate" value="JMETEROBJ::lanHostsDetails" columnindex="5" saveTo="macaddressAfterSort" />
		<component name=""   action="columnvalidate" value="JMETEROBJ::lanHostsDetails" columnindex="6" saveTo="vendorAfterSort" />
		<component name=""   action="rowaction" value="JMETEROBJ::lanHostsDetails" compareWith="ldStatus circle-green-ok" columnindex="1,1" dataindex="1" saveTo="aftersortdvstatus" attrName="class" tableaction="getattribute" elementtype="attribute" />
		<component name=""   action="validatelist" value="JMETEROBJ::aftersortdvstatus" compareWith="ldStatus circle-green-ok" condition="contains" valdesc="Verify Status After Sorting" valkey="Device Status After Sorting"/>
	</step>
	<step type="JAVA" name="Validate LAN Hosts" description="Validate LAN Hosts" severity="Blocker">
		<component name=""   action="validatelist" value="JMETEROBJ::dvstatus" compareWith="ldStatus circle-green-ok" condition="contains" valdesc="Verify Status" valkey="Device Status"/>
		<component name=""   action="validatevalues" value="$$pinger1" compareWith="ldStatus circle-green" valdesc="Verify Device-1 Ping Status" valkey="Device-1 Ping Status"/>
		<component name=""   action="validatevalues" value="$$pinger2" compareWith="ldStatus circle-green" valdesc="Verify Device-2 Ping Status" valkey="Device-2 Ping Status"/>
		<component name=""   action="validatevalues" value="$$pinger3" compareWith="ldStatus circle-green" valdesc="Verify Device-3 Ping Status" valkey="Device-3 Ping Status"/>
	</step>
</steps>