<steps>
	<step type="START-DS" name="Start DS" description="Performs - START-DS " severity="Blocker">
		<parameter name="DEVICE_ID" value="fw-device-6851" />
		<parameter name="ACS_IP" value="props::ACS_IP" />
		<parameter name="DEVICE_DATA_MODEL_NAME" value="props::DEVICE_DATA_MODEL_NAME" />
	</step>
<!-- 	<step type="START-MULTI-DS" name="Start Multiple DS" online="2" offline="0">
		<parameter name="ACS_IP" value="props::ACS_IP" />
		<parameter name="DEVICE_DATA_MODEL_NAME" value="props::DEVICE_DATA_MODEL_NAME" />	
	</step> -->
	<step type="JAVA" name="Login" description="PrimeHome Login" severity="Blocker">
		<component name="textbox"  action="entervalue" xpath="login.username" value="props::PH_LOGIN_USERNAME"/>
		<component name="textbox"  action="entervalue" xpath="login.password" value="props::PH_LOGIN_PASSWORD" />
		<component name="button" action="click" 	 xpath="login.submit"  />
	</step>	

	<!-- change report param value -->
	<step type="JAVA" name="Click System Tab" description="Performs - Click System Tab" severity="Blocker">
		<component name="link"   action="click"      xpath="tab.system" />
	</step>
	<step type="JAVA" name="Click Configuration SideMenu" description="Performs - Click Configuration SideMenu" severity="Blocker">
		<component name="link"   action="click"      xpath="sidemenu.system.configuration" />
	</step>
	<step type="JAVA" name="Change report parameter" description="Change report parameter" severity="Blocker">
		<component name="timer" value="1" />
		<component name="select"   action="entervalue"   xpath="system.confguration.report.parameter" type="autocomplete" value="dlc.fw_upgrade.report.reportStaleness" />
		<component name="timer" value="1" />
		<component name=""   action="extract" type="string"  xpath="system.configuration.report.parameter.link" value="reportValue" />		
		<if value1="$$reportValue" value2="0" condition="not-equals">
			<component name="link" action="click" 	 xpath="system.configuration.report.parameter.link" />
			<component name="textbox"   action="entervalue"   xpath="system.configuration.report.parameter.input" value="0" />
			<component name="button" action="click" 	 xpath="system.configuration.report.parameter.save" />
			<component name="timer" value="3" />
			<component name="notification" action="validate" xpath="notification.message" compareWith="Configuration key dlc.fw_upgrade.report.reportStaleness value is set to '0'"  valdesc="Check Success Notification" valkey="Notification "/>
		</if>
		<component name="timer" value="1" />
	</step>
	<step type="JAVA" name="Click Configuration SideMenu" description="Performs - Click Configuration SideMenu" severity="Blocker">
		<component name="link"   action="click"      xpath="sidemenu.system.configuration" />
	</step>
	<step type="JAVA" name="Change report block parameter value" description="Change report block parameter value" severity="Blocker">
		<component name="timer" value="1" />
		<component name="select"   action="entervalue"   xpath="system.confguration.report.parameter" type="autocomplete" value="dlc.fw_upgrade.block_upgrade.enable" />
		<component name="timer" value="1" />
		<component name=""   action="extract" type="string"  xpath="system.configuration.report.parameter.fwblock.link" value="reportValue" /> 
			<if value1="$$reportValue" value2="false" condition="not-equals">
				<component name="link" action="click" xpath="system.configuration.report.parameter.fwblock.link" />
				<component name="textbox"   action="entervalue"   xpath="system.configuration.report.parameter.input" value="false" />
				<component name="button" action="click" xpath="system.configuration.report.parameter.save" />
				<component name="timer" value="3" />
				<component name="notification" action="validate" xpath="notification.message" compareWith="Configuration key dlc.fw_upgrade.block_upgrade.enable value is set to 'false'" valdesc="Check Success Notification" valkey="firmware_upgrade_mode"/>
			</if>
		<component name="timer" value="1" />
	</step>

	<!-- create group -->
	<step type="JAVA" name="Click Operations Tab" description="Performs - Click Operations Tab" severity="Blocker">
		<component name="link"   action="click"      xpath="tab.operations" />
	</step>
	<step type="JAVA" name="Click SideMenu" description="Performs - Click SideMenu" severity="Blocker">
		<component name="link"   action="click"      xpath="sidemenu.operations.groups" />
	</step>
<!-- 	<step type="JAVA" name="Create Group" linkFile="src/test/jmeter/ph_6.4/regression/group/CreateGroupWithMultipleDeviceCriteria.xml" description="Create Group" severity="Blocker">	
	`	<parameter name="Notification" value="pass" />
		<parameter name="groupName" value="fwgroup-6851" />
		<parameter name="groupDesc" value="fwgroup-6851 description" />		
		<parameter name="deviceParams" value="true"/>	
		<parameter name="tags" value="false"/>
	</step>	 -->
	<step type="JAVA" name="Create Group" linkFile="src/test/jmeter/ph_6.4/regression/group/CreateGroup.xml" description="Performs - Create Group" severity="Blocker">
		<parameter name="Notification" value="pass" />
		<parameter name="groupName" value="fwgroup-6851" />
		<parameter name="groupDesc" value="fwgroup-6851 description" />
	</step>

	<!-- Create File Management -->
	<step type="JAVA" name="Click File Management SideMenu" description="Click File Management SideMenu" severity="Blocker">
		<component name="link"   action="click"      xpath="sidemenu.operations.filemanagement" />
	</step>
	<step type="JAVA" name="Create FileManagement"  description="Performs - Create FileManagement" severity="Blocker" linkFile="src/test/jmeter/ph_6.4/regression/configurationsets/CreateFileManagement.xml" repeat="$$fmFileTypes" >
			
		<parameter name="fmFileTypes" value="IPCAM 821 Firmware,,IPCAM 821D Firmware,,IPCAM 8221 Firmware,,IPCAM 8221D Firmware,,IPCAM 8230 Firmware,,IPCAM 8230D Firmware,,Zwave Firmware,,LPRF Firmware,,DLC Firmware,,Firmware Image,,Local HPAV Firmware,,Remote HPAV Firmware" saveAsType="array" splitChar=",,"/>
		<parameter name="fmTitles" value="IPCAM821Firmware6851,,IPCAM821DFirmware6851,,IPCAM8221Firmware6851,,IPCAM8221DFirmware6851,,IPCAM8230Firmware6851,,IPCAM8230DFirmware6851,,ZwaveFirmware6851,,LPRFFirmware6851,,DLCFirmware6851,,FirmwareImage6851,,LocalHPAVFirmware6851,,RemoteHPAVFirmware6851" saveAsType="array" splitChar=",,"/> 
		<parameter name="fmSoftwareVersions" value="2.01,,2.02,,2.03,,2.04,,2.05,,2.06,,2.07,,2.08,,2.09,,2.1,,2.11,,2.12" saveAsType="array" splitChar=",,"/> 
		<parameter name="fmURLs" value="https://server.com?version=2.01,,https://server.com?version=2.02,,https://server.com?version=2.03,,https://server.com?version=2.04,,https://server.com?version=2.05,,https://server.com?version=2.06,,https://server.com?version=2.07,,https://server.com?version=2.08,,https://server.com?version=2.09,,https://server.com?version=2.1,,https://server.com?version=2.11,,https://server.com?version=2.12" saveAsType="array" splitChar=",,"/> 		
		<parameter name="fmFileType" value="fromArray::fmFileTypes" />
		<parameter name="fmTitle" value="fromArray::fmTitles" /> 
		<parameter name="fmSoftwareVersion" value="fromArray::fmSoftwareVersions"/> 
		<parameter name="fmURL" value="fromArray::fmURLs"/> 
		<parameter name="Notification" value="pass" />
	</step>
<!-- Create ConfigurationSet -->
	<step type="JAVA" name="Click Configuration Sets SideMenu" description="click configuration set sidemenu" severity="Blocker">
		<component name="link"   action="click"      xpath="sidemenu.operations.configurationset" />
	</step>	
	<step type="JAVA" name="Create Config Set Root Level" linkFile="src/test/jmeter/ph_6.4/regression/configurationsets/ConfigurationSet.xml" description="configuration set creation on root level" severity="Blocker" >
		<parameter name="configName" value="fwconfigset-6851" />
		<parameter name="configDesc" value="New FW-Config set decription" />
	</step>
	<step type="JAVA" name="Activate Config Set Root Level" linkFile="src/test/jmeter/ph_6.4/regression/configurationsets/ActivateConfigurationSet.xml" description="activate configuration set on root level" severity="Blocker">		
	</step>
	<!-- associate group to config set-->
	<step type="JAVA" name="Configuration Set Group association on root level" linkFile="src/test/jmeter/ph_6.4/regression/configurationsets/ConfigurationSet_AssocGroup.xml" description="group association with config set on root level" severity="Blocker" >
	</step>
	<step type="JAVA" name="Click Configuration Sets SideMenu" description="click configuration set sidemenu" severity="Blocker">
		<component name="link"   action="click"      xpath="sidemenu.operations.configurationset" />
	</step>	
	<!-- associate file management to config set-->
	<step type="JAVA" name="Associate FileManagement Configuration Set" linkFile="src/test/jmeter/ph_6.4/regression/configurationsets/ConfigurationSet_FileManagement.xml" description="Associate DLC firmware to config set" severity="Blocker" repeat="$$fileTypes" >
		<parameter name="fileTypes" value="IPCAM 821 Firmware,,IPCAM 821D Firmware,,IPCAM 8221 Firmware,,IPCAM 8221D Firmware,,IPCAM 8230 Firmware,,IPCAM 8230D Firmware,,Zwave Firmware,,LPRF Firmware,,DLC Firmware,,Firmware Image,,Local HPAV Firmware,,Remote HPAV Firmware" saveAsType="array" splitChar=",,"/>
		<parameter name="fileNames" value="IPCAM821Firmware6851,,IPCAM821DFirmware6851,,IPCAM8221Firmware6851,,IPCAM8221DFirmware6851,,IPCAM8230Firmware6851,,IPCAM8230DFirmware6851,,ZwaveFirmware6851,,LPRFFirmware6851,,DLCFirmware6851,,FirmwareImage6851,,LocalHPAVFirmware6851,,RemoteHPAVFirmware6851" saveAsType="array" splitChar=",,"/> 
		<parameter name="fileState" value="Enable,,Enable,,Enable,,Enable,,Enable,,Enable,,Enable,,Enable,,Enable,,Enable,,Enable,,Enable" saveAsType="array" splitChar=",,"/> 
			
		<parameter name="fileType" value="fromArray::fileTypes" />		
		<parameter name="fileName" value="fromArray::fileNames"/> 
		<parameter name="fileStatus" value="fromArray::fileState"/> 
	</step>
	
		<!-- Validate Firmware Monitoring -->
	<step type="JAVA" name="Click Operations Tab" description="Performs - Click Operations Tab" severity="Blocker">
		<component name="link"   action="click"      xpath="tab.operations" />
	</step>
	<step type="JAVA" name="Click Firmware Monitoring SideMenu" description="Performs - Click Firmware Monitoring SideMenu" severity="Blocker">
		<component name="link"   action="click"      xpath="sidemenu.operations.firmwaremonitoring" />
	</step>
	<step type="JAVA" name="Firmware Monitoring Statistics Report Before Upgrade" description="Performs - Firmware Monitoring Statistics Report Before Upgrade" severity="Blocker">
		<component name="timer" value="4" />
		<component name="textbox"  action="entervalue" xpath="operations.firmwaremonitoring.report.name" type="autocomplete" value="$$configName"/>
		<!-- <component name="select" action="entervalue" xpath="operations.firmwaremonitoring.report.group" type="autocomplete" value="$$groupName" /> -->
		<component name="radiobutton" xpath="operations.firmwaremonitoring.report.type" action="click" xpathInput="statistic_only" />
		<component name="button" action="click" xpath="operations.firmwaremonitoring.report.generate"  />
		<component name="timer" value="3" />
		<component name=""   action="extract"  type="table"    xpath="operations.firmwaremonitoring.report.statisticdata" saveTo="firmwarestatistics" />
		<component name=""   action="extract"  type="table"    xpath="operations.firmwaremonitoring.report.devicestatistics" saveTo="devicestatistics" />		
		<component name=""   action="rowaction" value="JMETEROBJ::firmwarestatistics" compareWith="DLC Firmware"  columnindex="1,2" saveTo="TargetDevices" tableaction="gettext" elementtype="text"/>	
		<component name=""   action="rowaction" value="JMETEROBJ::firmwarestatistics" compareWith="DLC Firmware"  columnindex="1,3" saveTo="HavenotStarted" tableaction="gettext" elementtype="text"/>	
		<component name=""   action="rowaction" value="JMETEROBJ::firmwarestatistics" compareWith="DLC Firmware"  columnindex="1,4" saveTo="Success" tableaction="gettext" elementtype="text"/>	
		<component name=""   action="rowaction" value="JMETEROBJ::firmwarestatistics" compareWith="DLC Firmware"  columnindex="1,5" saveTo="Failed" tableaction="gettext" elementtype="text"/>	
		<component name=""   action="rowaction" value="JMETEROBJ::firmwarestatistics" compareWith="DLC Firmware"  columnindex="1,6" saveTo="InProgress" tableaction="gettext" elementtype="text"/>	
		<component name=""   action="tabledata" value="JMETEROBJ::firmwarestatistics" />
		<component name=""   action="tabledata" value="JMETEROBJ::devicestatistics" />		
	</step>
	
	
	<!-- Get software version before upgrade -->
	<step type="JAVA" name="Navigate to device" description="Navigate to device" severity="Blocker">
		<component name="timer" value="3" />
		<component name="textbox"  action="entervalue" xpath="advancedsearch.textbox" value="$$DEVICE_ID"/>
		<component name="button"  action="click" xpath="advancedsearch.findbutton" />
		<component name="timer" value="15" />
	</step>
	<step type="JAVA" name="Get Software Version Before Upgrade" description="Get Software Version Before Upgrade" severity="Blocker">	
		<component name="timer" value="1" />
		<component name="button"  action="click" xpath="deviceview.devicepage.properties.path" xpathInput="1" />
		<component name="timer" value="1" />
		<component name=""   action="extract" xpath="deviceview.devicepage.properties.table"  xpathInput="1" saveTo="devicepropversions" type="table" isHeaderAvailable="no"/>
		<component name=""   action="rowaction" value="JMETEROBJ::devicepropversions" compareWith="Software Version:"  columnindex="1,2" saveTo="SoftwareVersion" tableaction="gettext" elementtype="text"/>
		<component name="timer" value="1" />
	</step>
	
	<!-- Validate Firmware Monitoring -->
	<step type="JAVA" name="Click Operations Tab" description="Performs - Click Operations Tab" severity="Blocker">
		<component name="link"   action="click"      xpath="tab.operations" />
	</step>
	<!-- change param writeable -->
<!-- 	<step type="DS" name="Set parameter as writeable" description="Sets the parameter as not writeable in the Data model." severity="Blocker" >
			<parameter name="parameterName_1" value="InternetGatewayDevice.DeviceInfo.X_CISCO_COM_Upgrade.ExternalDevice.2.UpgradeStatus" />
			<component operation="changeWritable" name="$$parameterName_1" value="true" /> 
			<component name="timer" value="3" />
			<component operation="spv" name="$$parameterName_1"  value="uptodate" /> 
			<component name="timer" value="3" />
			<component operation="gpv" name="$$parameterName_1" saveTo="fw-exdevstate"/>
			<component name="timer" value="30" /> 
	</step> -->
	
	<!-- firmware batch -->
	<step type="JAVA" name="Click SideMenu" description="Performs - Click SideMenu" severity="Blocker">
		<component name="link"   action="click"      xpath="sidemenu.operations.batchprocessing" />
	</step>
	<step type="JAVA" name="Create Batch" linkFile="src/test/jmeter/ph_6.4/regression/batch/CreateImmediateBatchFwDownloadFileTypes.xml" description="Performs - Create Batch " severity="Blocker">
		<parameter name="batchName" value="batch6851" />
		<parameter name="batchDesc" value="New Batch Description" />
	</step>
	
	<step type="JAVA" name="Click SideMenu" description="Performs - Click SideMenu" severity="Blocker">
		<component name="link" xpath="sidemenu.operations.batchprocessing" action="click" />
	</step>
	<step type="JAVA" name="Search Batch With Name"  linkFile="src/test/jmeter/ph_6.4/regression/batch/SearchBatchWithName.xml" description="Performs - Search Batch With Name" severity="Blocker">
	</step>
	<step type="JAVA" name="Verify Batch - Device Count" description="Performs - Verify Batch - Device Count" severity="Blocker">
		<component name=""       action="waitandvalidate" xpath="operations.batch.table.statustext" xpathInput="$$batchName" compareWith="Completed" maxwaittime="300" refreshinterval="10"/>
		<component name="button" action="click" xpath="operations.batch.table.batchname" xpathInput="$$batchName"  />
		<component name="timer" value="2" />
		
		<component name=""       action="validate" xpath="operations.batch.details.totaldevices" 	 compareWith="1" valdesc="Verify Total Devices" valkey="Total Devices"/>
		<component name="timer" value="30" />
		<!-- <component name=""       action="validate" xpath="operations.batch.details.completeddevices" compareWith="1" valdesc="Verify No of Runs" valkey="No of Run" />
		<component name=""       action="validate" xpath="operations.batch.details.successratio" compareWith="100" 	 valdesc="Verify success %" valkey="Success %"/>
		<component name=""       action="validate" xpath="operations.batch.details.failureratio" compareWith="0"   valdesc="Verify failure %" valkey="Failure %"/>		 -->
	</step>
	<!-- Send boot Event -->
<!-- 	<step type="DS" name="Send Boot Event" description="Performs - Send Boot Event " severity="Blocker">
		<component operation="sendEvent" name="Periodic" />
		<component name="timer" value="30" />
	</step> -->
	
	<step type="JAVA" name="Click Firmware Monitoring SideMenu" description="Performs - Click Firmware Monitoring SideMenu" severity="Blocker">
		<component name="link"   action="click"      xpath="sidemenu.operations.firmwaremonitoring" />
	</step>
	<step type="JAVA" name="Firmware Monitoring Statistics Report After Upgrade" description="Performs - Firmware Monitoring Statistics Report After Upgrade" severity="Blocker">
		<component name="textbox"  action="entervalue" xpath="operations.firmwaremonitoring.report.name" type="autocomplete" value="$$configName"/>
		<!-- <component name="select" action="entervalue" xpath="operations.firmwaremonitoring.report.group" type="autocomplete" value="$$groupName" /> -->
		<component name="radiobutton" xpath="operations.firmwaremonitoring.report.type" action="click" xpathInput="statistic_and_report" />
		<component name="button" action="click" xpath="operations.firmwaremonitoring.report.generate"  />
		<component name="timer" value="3" />
		<component name=""  action="exportedfilename" saveTo="fwugdfilename"/>
		<component name="timer" value="1" />
		<!-- <component name=""  action="readcsvfile" value="$$fwugdfilename" saveTo="fwcsvresult" splitBy="," /> -->
		<component name=""   action="extract"  type="table"    xpath="operations.firmwaremonitoring.report.statisticdata" saveTo="firmwarestatistics" />
		<component name=""   action="extract"  type="table"    xpath="operations.firmwaremonitoring.report.devicestatistics" saveTo="devicestatistics" />		
		<component name=""   action="rowaction" value="JMETEROBJ::firmwarestatistics" compareWith="DLC Firmware"  columnindex="1,2" saveTo="TargetDevices" tableaction="gettext" elementtype="text"/>	
		<component name=""   action="rowaction" value="JMETEROBJ::firmwarestatistics" compareWith="DLC Firmware"  columnindex="1,3" saveTo="HavenotStarted" tableaction="gettext" elementtype="text"/>	
		<component name=""   action="rowaction" value="JMETEROBJ::firmwarestatistics" compareWith="DLC Firmware"  columnindex="1,4" saveTo="Success" tableaction="gettext" elementtype="text"/>	
		<component name=""   action="rowaction" value="JMETEROBJ::firmwarestatistics" compareWith="DLC Firmware"  columnindex="1,5" saveTo="Failed" tableaction="gettext" elementtype="text"/>	
		<component name=""   action="rowaction" value="JMETEROBJ::firmwarestatistics" compareWith="DLC Firmware"  columnindex="1,6" saveTo="InProgress" tableaction="gettext" elementtype="text"/>	
		<component name=""   action="tabledata" value="JMETEROBJ::firmwarestatistics" />
		<component name=""   action="tabledata" value="JMETEROBJ::devicestatistics" />	
			
	</step>
	<step type="JAVA" name="Navigate to device" description="Navigate to device" severity="Blocker">
		<component name="timer" value="3" />
		<component name="textbox"  action="entervalue" xpath="advancedsearch.textbox" value="$$DEVICE_ID"/>
		<component name="button"  action="click" xpath="advancedsearch.findbutton" />
		<component name="timer" value="15" />
	</step>
		<!-- get software version after upgrade -->
	<step type="JAVA" name="Get Software Version After Upgrade" description="Get Software Version After Upgrade" severity="Blocker">	
		<component name="timer" value="1" />
		<component name="button"  action="click" xpath="deviceview.devicepage.properties.path" xpathInput="1" />
		<component name="timer" value="1" />
		<component name=""   action="extract" xpath="deviceview.devicepage.properties.table"  xpathInput="1" saveTo="devicepropversions" type="table" isHeaderAvailable="no"/>
		<component name=""   action="rowaction" value="JMETEROBJ::devicepropversions" compareWith="Software Version:"  columnindex="1,2" saveTo="SoftwareVersion" tableaction="gettext" elementtype="text"/>
		<component name="timer" value="1" />
	</step>
	<step type="JAVA" name="Click Software Inventory SideMenu" description="Click Software Inventory SideMenu" severity="Blocker">
		<component name="link"   action="click"      xpath="sidemenu.deviceview.softwareinventory" />
		<component name="timer" value="3" />
	</step>
	<step type="JAVA" name="Software Inventory" description="Software Inventory" severity="Blocker">
		<!-- dlc -->
		<component name="button"   action="click"  xpath="deviceview.devicepage.softwareinventory.tab" xpathInput="1" />	
		<component name="timer" value="3" />
		<component name=""   action="extract"  type="table"    xpath="deviceview.devicepage.softwareinventory.dlc.table" saveTo="dlcswinventory" />	
		<component name=""   action="rowaction" value="JMETEROBJ::dlcswinventory" compareWith="DLC"  columnindex="1,2" saveTo="currentversion" tableaction="gettext" elementtype="text"/>
		<component name=""   action="rowaction" value="JMETEROBJ::dlcswinventory" compareWith="DLC"  columnindex="1,3" saveTo="pendingversion" tableaction="gettext" elementtype="text"/>				
		<!-- <component name=""   action="tabledata" value="JMETEROBJ::dlcswinventory" />	 -->
		<component name="timer" value="2" />
		
		<!-- external devices -->
		<component name="button"   action="click"  xpath="deviceview.devicepage.softwareinventory.tab" xpathInput="2" />	
		<component name="timer" value="3" />		
		<component name=""   action="save" xpath="deviceview.devicepage.softwareinventory.extdev.pagenavigation" attrName="class" xpathInput="2" saveTo="pageNavStatus" />
		<if value1="$$pageNavStatus" value2="inline pageNav-double-next" condition="equals">
			<component name=""   action="extract" type="pagnavsize" xpath="deviceview.devicepage.softwareinventory.extdev.pagenavigation.totalvalue" xpathInput="2" attrName="title" saveTo="TotalPageSize" />
		</if>
		<if value1="$$pageNavStatus" value2="inline pageNav-double-next-disable" condition="equals">
			<component name=""   action="extract" type="elementsize" xpath="deviceview.devicepage.softwareinventory.extdev.pagenavigation" xpathInput="3" saveTo="TotalPageSize" />
		</if>
		<if value1="$$pageNavStatus" value2="noelement" condition="equals">
			<component name=""   action="extract" type="elementsize" xpath="deviceview.devicepage.softwareinventory.extdev.pagenavigation" xpathInput="3" saveTo="TotalPageSize" />
		</if>
		<component name="timer" value="2" />
		<loop value="$$TotalPageSize" condition="paging">
			<component name=""   action="extract"  type="table"    xpath="deviceview.devicepage.softwareinventory.extdevice.table" saveTo="extdeviceswinventory" />		
			<component name="timer" value="1" />
			<component name=""   action="tabledata" value="JMETEROBJ::extdeviceswinventory" />	
		<!-- 	<component name=""   action="rowaction" value="JMETEROBJ::extdeviceswinventory" compareWith="ATT DLPP AFM"  columnindex="2,3" saveTo="currentversion" tableaction="gettext" elementtype="text"/>
			<component name=""   action="rowaction" value="JMETEROBJ::extdeviceswinventory" compareWith="ATT DLPP AFM"  columnindex="2,4" saveTo="pendingversion" tableaction="gettext" elementtype="text"/>
			<component name=""   action="rowaction" value="JMETEROBJ::extdeviceswinventory" compareWith="ATT DLPP ZWave"  columnindex="2,3" saveTo="currentversion" tableaction="gettext" elementtype="text"/>	
			<component name=""   action="rowaction" value="JMETEROBJ::extdeviceswinventory" compareWith="ATT DLPP ZWave"  columnindex="2,4" saveTo="pendingversion" tableaction="gettext" elementtype="text"/>
			<component name=""   action="rowaction" value="JMETEROBJ::extdeviceswinventory" compareWith="ATT DLPP HPAV-100"  columnindex="2,3" saveTo="currentversion" tableaction="gettext" elementtype="text"/>				
			<component name=""   action="rowaction" value="JMETEROBJ::extdeviceswinventory" compareWith="ATT DLPP HPAV-100"  columnindex="2,4" saveTo="pendingversion" tableaction="gettext" elementtype="text"/>
			<component name=""   action="rowaction" value="JMETEROBJ::extdeviceswinventory" compareWith="ATT DLPP HPAV-200"  columnindex="2,3" saveTo="currentversion" tableaction="gettext" elementtype="text"/>
			<component name=""   action="rowaction" value="JMETEROBJ::extdeviceswinventory" compareWith="ATT DLPP HPAV-200"  columnindex="2,4" saveTo="pendingversion" tableaction="gettext" elementtype="text"/>	 -->
			<component name="timer" value="2" />			
		</loop>
		
	</step>
		<!-- activity log -->
	<step type="JAVA" name="Click Activity Log SideMenu" description="Click Activity Log SideMenu" severity="Blocker">
		<component name="link"   action="click"      xpath="sidemenu.deviceview.activitylog" />
		<component name="timer" value="3" />
	</step>
	<step type="JAVA" name="Activity Log" description="Activity Log" severity="Blocker">
	<!-- notification settings -->
		<component name="select"   action="entervalue"  type="custom" xpath="deviceview.devicepage.activitylog.searchin" value="Event name" />	
		<component name="textbox"   action="entervalue"  xpath="deviceview.devicepage.activitylog.textbox" value="DLC Firmware Upgrade" />	
		<component name="timer" value="1" />
		<component name="button"   action="click"  xpath="deviceview.devicepage.activitylog.find"  />
		
		<component name="timer" value="3" />		
		<component name=""   action="save" xpath="deviceview.devicepage.activitylog.pagenavigation" attrName="class" xpathInput="2" saveTo="pageNavStatus" />
		<if value1="$$pageNavStatus" value2="inline pageNav-double-next" condition="equals">
			<component name=""   action="extract" type="pagnavsize" xpath="deviceview.devicepage.activitylog.pagenavigation.totalvalue" xpathInput="2" attrName="title" saveTo="TotalPageSize" />
		</if>
		<if value1="$$pageNavStatus" value2="inline pageNav-double-next-disable" condition="equals">
			<component name=""   action="extract" type="elementsize" xpath="deviceview.devicepage.activitylog.pagenavigation" xpathInput="3" saveTo="TotalPageSize" />
		</if>
		<if value1="$$pageNavStatus" value2="noelement" condition="equals">
			<component name=""   action="extract" type="elementsize" xpath="deviceview.devicepage.activitylog.pagenavigation" xpathInput="3" saveTo="TotalPageSize" />
		</if>
		<component name="timer" value="2" />
		<loop value="$$TotalPageSize" condition="paging">
			<component name=""   action="extract"  type="table"    xpath="deviceview.devicepage.activitylog.table" xpathInput="notifications" saveTo="activitylogdata" />		
			<component name="timer" value="1" />
			<component name=""   action="tabledata" value="JMETEROBJ::activitylogdata" />	
			<component name="timer" value="2" />			
		</loop>
	</step>

	<!-- delete config set -->
	<step type="JAVA" name="Click Operations Tab" description="Performs - Click Operations Tab" severity="Blocker">
		<component name="link"   action="click"      xpath="tab.operations" />
	</step>
	<step type="JAVA" name="Click Configuration Sets SideMenu" description="click configuration set sidemenu" severity="Blocker">
		<component name="link"   action="click"      xpath="sidemenu.operations.configurationset" />
	</step>	
	<step type="JAVA" name="Delete Config Set Root Level" linkFile="src/test/jmeter/ph_6.4/regression/configurationsets/DeleteCSET.xml" description="Delete configuration set on root level" severity="Blocker">
		<parameter name="Notification" value="pass" />
	</step>
	<!-- delete file management -->
	<step type="JAVA" name="Click File Management SideMenu" description="Click File Management SideMenu" severity="Blocker">
		<component name="link"   action="click"      xpath="sidemenu.operations.filemanagement" />
	</step>
	<step type="JAVA" name="Delete FileManagement" linkFile="src/test/jmeter/ph_6.4/regression/filemanagement/DeleteFileManagement.xml" description="Delete FileManagement" severity="Blocker" repeat="$$fileNames">	
		<parameter name="Notification" value="pass" />	
		<parameter name="fileNames" value="IPCAM821Firmware6851,,IPCAM821DFirmware6851,,IPCAM8221Firmware6851,,IPCAM8221DFirmware6851,,IPCAM8230Firmware6851,,IPCAM8230DFirmware6851,,ZwaveFirmware6851,,LPRFFirmware6851,,DLCFirmware6851,,FirmwareImage6851,,LocalHPAVFirmware6851,,RemoteHPAVFirmware6851" saveAsType="array" splitChar=",,"/> 		
		<parameter name="fileName" value="fromArray::fileNames"/> 
	</step>
	<step type="JAVA" name="Click Batch Processing SideMenu" description="Performs - Click Batch Processing SideMenu" severity="Blocker">
		<component name="link" xpath="sidemenu.operations.batchprocessing" action="click" />
	</step>
	<step type="JAVA" name="Search Batch With Name"  linkFile="src/test/jmeter/ph_6.4/regression/batch/SearchBatchWithName.xml" description="Performs - Search Batch With Name" severity="Blocker">
	</step>
	<step type="JAVA" name="Delete Batch"  linkFile="src/test/jmeter/ph_6.4/regression/batch/DeleteBatch.xml" description="Performs - Delete Batch" severity="Blocker">
	</step>
		<!-- delete batch -->
	<step type="JAVA" name="Click Batch Processing SideMenu" description="Performs - Click Batch Processing SideMenu" severity="Blocker">
		<component name="link" xpath="sidemenu.operations.batchprocessing" action="click" />
	</step>
	<step type="JAVA" name="Search Batch With Name"  linkFile="src/test/jmeter/ph_6.4/regression/batch/SearchBatchWithName.xml" description="Performs - Search Batch With Name" severity="Blocker">
	</step>
	<step type="JAVA" name="Delete Batch"  linkFile="src/test/jmeter/ph_6.4/regression/batch/DeleteBatch.xml" description="Performs - Delete Batch" severity="Blocker">
	</step>
	<!-- delete group -->
	<step type="JAVA" name="Click Groups SideMenu" description="Performs - Click Groups SideMenu" severity="Blocker">
		<component name="link" xpath="sidemenu.operations.groups" action="click" />
	</step>
	<step type="JAVA" name="Delete Group"  linkFile="src/test/jmeter/ph_6.4/regression/group/DeleteGroup.xml" description="Performs - Delete Group" severity="Blocker">
		<parameter name="Notification" value="pass" />
	</step>

	<!-- change report param value -->
	<step type="JAVA" name="Click System Tab" description="Performs - Click System Tab" severity="Blocker">
		<component name="link"   action="click"      xpath="tab.system" />
	</step>
	<step type="JAVA" name="Click Configuration SideMenu" description="Performs - Click Configuration SideMenu" severity="Blocker">
		<component name="link"   action="click"      xpath="sidemenu.system.configuration" />
	</step>
	<step type="JAVA" name="Change report parameter" description="Change report parameter" severity="Blocker">
		<component name="timer" value="1" />
		<component name="select"   action="entervalue"   xpath="system.confguration.report.parameter" type="autocomplete" value="dlc.fw_upgrade.report.reportStaleness" />
		<component name="timer" value="1" />
		<component name=""   action="extract" type="string"  xpath="system.configuration.report.parameter.link" value="reportValue" />		
		<if value1="$$reportValue" value2="5m" condition="equals">
			<component name="link" action="click" 	 xpath="system.configuration.report.parameter.link" />
			<component name="textbox"   action="entervalue"   xpath="system.configuration.report.parameter.input" value="5m" />
			<component name="button" action="click" 	 xpath="system.configuration.report.parameter.save" />
			<component name="timer" value="3" />
			<component name="notification" action="validate" xpath="notification.message" compareWith="Configuration key dlc.fw_upgrade.report.reportStaleness value is set to '5m'"  valdesc="Check Success Notification" valkey="Notification "/>
		</if>
		<component name="timer" value="1" />
	</step>
	<step type="JAVA" name="Click Configuration SideMenu" description="Performs - Click Configuration SideMenu" severity="Blocker">
		<component name="link"   action="click"      xpath="sidemenu.system.configuration" />
	</step>
	<!-- Set the DLC firmware upgrade to true-->
	
	<step type="JAVA" name="Change report block parameter value" description="Performs - Change report block parameter value" severity="Blocker">
		<component name="timer" value="1" />
		<component name="select"   action="entervalue"   xpath="system.confguration.report.parameter" type="autocomplete" value="dlc.fw_upgrade.block_upgrade.enable" />
		<component name="timer" value="1" />
		<component name=""   action="extract" type="string"  xpath="system.configuration.report.parameter.fwblock.link" value="reportValue" /> 
			<if value1="$$reportValue" value2="false" condition="equals">
				<component name="link" action="click" xpath="system.configuration.report.parameter.fwblock.link" />
				<component name="textbox"   action="entervalue"   xpath="system.configuration.report.parameter.input" value="true" />
				<component name="button" action="click" xpath="system.configuration.report.parameter.save" />
				<component name="timer" value="3" />
				<component name="notification" action="validate" xpath="notification.message" compareWith="Configuration key dlc.fw_upgrade.block_upgrade.enable value is set to 'true'" valdesc="Check Success Notification" valkey="firmware_upgrade_mode"/>
			</if>
		<component name="timer" value="1" />
	</step>
</steps>

