<steps>
	<step type="START-DS" name="Start DS" description="Performs - START-DS " severity="Blocker">
		<parameter name="DEVICE_ID" value="Device-7184" />
		<parameter name="ACS_IP" value="props::ACS_IP" />
		<parameter name="DEVICE_DATA_MODEL_NAME" value="props::DEVICE_DATA_MODEL_NAME" />
	</step>
	<step type="JAVA" name="Login" description="PrimeHome Login" severity="Blocker">
		<component name="textbox"  action="entervalue" xpath="login.username" value="props::PH_LOGIN_USERNAME"/>
		<component name="textbox"  action="entervalue" xpath="login.password" value="props::PH_LOGIN_PASSWORD" />
		<component name="button" action="click" 	 xpath="login.submit"  />
	</step>
	<step type="JAVA" name="Add tag to device" linkFile="src/test/jmeter/ph_6.4/regression/tags/AddTagToDeviceonDeviceView.xml" description="Add tag to device " severity="Blocker">
		<parameter name="TagName-1" value="atagname_7182_1" />		
		<parameter name="TagName-2" value="atagname_7182_4" />
		<!-- <parameter name="TagName-3" value="atagname_7182_6" /> 		 -->
	</step>
	<step type="JAVA" name="Click Operations Tab" description="Click Operations Tab" severity="Blocker">
		<component name="link"   action="click"      xpath="tab.operations" />
	</step>
	<step type="JAVA" name="Click Tags SideMenu" description="Click Tags SideMenu" severity="Blocker">
		<component name="link"   action="click"      xpath="sidemenu.operations.tags" />
	</step>
	<step type="JAVA" name="Edit Tags - Visibility" description="Edit Operations Tags - Visibility" severity="Blocker">
		<parameter name="Visibility" value="hidden" />
		<component name="timer" value="1" />
		<component name=""   action="extract" xpath="operations.tags.table"  saveTo="operationsTableTagData" type="table" />
		<component name=""   action="rowaction" value="JMETEROBJ::operationsTableTagData" compareWith="$$TagName-2"  columnindex="2,11" dataindex="1" tableaction="click" elementtype="text"/>
		<!-- <component name="timer" value="1" />	 -->
		<component name="select"   action="entervalue" xpath="operations.tags.visibility.edit" type="custom" value="$$Visibility" />		
		<component name="button" action="click"      xpath="operations.tags.ok.icon" />		
	</step>
	<step type="JAVA" name="Verify Device Tag Hidden" description="Verify Device Tag Hidden" severity="Blocker">
		<component name="textbox"  action="entervalue" xpath="advancedsearch.textbox" value="$$DEVICE_ID"/>
		<component name="button"  action="click" xpath="advancedsearch.findbutton" />
		<component name="timer" value="6" />
		<component name=""  action="extract" type="listofstring"  xpath="operations.deviceview.tags.name" saveTo="taglist" />
		<component name=""  action="validatelist" value="JMETEROBJ::taglist" compareWith="$$TagName-2" condition="not-contains" valdesc="Verify tag hidden" valkey="Verify tag hidden" />
	</step>	
	<step type="JAVA" name="Click Operations Tab" description="Click Operations Tab" severity="Blocker">
		<component name="link"   action="click"      xpath="tab.operations" />
	</step>
	<step type="JAVA" name="Click Tags SideMenu" description="Click Tags SideMenu" severity="Blocker">
		<component name="link"   action="click"      xpath="sidemenu.operations.tags" />
	</step>
	<step type="JAVA" name="Edit Operations Tags - Name" description="Edit Operations Tags" severity="Blocker">
		<parameter name="NewTagName" value="atagname_7182_1_new" />
		<component name="timer" value="1" />
		<component name=""   action="extract" xpath="operations.tags.table"  saveTo="operationsTableTagData" type="table" />
		<component name=""   action="rowaction" value="JMETEROBJ::operationsTableTagData" compareWith="$$TagName-1"  columnindex="2,11" dataindex="1" tableaction="click" elementtype="text"/>
		<!-- <component name="timer" value="1" /> -->
		<component name="textbox"   action="entervalue" xpath="operations.tags.modify.name" value="$$NewTagName" />		
		<component name="button" action="click"      xpath="operations.tags.ok.icon" />		
	</step>
	<step type="JAVA" name="Verify Modified Tag assoc to device" description="Verify Modified Tag assoc to device" severity="Blocker">
		<component name="textbox"  action="entervalue" xpath="advancedsearch.textbox" value="$$DEVICE_ID"/>
		<component name="button"  action="click" xpath="advancedsearch.findbutton" />
		<component name="timer" value="6" />	
		<component name=""  action="extract" type="listofstring"  xpath="operations.deviceview.tags.name" saveTo="taglist" />
		<component name=""  action="validatelist" value="JMETEROBJ::taglist" compareWith="$$NewTagName" condition="contains" valdesc="Verify New Tag Assoc " valkey="Verify New Tag Assoc" />
	</step>
	<step type="JAVA" name="Click Operations Tab" description="Click Operations Tab" severity="Blocker">
		<component name="link"   action="click"      xpath="tab.operations" />
	</step>
	<step type="JAVA" name="Click Tags SideMenu" description="Click Tags SideMenu" severity="Blocker">
		<component name="link"   action="click"      xpath="sidemenu.operations.tags" />
	</step>
	<step type="JAVA" name="Edit Tags - Category" description="Edit Operations Tags - Category" severity="Blocker">
		<parameter name="Category" value="Market Area" />
		<component name="timer" value="1" />
		<component name=""   action="extract" xpath="operations.tags.table"  saveTo="operationsTableTagData" type="table" />
		<component name=""   action="rowaction" value="JMETEROBJ::operationsTableTagData" compareWith="$$NewTagName"  columnindex="2,11" dataindex="1" tableaction="click" elementtype="text"/>
		<!-- <component name="timer" value="1" />	 -->
		<component name="select"   action="entervalue" xpath="operations.tags.category.edit" type="custom" value="$$Category" />		
		<component name="button" action="click"      xpath="operations.tags.ok.icon" />		
	</step>	
	<step type="JAVA" name="Click Tags SideMenu" description="Click Tags SideMenu" severity="Blocker">
		<component name="link"   action="click"      xpath="sidemenu.operations.tags" />
	</step>
	<step type="JAVA" name="Verify Operations Tags - Category Changed" description="Verify Operations Tags - Category Changed" severity="Blocker">		
		<component name="timer" value="1" />
		<component name=""   action="extract" xpath="operations.tags.table"  saveTo="operationsTableTagData" type="table" />
		<component name=""   action="rowaction" value="JMETEROBJ::operationsTableTagData" compareWith="$$NewTagName"  columnindex="2,4" dataindex="1" tableaction="gettext" saveTo="uicategoryvalue" elementtype="text"/>
		<component name=""  action="validatelist" value="JMETEROBJ::uicategoryvalue" compareWith="$$Category" condition="contains" valdesc="Verify Operations Tags - Category Changed" valkey="Verify tag category" />		
	</step> 
	<step type="JAVA" name="Click Tags SideMenu" description="Click Tags SideMenu" severity="Blocker">
		<component name="link"   action="click"      xpath="sidemenu.operations.tags" />
	</step>
	<step type="JAVA" name="Edit Tags - Color" description="Edit Operations Tags - Color" severity="Blocker">
		<component name="timer" value="1" />
		<component name=""   action="extract" xpath="operations.tags.table"  saveTo="operationsTableTagData" type="table" />
		<component name=""   action="rowaction" value="JMETEROBJ::operationsTableTagData" compareWith="$$NewTagName"  columnindex="2,11" dataindex="1" tableaction="click" elementtype="text"/>
		<!-- <component name="timer" value="1" /> -->
		<!-- color picker -->
		<component name="button"   action="click"      xpath="operations.tags.color.edit" />
		<component name="timer" value="1" />			
		<component name="button"   action="click"      xpath="operations.tags.color.picker.select" />		
		<component name="button" action="click"      xpath="operations.tags.ok.icon" />		
	</step>	
	<step type="JAVA" name="Click Tags SideMenu" description="Click Tags SideMenu" severity="Blocker">
		<component name="link"   action="click"      xpath="sidemenu.operations.tags" />
	</step>
	<step type="JAVA" name="Verify Operations Tags - Color Changed" description="Verify Operations Tags - Color Changed" severity="Blocker">		
		<component name="timer" value="1" />
		<component name=""   action="extract" xpath="operations.tags.table"  saveTo="operationsTableTagData" type="table" />
		<component name=""   action="rowaction" value="JMETEROBJ::operationsTableTagData" compareWith="$$NewTagName"  columnindex="2,3" dataindex="1" tableaction="getattribute" attrName="style" elementtype="text"/>
		<component name=""  action="validatevalues" value="$$style" compareWith="rgb(67, 192, 255)" condition="contains" valdesc="Verify tag color" valkey="Verify tag color" />
		<component name="timer" value="1" />
	</step>
	<step type="JAVA" name="Click Tags SideMenu" description="Click Tags SideMenu" severity="Blocker">
		<component name="link"   action="click"      xpath="sidemenu.operations.tags" />
	</step>
	<step type="JAVA" name="Edit Tags - Name already exist" description="Edit Operations Tags" severity="Blocker">		
		<component name="timer" value="1" />
		<component name=""   action="extract" xpath="operations.tags.table"  saveTo="operationsTableTagData" type="table" />
		<component name="timer" value="1" />
		<component name=""   action="rowaction" value="JMETEROBJ::operationsTableTagData" compareWith="$$NewTagName"  columnindex="2,11" dataindex="1" tableaction="click" elementtype="text"/>
		<!-- <component name="timer" value="1" /> -->
		<component name="textbox"   action="entervalue" xpath="operations.tags.modify.name" value="$$TagName-2" />		
		<component name="button" action="click"      xpath="operations.tags.ok.icon" />		
		<component name="notification" action="validate" xpath="notification.message" condition="contains" compareWith="already exists" valdesc="Check Tag already added" valkey="Edit Tags - Name already exist"/>		
	</step>
	<step type="JAVA" name="Remove Tag From Device" linkFile="src/test/jmeter/ph_6.4/regression/tags/RemoveTagFromDevice.xml" description="Remove Tag From Device" severity="Blocker">
		<parameter name="TagName-1" value="atagname_7182_1_new" />
	</step>
</steps>
