<steps>
	<step type="JAVA" name="Login" description="PrimeHome Login" severity="Blocker">
		<component name="textbox"  action="entervalue" xpath="login.username" value="props::PH_LOGIN_USERNAME"/>
		<component name="textbox"  action="entervalue" xpath="login.password" value="props::PH_LOGIN_PASSWORD" />
		<component name="button" action="click" 	 xpath="login.submit"  />
	</step>
	<step type="JAVA" name="Click Operations Tab" description="Click Operations Tab" severity="Blocker">
		<component name="link"   action="click"      xpath="tab.operations" />
	</step>
	<step type="JAVA" name="Click Tags SideMenu" description="Click Tags SideMenu" severity="Blocker">
		<component name="link"   action="click"      xpath="sidemenu.operations.tags" />
	</step>
	<!-- remove tag not assoc with device -->
	<step type="JAVA" name="Delete Tags - Not Associate to CPE" linkFile="src/test/jmeter/ph_6.4/regression/tags/DeleteTag.xml" description="Delete Operations Tags - Not Associate with CPE" severity="Blocker">				
		<parameter name="TagName" value="atagname_7182_5" /> 	
		<parameter name="DeviceAssoc" value="false" /> 		
		<parameter name="Notification" value="pass" />		
	</step>
	<!-- remove tag assoc with device -->
	<step type="JAVA" name="Click Tags SideMenu" description="Click Tags SideMenu" severity="Blocker">
		<component name="link"   action="click"      xpath="sidemenu.operations.tags" />
	</step>
	<step type="JAVA" name="Delete Tags - Associate with CPE" linkFile="src/test/jmeter/ph_6.4/regression/tags/DeleteTag.xml" description="Delete Operations Tags - Associate with CPE" severity="Blocker">	
		<parameter name="TagName" value="atagname_7182_6" />
		<parameter name="DeviceAssoc" value="true" /> 
		<parameter name="Notification" value="pass" />
	</step>
	<step type="JAVA" name="Verify Device Tag Removed" description="Verify Device Tag Removed" severity="Blocker">
		<component name="textbox"  action="entervalue" xpath="advancedsearch.textbox" value="Device-7189"/>
		<component name="button"  action="click" xpath="advancedsearch.findbutton" />
		<component name="timer" value="6" />
		<component name=""  action="extract" type="listofstring"  xpath="operations.deviceview.tags.name" saveTo="taglist" />
		<component name=""  action="validatelist" value="JMETEROBJ::taglist" compareWith="$$TagName" condition="not-contains" valdesc="Verify tag removed" valkey="Verify tag removed" />
		<component name="timer" value="1" />
	</step>	
	<!-- create removed tag -->
	<step type="JAVA" name="Click Operations Tab" description="Click Operations Tab" severity="Blocker">
		<component name="link"   action="click"      xpath="tab.operations" />
	</step>	
	<step type="JAVA" name="Click Tags SideMenu" description="Click Tags SideMenu" severity="Blocker">
		<component name="link"   action="click"      xpath="sidemenu.operations.tags" />
	</step>
	<step type="JAVA" name="Create Tag with color notation" description="Create Tag with color notation" linkFile="src/test/jmeter/ph_6.4/regression/tags/CreateTag.xml" severity="Blocker">		
		<parameter name="TagName" value="atagname_7182_6" />
		<parameter name="Category" value="Market Area" />
		<parameter name="Color" value="true" />
		<parameter name="Visibility" value="visible" />
		<parameter name="Notification" value="pass" />	
	</step>
	
	<!-- remove tag not assoc with device -->
	<step type="JAVA" name="Click Tags SideMenu" description="Click Tags SideMenu" severity="Blocker">
		<component name="link"   action="click"      xpath="sidemenu.operations.tags" />
	</step>
	<step type="JAVA" name="Delete Tags - Not Associate to CPE" linkFile="src/test/jmeter/ph_6.4/regression/tags/DeleteTag.xml" description="Delete Operations Tags - Not Associate with CPE" severity="Blocker">				
		<parameter name="TagName" value="atagname_7182_2" /> 	
		<parameter name="DeviceAssoc" value="false" /> 
		<parameter name="Notification" value="pass" />		
	</step>
	<step type="JAVA" name="Click Tags SideMenu" description="Click Tags SideMenu" severity="Blocker">
		<component name="link"   action="click"      xpath="sidemenu.operations.tags" />
	</step>
	<step type="JAVA" name="Delete Tags - Not Associate to CPE" linkFile="src/test/jmeter/ph_6.4/regression/tags/DeleteTag.xml" description="Delete Operations Tags - Not Associate with CPE" severity="Blocker">				
		<parameter name="TagName" value="atagname_7182_4" /> 	
		<parameter name="DeviceAssoc" value="false" /> 	
		<parameter name="Notification" value="pass" />		
	</step>
	<step type="JAVA" name="Click Tags SideMenu" description="Click Tags SideMenu" severity="Blocker">
		<component name="link"   action="click"      xpath="sidemenu.operations.tags" />
	</step>
	<step type="JAVA" name="Delete Tags - Not Associate to CPE" linkFile="src/test/jmeter/ph_6.4/regression/tags/DeleteTag.xml" description="Delete Operations Tags - Not Associate with CPE" severity="Blocker">				
		<parameter name="TagName" value="atagname_7182_6" /> 	
		<parameter name="DeviceAssoc" value="false" /> 	
		<parameter name="Notification" value="pass" />		
	</step>
	<!-- remove tag assoc with device -->
	<step type="JAVA" name="Click Tags SideMenu" description="Click Tags SideMenu" severity="Blocker">
		<component name="link"   action="click"      xpath="sidemenu.operations.tags" />
	</step>
	<step type="JAVA" name="Delete Tags - Not Associate to CPE" linkFile="src/test/jmeter/ph_6.4/regression/tags/DeleteTag.xml" description="Delete Operations Tags - Not Associate with CPE" severity="Blocker">				
		<parameter name="TagName" value="atagname_7182_1_new" /> 	
		<parameter name="DeviceAssoc" value="true" /> 
		<parameter name="Notification" value="pass" />		
	</step>
	<step type="JAVA" name="Click Tags SideMenu" description="Click Tags SideMenu" severity="Blocker">
		<component name="link"   action="click"      xpath="sidemenu.operations.tags" />
	</step>
	<step type="JAVA" name="Delete Tags - Not Associate to CPE" linkFile="src/test/jmeter/ph_6.4/regression/tags/DeleteTag.xml" description="Delete Operations Tags - Not Associate with CPE" severity="Blocker">				
		<parameter name="TagName" value="atagname_7182_3" /> 	
		<parameter name="DeviceAssoc" value="true" /> 	
		<parameter name="Notification" value="pass" />
	</step>
</steps>	