<steps>
	<step type="START-DS" name="Start DS" description="Performs - START-DS " severity="Blocker">
		<parameter name="DEVICE_ID" value="Device-7189" />
		<parameter name="ACS_IP" value="props::ACS_IP" />
		<parameter name="DEVICE_DATA_MODEL_NAME" value="props::DEVICE_DATA_MODEL_NAME" />
	</step>
	<step type="JAVA" name="Login" description="PrimeHome Login" severity="Blocker">
		<component name="textbox"  action="entervalue" xpath="login.username" value="props::PH_LOGIN_USERNAME"/>
		<component name="textbox"  action="entervalue" xpath="login.password" value="props::PH_LOGIN_PASSWORD" />
		<component name="button" action="click" 	 xpath="login.submit"  />
	</step>
	<step type="JAVA" name="Add tag to device" linkFile="src/test/jmeter/ph_6.4/regression/tags/AddTagToDeviceonDeviceView.xml" description="Add tag to device " severity="Blocker">
		<parameter name="TagName-1" value="atagname_7182_6" />
		<parameter name="TagName-2" value="atagname_7182_3" /> 		
	</step>
	<step type="JAVA" name="Click Operations Tab" description="Click Operations Tab" severity="Blocker">
		<component name="link"   action="click"      xpath="tab.operations" />
	</step>
	<step type="JAVA" name="Click Tags SideMenu" description="Click Tags SideMenu" severity="Blocker">
		<component name="link"   action="click"      xpath="sidemenu.operations.tags" />
	</step>
	<step type="JAVA" name="Verify Operations Tags Portlet" description="Verify Operations Tags" severity="Blocker">
		<component name="timer" value="1" />
		<component name=""   action="extract" xpath="operations.tags.table"  saveTo="operationsTableTagData" type="table" />
		<component name=""   action="rowaction" value="JMETEROBJ::operationsTableTagData" compareWith="$$TagName-2"  columnindex="2,10" dataindex="1" tableaction="click" elementtype="text"/>
		<component name="timer" value="1" />
		<component name=""   action="extract" xpath="operations.tags.table"  saveTo="operationsTableTagData" type="table" />
		<component name=""   action="rowaction" value="JMETEROBJ::operationsTableTagData" compareWith="$$TagName-2"  columnindex="2,9" dataindex="1" tableaction="click" elementtype="text"/>
		<component name="timer" value="5" />
	</step>
	<step type="JAVA" name="Verify Device Tag Color" description="Verify Operations Tags" severity="Blocker">
		<parameter name="colorvalue" value="#43c0ff" />
		<component name="timer" value="1" />
		<component name=""   action="extract" xpath="operations.devicemanagement.table"  saveTo="devicemgtdata" type="table" />
		<component name=""   action="rowaction" value="JMETEROBJ::devicemgtdata" compareWith="$$DEVICE_ID" columnindex="5,8" dataindex="1" tableaction="click" elementtype="text"/>
		<component name="timer" value="1" />	
		<!-- <component name=""   action="extract" type="string" xpath="operations.devicemanagement.table.tag.tooltip.color" xpathInput="$$colorvalue" saveTo="uicolorvalue" attval="style"/> -->
		<component name=""  action="save"  xpath="operations.devicemanagement.table.tag.tooltip.color" xpathInput="$$colorvalue" saveTo="uicolorvalue" attrName="style"/>
		<component name=""  action="validatevalues" value="$$uicolorvalue" compareWith="background-color: rgb(67, 192, 255);" condition="contains" valdesc="Verify tag color" valkey="Verify tag color" />
		<component name="timer" value="1" />	
	</step>
	<step type="JAVA" name="Click Tags SideMenu" description="Click Tags SideMenu" severity="Blocker">
		<component name="link"   action="click"      xpath="sidemenu.operations.tags" />
	</step>
	<step type="JAVA" name="Edit Operations Tags - Visibility" description="Edit Operations Tags" severity="Blocker">
		<parameter name="Visibility" value="hidden" />
		<component name="timer" value="1" />
		<component name=""   action="extract" xpath="operations.tags.table"  saveTo="operationsTableTagData" type="table" />
		<component name=""   action="rowaction" value="JMETEROBJ::operationsTableTagData" compareWith="$$TagName-2"  columnindex="2,11" dataindex="1" tableaction="click" elementtype="text"/>
		<component name="timer" value="1" />
		<!-- <component name=""   action="extract" xpath="operations.tags.table"  saveTo="operationsTableTagData" type="table" /> -->
		<!-- <component name=""   action="rowaction" value="JMETEROBJ::operationsTableTagData" compareWith="$$TagName-2"  columnindex="2,4" dataindex="1" tableaction="select" tabletype="custom" tablevalue="$$Visibility"/> -->
		<component name="select"   action="entervalue" xpath="operations.tags.visibility.edit" type="custom" value="$$Visibility" />		
		<component name="button" action="click"      xpath="operations.tags.ok.icon" />	
		<component name="notification" action="validate" xpath="notification.message" compareWith="Tags: Operation completed successfully" valdesc="Validate Visiblility Changed" valkey="Visiblility"/>			
	</step>
	<step type="JAVA" name="Verify Device Tag Hidden" description="Verify Operations Tags" severity="Blocker">
		<component name="textbox"  action="entervalue" xpath="advancedsearch.textbox" value="$$DEVICE_ID"/>
		<component name="button"  action="click" xpath="advancedsearch.findbutton" />
		<component name="timer" value="6" />	
		<component name=""  action="extract" type="listofstring"  xpath="operations.deviceview.tags.name" saveTo="taglist" />
		<component name=""  action="validatelist" value="JMETEROBJ::taglist" compareWith="$$TagName-2" condition="not-contains" valdesc="Verify tag hidden" valkey="Verify tag hidden" />
	</step>
	
	<!-- <step type="JAVA" name="Remove Tag From Device" linkFile="src/test/jmeter/ph_6.4/regression/tags/RemoveTagFromDevice.xml" description="Remove Tag From Device" severity="Blocker">
	</step> -->
	
	
</steps>

