<steps>
<step type="JAVA" name="Login" description="PrimeHome Login" severity="Blocker">
		<component name="textbox"  action="entervalue" xpath="login.username" value="props::PH_LOGIN_USERNAME"/>
		<component name="textbox"  action="entervalue" xpath="login.password" value="props::PH_LOGIN_PASSWORD" />
		<component name="button" action="click" 	 xpath="login.submit"  />
	</step>
	<step type="JAVA" name="Click Operations Tab" description="Click Operations Tab" severity="Blocker">
		<component name="link"   action="click"      xpath="tab.operations" />
	</step>
	<step type="JAVA" name="Click Tags SideMenu" description="Click Tags SideMenu" severity="Blocker">
		<component name="link"   action="click"      xpath="sidemenu.operations.tags" />
	</step>
	<step type="JAVA" name="Verify Operations Tags Portlet" description="Verify Operations Tags" severity="Blocker">
		<component name=""   action="extract" xpath="operations.tags.table"  saveTo="operationsTagData" type="table" />
		<component name=""   action="headervalidate" value="JMETEROBJ::operationsTagData" compareWith=",Name,Color,Category,Visibility,Type,Created By,Date,Devices, , " valdesc="Verify Tag Headers" valkey="Tag Header"/>
		<component name=""   action="save"  xpath="operations.tags.table.row.calculate.icon" compareWith="Calculate" attrName="title" xpathInput="1" valdesc="Verify Calculate Button" valkey="Calculate Button"/>
		<component name=""   action="save"  xpath="operations.tags.table.row.edit.icon" compareWith="Edit" attrName="title"  valdesc="Verify Edit Button" valkey="Edit Button"/>
		<component name=""   action="save"  xpath="operations.tags.table.row.delete.icon" compareWith="Delete" attrName="title"  valdesc="Verify Delete Button" valkey="Delete Button"/>
	</step>
	<step type="JAVA" name="Click System Tab" description="Click System Tab" severity="Blocker">
		<component name="link"   action="click"      xpath="tab.system" />
	</step>
	<step type="JAVA" name="Click Customization Management SideMenu" description="Click Customization Management SideMenu" severity="Blocker">
		<component name="link"   action="click"      xpath="sidemenu.system.customizationmanagement" />
	</step>
	<step type="JAVA" name="Verify System Tags Portlet" description="Verify System Tags" severity="Blocker" >
		<component name="link"   action="click"      xpath="system.customizationmanagement.tags.tab" xpathInput="1"/>
		<component name=""   action="extract" xpath="system.customizationmanagement.tags.table"  saveTo="systemTagData" type="table" />
		<component name=""   action="columnvalidate" value="JMETEROBJ::systemTagData" compareWith="OFFLINE_UNPROVISIONED,PROVISIONING_FAILURE,REQUIRES_BACKUP_BOOTSTRAP,REQUIRES_BACKUP_CSR,REQUIRES_BACKUP_FIRMWARE_UPG,REQUIRES_BACKUP_MANUAL,REQUIRES_BACKUP_NBI,REQUIRES_BACKUP_SELF_CARE"  columnindex="1"  valdesc="Verify System Tags" valkey="System Tags"/>
	</step>
	
</steps>

