<steps>
	<step type="JAVA" name="Login" description="PrimeHome Login" severity="Blocker">
		<component name="textbox"  action="entervalue" xpath="login.username" value="props::PH_LOGIN_USERNAME"/>
		<component name="textbox"  action="entervalue" xpath="login.password" value="props::PH_LOGIN_PASSWORD" />
		<component name="button" action="click" 	 xpath="login.submit"  />
	</step>
	<step type="JAVA" name="Click Operations Tab" description="Click Operations Tab" severity="Blocker">
		<component name="link"   action="click"      xpath="tab.operations" />
	</step>
	<step type="JAVA" name="Click Tags SideMenu" description="Click Tags SideMenu" severity="Blocker">
		<component name="link"   action="click"      xpath="sidemenu.operations.tags" />
	</step>
	<step type="JAVA" name="Create Tag-1" description="Create Tag" linkFile="src/test/jmeter/ph_6.4/regression/tags/CreateTag.xml" severity="Blocker">
		<parameter name="TagName" value="atagname_7182_1" />
		<parameter name="Category" value="Default" />
		<parameter name="Color" value="false" />
		<parameter name="Visibility" value="visible" />
		<parameter name="Notification" value="pass" />
	</step>
	<step type="JAVA" name="Click Tags SideMenu" description="Click Tags SideMenu" severity="Blocker">
		<component name="link"   action="click"      xpath="sidemenu.operations.tags" />
	</step>
	<step type="JAVA" name="Create Tag-2 with color notation" description="Create Tag with color notation" linkFile="src/test/jmeter/ph_6.4/regression/tags/CreateTag.xml" severity="Blocker">		
		<parameter name="TagName" value="atagname_7182_2" />
		<parameter name="Category" value="Market Area" />
		<parameter name="Color" value="true" />
		<parameter name="Visibility" value="hidden" />
		<parameter name="Notification" value="pass" />	
	</step>
	<step type="JAVA" name="Create Tag-1 already exist - Failed" description="Create Tag which already exist" linkFile="src/test/jmeter/ph_6.4/regression/tags/CreateTag.xml" severity="Blocker" >
		<parameter name="TagName" value="atagname_7182_1" />
		<parameter name="Category" value="Default" />
		<parameter name="Color" value="false" />
		<parameter name="Visibility" value="visible" />
		<parameter name="Notification" value="fail" />
	</step>
	<step type="JAVA" name="Click Tags SideMenu" description="Click Tags SideMenu" severity="Blocker">
		<component name="link"   action="click"      xpath="sidemenu.operations.tags" />
	</step>
	<step type="JAVA" name="Create Tag-3 with color notation" description="Create Tag with color notation" linkFile="src/test/jmeter/ph_6.4/regression/tags/CreateTag.xml" severity="Blocker" >
		<parameter name="TagName" value="atagname_7182_3" />
		<parameter name="Category" value="Default" />
		<parameter name="Color" value="true" />
		<parameter name="Visibility" value="visible" />
		<parameter name="Notification" value="pass" />
	</step>
	<step type="JAVA" name="Create Tag-4" description="Create Tag" linkFile="src/test/jmeter/ph_6.4/regression/tags/CreateTag.xml" severity="Blocker" >
		<parameter name="TagName" value="atagname_7182_4" />
		<parameter name="Category" value="Default" />
		<parameter name="Color" value="false" />
		<parameter name="Visibility" value="visible" />
		<parameter name="Notification" value="pass" />
	</step>
	<step type="JAVA" name="Create Tag-5" description="Create Tag" linkFile="src/test/jmeter/ph_6.4/regression/tags/CreateTag.xml" severity="Blocker" >
		<parameter name="TagName" value="atagname_7182_5" />
		<parameter name="Category" value="Default" />
		<parameter name="Color" value="false" />
		<parameter name="Visibility" value="visible" />
		<parameter name="Notification" value="pass" />
	</step>
	<step type="JAVA" name="Create Tag-6" description="Create Tag" linkFile="src/test/jmeter/ph_6.4/regression/tags/CreateTag.xml" severity="Blocker" >
		<parameter name="TagName" value="atagname_7182_6" />
		<parameter name="Category" value="Default" />
		<parameter name="Color" value="false" />
		<parameter name="Visibility" value="visible" />
		<parameter name="Notification" value="pass" />
	</step>
</steps>

