<steps name="TC7502_Verify_Firmware_Upgrade_GroupOf_Devices" description="Validate the Firm ware Upgrade When Suspend Firmware Tag is Removed for group of devices"  severity="Blocker">

	<step type="START-MULTI-DS" name="Start Multiple DS" online="2" offline="0">
		<parameter name="ACS_IP" value="props::ACS_IP" />
		<parameter name="DEVICE_DATA_MODEL_NAME" value="props::DEVICE_DATA_MODEL_NAME" /> 
		<parameter name="DEVICE_PRE" value="props::DEVICE_PRE" />
		<parameter name="TagName" value="SUSPEND_FW_UPGRADE" />
	</step>
	
	
	<!-- Login  -->	
	
	<step type="JAVA" name="Login" description="Performs - Login" severity="Blocker">
		<component name="textbox"  action="entervalue" xpath="login.username" value="props::PH_LOGIN_USERNAME"/>
		<component name="textbox"  action="entervalue" xpath="login.password" value="props::PH_LOGIN_PASSWORD" />
		<component name="button" action="click" 	 xpath="login.submit"  />
	</step>
	
	<!-- Set the report Generation time -->
	
	
	<step type="JAVA" name="Change report parameter" description="Change report parameter" severity="Blocker">
		<component name="link"   action="click"  xpath="tab.system" />
		<component name="link"   action="click"   xpath="sidemenu.system.configuration" />
		<component name="timer" value="1" />
		<component name="select"   action="entervalue"   xpath="system.confguration.report.parameter" type="autocomplete" value="dlc.fw_upgrade.report.reportStaleness" />
		<component name="timer" value="1" />
		<component name=""   action="extract" type="string"  xpath="system.configuration.report.parameter.link" value="reportValue" />		
		<if value1="$$reportValue" value2="0" condition="not-equals">
			<component name="link" action="click" 	 xpath="system.configuration.report.parameter.link" />
			<component name="textbox"   action="entervalue"   xpath="system.configuration.report.parameter.input" value="0" />
			<component name="button" action="click" 	 xpath="system.configuration.report.parameter.save" />
			<component name="timer" value="3" />
			<component name="notification" action="validate" xpath="notification.message" compareWith="Configuration key dlc.fw_upgrade.report.reportStaleness value is set to '0'"  valdesc="Check Success Notification" valkey="Notification "/>
		</if>
		<component name="timer" value="1" />
	</step>
	


	<!-- Navigate to Device Management -->
	
	<step type="JAVA" name="Navigate to Device Management " description="Performs -Navigate to Device Management" severity="Blocker">
		<component name="link"   action="click"  xpath="tab.operations" />
		<component name="link"   action="click"  xpath="sidemenu.operations.devicemanagement" />
	</step>
	
	<!-- Device Query--> 
	
	<step type="JAVA" name="Enter the Query" description="Performs - Check the Status of Device " severity="Blocker">
		<component name="textbox"  action="entervalue" xpath="operations.devicemanagement.query" value="JMETERREP::Tag = SUSPEND_FW_UPGRADE AND 'Serial Number' IN ($$DEVICE_PRE$$1,$$DEVICE_PRE$$2)" />
		<component name="button"  action="click" xpath="operations.devicemanagement.query.find" />
		<component name="timer" value="2" />
	</step>
	
	<!-- Availability of Tag -->
	
	<step type="JAVA" name="Availability of Tag" description="Performs - Availability of Tag" severity="Blocker">
		<component name=""  action="element-availability" xpath="operations.devicemanagement.specificdevice.tag.availability" xpathInput="JMETERREP::$$DEVICE_PRE$$1"  saveTo="tagAvailability" compareWith="Element present" valdesc="Check Element availability" valkey="Presence"/>	
		<component name=""  action="element-availability" xpath="operations.devicemanagement.specificdevice.tag.availability" xpathInput="JMETERREP::$$DEVICE_PRE$$2"  saveTo="anothertagAvailability" compareWith="Element present" valdesc="Check Element availability" valkey="Presence"/>
	</step>
	
	<!-- Remove Tag from Device -->
	
	<step type="JAVA" name="Remove Tag from Device" description="Performs - Remove Tag from Device" linkFile="src/test/jmeter/ph_6.4/regression/tags/RemoveTagFromDeviceonDeviceMgt.xml"  severity="Blocker">
		<parameter name="SerialNumber" value="JMETERREP::Tag = SUSPEND_FW_UPGRADE AND 'Serial Number' IN ($$DEVICE_PRE$$1,$$DEVICE_PRE$$2)" />
		<parameter name="Notification" value="pass" />			
	</step>
	
	<!-- Check the Status of first Device  --> 
	
	<step type="JAVA" name="Check the Status of of first Device " description="Performs - Check the Status of Device of first Device" severity="Blocker">
		<component name="textbox"  action="entervalue" xpath="operations.devicemanagement.query" value="JMETERREP::'Serial Number' LIKE $$DEVICE_PRE$$1" />
		<component name="button"  action="click" xpath="operations.devicemanagement.query.find" />
		<component name="timer" value="2" />
		<component name="link"   action="click"  xpath="operations.devicemanagement.availability.device" xpathInput="JMETERREP::$$DEVICE_PRE$$1"  />
		<component name="timer" value="5" />
		<component name=""  action="save" xpath="deviceview.device.status" saveTo="deviceOnline" attrName="class" compareWith="dvCircle circle-green" valdesc="Device View Portlet : Device Online" valkey="Device Status"/>		
		<component name="timer" value="3" />
	</step>
	
	
	<!-- Check the Software Version -->
	
	<step type="JAVA" name="Check the Software Version of first Device" description="Performs - Check the Software Version of first Device" severity="Blocker">
		<component name="button"  action="click" xpath="deviceview.devicepage.properties.path" xpathInput="1" />	
		<component name=""   action="extract" xpath="deviceview.devicepage.properties.table"  xpathInput="1" saveTo="firstPreVersion" type="table" isHeaderAvailable="no"/>
		<component name=""   action="rowaction" value="JMETEROBJ::firstPreVersion" compareWith="Software Version:"  columnindex="1,2" saveTo="firstSoftwareVersion" tableaction="gettext" elementtype="text"/>
		<component name="timer" value="2" />
	</step>
	
	<step type="DS" name="Device Properties : Get Value from DS of first Device" description="Performs - Fetch Value from DS of first Device " severity="Blocker">
		<component operation="gpv" name="InternetGatewayDevice.DeviceInfo.SoftwareVersion" saveTo="DSValuefirstSoftwareVersion" deviceid="DEVICE-1" />
	</step>
	
	<step type="JAVA" name="Check the Software Version of first Device" description="Performs - Check the Software Version of first Device" severity="Blocker">
		<component name="" action="validatelist" value="JMETEROBJ::firstSoftwareVersion" compareWith="$$DSValuefirstSoftwareVersion" valdesc="Validate Device Sofware Version" valkey="Device Software Version" condition="equals"/>
	</step>
	
	<!-- Navigate to Device Management -->
	
	<step type="JAVA" name="Navigate to Device Management " description="Performs -Navigate to Device Management" severity="Blocker">
		<component name="link"   action="click"  xpath="tab.operations" />
		<component name="link"   action="click"  xpath="sidemenu.operations.devicemanagement" />
	</step>
	
	<!-- Device Query--> 
	
	<step type="JAVA" name="Enter the Query" description="Performs - Check the Status of Device " severity="Blocker">
		<component name="textbox"  action="entervalue" xpath="operations.devicemanagement.query" value="JMETERREP::'Serial Number' IN ($$DEVICE_PRE$$1,$$DEVICE_PRE$$2)" />
		<component name="button"  action="click" xpath="operations.devicemanagement.query.find" />
		<component name="timer" value="2" />
		<component name="checkbox"  action="enable" xpath="operations.devicemanagement.query.checkall" />
		<component name="timer" value="2" />
	</step>
	
	<!-- Create Static Group -->
	
	<step type="JAVA" name="Create Static Group" description="Performs - Create Static Group" linkFile="src/test/jmeter/ph_6.4/regression/group/CreateStaticGroup.xml"  severity="Blocker">
		<parameter name="staticGroupName" value="Group-7502" />
		<parameter name="staticGroupDesc" value="Group-7502 description" />
		<parameter name="Notification" value="pass" />	
		<component name="timer" value="2" />
	</step>
	
	
	<!-- Click FileManagement Tab -->
	
	<step type="JAVA" name="Navigate to FileManagement in SideMenu" description="Performs - Click SideMenu" severity="Major">
		<component name="link"   action="click"  xpath="tab.operations" />
		<component name="link"   action="click"    xpath="sidemenu.operations.filemanagement" />
	</step>
	
	
	<!-- Create FileManagement -->

	<step type="JAVA" name="Create FileManagement"  description="Performs - Create FileManagement" severity="Major" linkFile="src/test/jmeter/ph_6.4/regression/configurationsets/CreateFileManagement.xml">
		<parameter name="fmFileType" value="DLC Firmware"/>
		<parameter name="fmTitle" value="firmware_7502"/> 
		<parameter name="fmSoftwareVersion" value="1.1"/> 
		<parameter name="fmURL" value="https://test.com?version=1.1"/> 
	</step>
	
	<!-- Click on configset in Sidemenu -->
	
	<step type="JAVA" name="Navigate to ConfigurationSet in  SideMenu"  description="Performs - Click SideMenu" severity="Major">
		<component name="link"   action="click"   xpath= "sidemenu.operations.configurationset" />
		<component name="timer" value="3" />
	</step>
	
	
	<!-- Create ConfigSet -->
	
	<step type="JAVA" name="Create Configuration Set" linkFile="src/test/jmeter/ph_6.4/regression/configurationsets/ConfigurationSet.xml" description="Performs - Create Configuration Set " severity="Major">
		<parameter name="configName" value="Config-7502" />
		<parameter name="configDesc" value="Config-7502 description" />
	</step>
	
	 <!-- Associate the group -->
	
	<step type="JAVA" name="Create Associate Group" linkFile="src/test/jmeter/ph_6.4/regression/configurationsets/ConfigurationSet_AssocGroup.xml" description="Performs - Create Associate Group " severity="Major">
		<parameter name="configName" value="Config-7502"/>
		<parameter name="groupName" value="Group-7502"/>
		<component name="timer" value="3" />
	</step>

	<!-- Activating csets -->
	
	<step type="JAVA" name="Activate cset"  description="Performs - Activate cset" severity="Major" linkFile="src/test/jmeter/ph_6.4/regression/configurationsets/ActivateConfigurationSet.xml">
		<parameter name="configName" value="Config-7502"/>
	</step>
	
	<!-- Create New FileManagement -->
	
	<step type="JAVA" name="Create New FileManagement"  description="Performs - Create New FileManagement" severity="Major" linkFile="src/test/jmeter/ph_6.4/regression/configurationsets/ConfigurationSet_FileManagement.xml">
		<parameter name="fileType" value="DLC Firmware"/>
		<parameter name="fileName" value="firmware_7502"/>
		<parameter name="fileStatus" value="Enable"/> 
	</step> 
	
	
	<!--Navigate to Device Discovery--> 
	
	<step type="JAVA" name="Navigate to Device Discovery" description="Performs - Navigate to Device Discovery" severity="Blocker">
		<component name="textbox"  action="entervalue" xpath="advancedsearch.textbox" value="JMETERREP::'Serial Number' LIKE $$DEVICE_PRE$$1"/>
		<component name="button"  action="click" xpath="advancedsearch.findbutton" />
	</step>
	
	
	<!-- Force Firmware upgrade -->
	
	<step type="JAVA" name="Force Firmware Upgrade for first Device" description="Force Firmware Upgrade for first Device" severity="Blocker">
		<component name="link"  action="click" xpath="operations.quick-actions.link" xpathInput="Force Firmware Upgrade"/>
		<component name="timer" value="1" />
		<component name="select"   action="entervalue" xpath="operations.quick-actions.select.dlcfirmware" type="regular" value="Prompted" />
		<component name="button" action="click" xpath="popup.message.ok"  />	
		<component name="timer" value="4" />
		<component name="notification" action="validate" xpath="notification.message" condition="contains" compareWith="Quick actions ( Force Firmware Upgrade ) : Operation completed successfully" valdesc="Force Firmware Upgrade" valkey="Force Firmware Upgrade" />
		<component name="timer" value="30" />
	</step>	
	
	<!-- Send Boot event  -->
	
	<step type="DS" name="Send Boot Event" description="Performs - Send Boot Event" severity="Blocker">
		<component operation="sendEvent" name="Boot" deviceid="DEVICE-1"/>	
		<component name="timer" value="6" />
		<component operation="sendEvent" name="Boot" deviceid="DEVICE-2"/>	
		<component name="timer" value="6" />
	</step>
	
	<!-- Navigate to Firmware Monitoring -->
	
	<step type="JAVA" name="Navigate to Firmware Monitoring" description="Performs - Firmware Monitoring" severity="Blocker">
		<component name="link"   action="click"  xpath="tab.operations" />
		<component name="link"   action="click"  xpath="sidemenu.operations.firmwaremonitoring" />
		<component name="textbox"  action="entervalue" xpath="operations.firmwaremonitoring.report.name" type="autocomplete" value="$$configName" />
		<component name="radiobutton" xpath="operations.firmwaremonitoring.report.type" action="click" xpathInput="statistic_only" />
		<component name="button" action="click" xpath="operations.firmwaremonitoring.report.generate"  />
		<component name="timer" value="3" />
		<component name=""   action="extract"  type="table"    xpath="operations.firmwaremonitoring.report.devicestatistics" saveTo="devicestatistics" /> 
		<component name=""   action="rowaction" value="JMETEROBJ::devicestatistics" compareWith="DLC Firmware"  columnindex="1,2" saveTo="TargetDevices" tableaction="gettext" elementtype="text"/> 
		<component name=""   action="rowaction" value="JMETEROBJ::devicestatistics" compareWith="DLC Firmware"  columnindex="1,3" saveTo="HavenotStarted" tableaction="gettext" elementtype="text"/> 
		<component name=""   action="rowaction" value="JMETEROBJ::devicestatistics" compareWith="DLC Firmware"  columnindex="1,4" saveTo="Success" tableaction="gettext" elementtype="text"/> 
		<component name=""   action="rowaction" value="JMETEROBJ::devicestatistics" compareWith="DLC Firmware"  columnindex="1,5" saveTo="Failed" tableaction="gettext" elementtype="text"/> 
		<component name=""   action="rowaction" value="JMETEROBJ::devicestatistics" compareWith="DLC Firmware"  columnindex="1,6" saveTo="InProgress" tableaction="gettext" elementtype="text"/> 
	</step> 

		
		
	<!--Navigate to Device Discovery-->
	
	<step type="JAVA" name="Navigate to Device Discovery" description="Performs - Navigate to Device Discovery" severity="Blocker">
		<component name="textbox"  action="entervalue" xpath="advancedsearch.textbox" value="JMETERREP::'Serial Number' LIKE $$DEVICE_PRE$$1"/>
		<component name="button"  action="click" xpath="advancedsearch.findbutton" />
	</step>
	
	<!-- Check the Software Version after Firmware Upgrade -->
	
	<step type="JAVA" name="Check the Software Version after Firmware Upgrade for first device" description="Performs - Check the Software Version after Firmware Upgrade for first device" severity="Blocker">
		<component name="button"  action="click" xpath="deviceview.devicepage.properties.path" xpathInput="1" />	
		<component name=""   action="extract" xpath="deviceview.devicepage.properties.table"  xpathInput="1" saveTo="firstPostVersion" type="table" isHeaderAvailable="no"/>
		<component name=""   action="rowaction" value="JMETEROBJ::firstPostVersion" compareWith="Software Version:"  columnindex="1,2" saveTo="firstPostSoftwareVersion" tableaction="gettext" elementtype="text"/>
		<component name="timer" value="2" />
	</step>
	
	<!-- Get Value from DS after Firmware Upgrade -->
	
	<step type="DS" name="Device Properties : Get Value from DS for first device" description="Performs - Fetch Value from DS for first device " severity="Blocker">
		<component operation="gpv" name="InternetGatewayDevice.DeviceInfo.SoftwareVersion" saveTo="DSValuefirstPostSoftwareVersion" deviceid="DEVICE-1" />
	</step>
	
	<step type="JAVA" name="Check the Software Version for first device" description="Performs - Check the Software Version for first device" severity="Blocker">
		<component name=""   action="validatelist" value="JMETEROBJ::firstPostSoftwareVersion" compareWith="$$DSValuefirstPostSoftwareVersion" valdesc="Validate Device Sofware Version" valkey="Device Software Version" condition="equals"/>
	</step>
	
	<!-- Check the Status of Second Device  --> 
	
	
	<step type="JAVA" name="Check the Status of Second  Device " description="Performs - Check the Status of Second device" severity="Blocker">
		<component name="textbox"  action="entervalue" xpath="advancedsearch.textbox" value="JMETERREP::'Serial Number' LIKE $$DEVICE_PRE$$2"/>
		<component name="button"  action="click" xpath="advancedsearch.findbutton" />
		<component name="timer" value="5" />
		<component name=""  action="save" xpath="deviceview.device.status" saveTo="deviceOnline" attrName="class" compareWith="dvCircle circle-green" valdesc="Device View Portlet : Device Online" valkey="Device Status"/>		
		<component name="timer" value="3" />
	</step>
	
	
	<!-- Check the Software Version before Firmware Upgrade -->
	
	<step type="JAVA" name="Check the Software Version before Firmware Upgrade for Second device" description="Performs - Check the Software Version before Firmware Upgrade for Second device" severity="Blocker">
		<component name="button"  action="click" xpath="deviceview.devicepage.properties.path" xpathInput="1" />	
		<component name=""   action="extract" xpath="deviceview.devicepage.properties.table"  xpathInput="1" saveTo="second_PreVersion" type="table" isHeaderAvailable="no"/>
		<component name=""   action="rowaction" value="JMETEROBJ::second_PreVersion" compareWith="Software Version:"  columnindex="1,2" saveTo="second_PreSoftwareVersion" tableaction="gettext" elementtype="text"/>
		<component name="timer" value="2" />
	</step>
	
	<!-- Get Value from DS before Firmware Upgrade -->
	
	<step type="DS" name="Device Properties : Get Value from DS for Second device" description="Performs - Fetch Value from DS for Second device" severity="Blocker">
		<component operation="gpv" name="InternetGatewayDevice.DeviceInfo.SoftwareVersion" saveTo="DSValue_secondPreSoftwareVersion" deviceid="DEVICE-2" />
	</step>
	
	<step type="JAVA" name="Check the Software Version Second device" description="Performs - Check the Software Version Second device" severity="Blocker">
		<component name=""   action="validatelist" value="JMETEROBJ::second_PreSoftwareVersion" compareWith="$$DSValue_secondPreSoftwareVersion" valdesc="Validate Device Sofware Version" valkey="Device Software Version" condition="equals"/>
	</step>
	
	<!-- Force Firmware upgrade -->
	
	<step type="JAVA" name="Force Firmware Upgrade for Second device" description="Force Firmware Upgrade for Second device" severity="Blocker">
		<component name="link"  action="click" xpath="operations.quick-actions.link" xpathInput="Force Firmware Upgrade"/>
		<component name="timer" value="1" />
		<component name="select"   action="entervalue" xpath="operations.quick-actions.select.dlcfirmware" type="regular" value="Prompted" />
		<component name="button" action="click" xpath="popup.message.ok"  />	
		<component name="timer" value="4" />
		<component name="notification" action="validate" xpath="notification.message" condition="contains" compareWith="Quick actions ( Force Firmware Upgrade ) : Operation completed successfully" valdesc="Force Firmware Upgrade" valkey="Force Firmware Upgrade" />
		<component name="timer" value="30" />
	</step>	
	
	<!-- Send Boot event  -->
	
	<step type="DS" name="Send Boot Event" description="Performs - Send Boot Event" severity="Blocker">
		<component operation="sendEvent" name="Boot" deviceid="DEVICE-1"/>	
		<component name="timer" value="6" />
		<component operation="sendEvent" name="Boot" deviceid="DEVICE-2"/>	
		<component name="timer" value="6" />
	</step>
	
	<!-- Navigate to Firmware Monitoring -->
	
	<step type="JAVA" name="Navigate to Firmware Monitoring" description="Performs - Firmware Monitoring" severity="Blocker">
		<component name="link"   action="click"  xpath="tab.operations" />
		<component name="link"   action="click"  xpath="sidemenu.operations.firmwaremonitoring" />
		<component name="textbox"  action="entervalue" xpath="operations.firmwaremonitoring.report.name" type="autocomplete" value="$$configName" />
		<component name="radiobutton" xpath="operations.firmwaremonitoring.report.type" action="click" xpathInput="statistic_only" />
		<component name="button" action="click" xpath="operations.firmwaremonitoring.report.generate"  />
		<component name="timer" value="3" />
		<component name=""   action="extract"  type="table"    xpath="operations.firmwaremonitoring.report.devicestatistics" saveTo="devicestatistics" /> 
		<component name=""   action="rowaction" value="JMETEROBJ::devicestatistics" compareWith="DLC Firmware"  columnindex="1,2" saveTo="TargetDevices" tableaction="gettext" elementtype="text"/> 
		<component name=""   action="rowaction" value="JMETEROBJ::devicestatistics" compareWith="DLC Firmware"  columnindex="1,3" saveTo="HavenotStarted" tableaction="gettext" elementtype="text"/> 
		<component name=""   action="rowaction" value="JMETEROBJ::devicestatistics" compareWith="DLC Firmware"  columnindex="1,4" saveTo="Success" tableaction="gettext" elementtype="text"/> 
		<component name=""   action="rowaction" value="JMETEROBJ::devicestatistics" compareWith="DLC Firmware"  columnindex="1,5" saveTo="Failed" tableaction="gettext" elementtype="text"/> 
		<component name=""   action="rowaction" value="JMETEROBJ::devicestatistics" compareWith="DLC Firmware"  columnindex="1,6" saveTo="InProgress" tableaction="gettext" elementtype="text"/> 
	</step> 

		
	<!--Navigate to Device Discovery--> 
	
	<step type="JAVA" name="Navigate to Device Discovery" description="Performs - Navigate to Device Discovery" severity="Blocker">
		<component name="textbox"  action="entervalue" xpath="advancedsearch.textbox" value="JMETERREP::'Serial Number' LIKE $$DEVICE_PRE$$2"/>
		<component name="button"  action="click" xpath="advancedsearch.findbutton" />
	</step>
	
	<!-- Check the Software Version after Firmware Upgrade -->
	
	<step type="JAVA" name="Check the Software Version after Firmware Upgrade for Second device" description="Performs - Check the Software Version after Firmware Upgrade for Second device" severity="Blocker">
		<component name="button"  action="click" xpath="deviceview.devicepage.properties.path" xpathInput="1" />	
		<component name=""   action="extract" xpath="deviceview.devicepage.properties.table"  xpathInput="1" saveTo="second_PostVersion" type="table" isHeaderAvailable="no"/>
		<component name=""   action="rowaction" value="JMETEROBJ::second_PostVersion" compareWith="Software Version:"  columnindex="1,2" saveTo="second_PostSoftwareVersion" tableaction="gettext" elementtype="text"/>
		<component name="timer" value="2" />
	</step>
	
	<!-- Get Value from DS after Firmware Upgrade -->
	
	<step type="DS" name="Device Properties : Get Value from DS for Second device" description="Performs - Fetch Value from DS for Second device" severity="Blocker">
		<component operation="gpv" name="InternetGatewayDevice.DeviceInfo.SoftwareVersion" saveTo="DSValue_secondPostSoftwareVersion" deviceid="DEVICE-2" />
	</step>
	
	<step type="JAVA" name="Check the Software Version for Second device" description="Performs - Check the Software Version for Second device" severity="Blocker">
		<component name=""   action="validatelist" value="JMETEROBJ::second_PostSoftwareVersion" compareWith="$$DSValue_secondPostSoftwareVersion" valdesc="Validate Device Sofware Version" valkey="Device Software Version" condition="equals"/>
	</step>
	
	
	<!-- Click ConfigSet-->
	
	<step type="JAVA" name="Navigate to  ConfigSet" description="Performs - Click ConfigSet " severity="Major">
		<component name="link"   action="click"  xpath="tab.operations" />
		<component name="link"   action="click"   xpath= "sidemenu.operations.configurationset" />
		<component name="timer" value="3" />
	</step>
	
	<!-- Delete CSET -->
	
	<step type="JAVA" name="Delete Config Set Root Level R1" linkFile="src/test/jmeter/ph_6.4/regression/configurationsets/DeleteCSET.xml" description="configuration set deletion on root level" severity="Blocker">
		<parameter name="configName" value="Config-7502" />
	</step>
	
	<!-- Click FileManagement Tab -->
	
	<step type="JAVA" name="Navigate to FileManagement in SideMenu" description="Performs - Click SideMenu" severity="Major">
		<component name="link"   action="click"  xpath="tab.operations" />
		<component name="link"   action="click"    xpath="sidemenu.operations.filemanagement" />
	</step>
	
	
	<!-- Delete FileManagement -->
	
	<step type="JAVA" name="Delete FileManagement" linkFile="src/test/jmeter/ph_6.4/regression/configurationsets/DeleteFileManagement.xml" description="FileManagement deletion" severity="Blocker">
		<parameter name="configName" value="firmware_7502" />
	</step>
	
	<!-- Click Groups-->
	
	<step type="JAVA" name="Navigate to Groups SideMenu" description="Click Groups SideMenu" severity="Blocker">
		<component name="link"   action="click" xpath="sidemenu.operations.groups" />
	</step>
	
	<!-- Delete Group -->
	
	<step type="JAVA" name="Delete Group" linkFile="src/test/jmeter/ph_6.4/regression/group/DeleteGroup.xml" description="Delete Group" severity="Blocker">
		<parameter name="groupName" value="Group-7502"/>
	</step>
	
	<!-- Set the report Generation time -->
	
	<step type="JAVA" name="Change report parameter" description="Change report parameter" severity="Blocker">
		<component name="link"   action="click"  xpath="tab.system" />
		<component name="link"   action="click"   xpath="sidemenu.system.configuration" />
		<component name="timer" value="1" />
		<component name="select"   action="entervalue"   xpath="system.confguration.report.parameter" type="autocomplete" value="dlc.fw_upgrade.report.reportStaleness" />
		<component name="timer" value="1" />
		<component name=""   action="extract" type="string"  xpath="system.configuration.report.parameter.link" value="reportValue" />		
		<if value1="$$reportValue" value2="0" condition="equals">
			<component name="link" action="click" 	 xpath="system.configuration.report.parameter.link" />
			<component name="textbox"   action="entervalue"   xpath="system.configuration.report.parameter.input" value="5" />
			<component name="button" action="click" 	 xpath="system.configuration.report.parameter.save" />
			<component name="timer" value="3" />
			<component name="notification" action="validate" xpath="notification.message" compareWith="Configuration key dlc.fw_upgrade.report.reportStaleness value is set to '5m'"  valdesc="Check Success Notification" valkey="Notification "/>
		</if>
		<component name="timer" value="1" />
	</step>
	
	<!-- Navigate to Device Management -->
	
	<step type="JAVA" name="Navigate to Device Management " description="Performs -Navigate to Device Management" severity="Blocker">
		<component name="link"   action="click"  xpath="tab.operations" />
		<component name="link"   action="click"  xpath="sidemenu.operations.devicemanagement" />
	</step>

	<!-- Add Tag To Device--> 

	<step type="JAVA" name="Add Tag to device" description="Add Tag to device" linkFile="src/test/jmeter/ph_6.4/regression/tags/AddTagToDevice.xml" severity="Blocker">	
		<parameter name="SerialNumber" value="JMETERREP::'Serial Number' IN ($$DEVICE_PRE$$1,$$DEVICE_PRE$$2)"/>	
		<parameter name="Notification" value="pass" />			
	</step>
	
	
	
</steps>