<steps>

	<step type="START-DS" name="Start DS" description="Performs - Start DS " severity="Blocker">
		<parameter name="DEVICE_ID" value="device-7540" />
		<parameter name="ACS_IP" value="props::ACS_IP" />
		<parameter name="DEVICE_DATA_MODEL_NAME" value="props::DEVICE_DATA_MODEL_NAME" />
	</step>
	
	<step type="START-MULTI-DS" online="2" offline="0" name="StartMultipleDevice" description="Performs-Start DS" severity="Major">
		<parameter name="ACS_IP" value="props::ACS_IP" />
		<parameter name="DEVICE_DATA_MODEL_NAME" value="props::DEVICE_DATA_MODEL_NAME" />
	</step>
	
	
	
	<!-- Login  -->	
	<step type="JAVA" name="Login" description="Performs - Login" severity="Blocker">
		<component name="textbox"  action="entervalue" xpath="login.username" value="props::PH_LOGIN_USERNAME"/>
		<component name="textbox"  action="entervalue" xpath="login.password" value="props::PH_LOGIN_PASSWORD" />
		<component name="button" action="click" 	 xpath="login.submit"  />
	</step>
	
	<!-- Create Static Group -->
	<step type="JAVA" name="Navigates to DeviceManagement side menu" description="Clicks Operations tab and Navigates to DeviceManagement side menu" severity="Blocker">
		<component name="link"   action="click"  xpath="tab.operations" />
		<component name="link"   action="click"   xpath="sidemenu.operations.devicemanagement" />
	</step>
	
	<step type="JAVA" name="Selects devices" description="Enter query and search devices and chooses the devices to create the Static group." severity="Major">
		<component name="textbox"  action="entervalue" xpath="operations.devicemanagement.query" value="JMETERREP::'Serial Number' IN ($$DEVICE_PRE$$1,$$DEVICE_PRE$$2) OR 'Serial Number' LIKE device-7540"/>
		<component name="button" action="click" xpath="operations.devicemanagement.query.find"  />
		<component name="timer" value="3" />
		<component name="checkbox"  action="enable" xpath="operations.devicemanagement.query.checkall" />
		<component name="timer" value="2" />

	</step>
	
	<step type="JAVA" name="Create Static Group" description="Performs - Create Static Group" linkFile="src/test/jmeter/ph_6.4/regression/group/CreateStaticGroup.xml"  severity="Major">
		<parameter name="staticGroupName" value="group-7540" />
		<parameter name="staticGroupDesc" value="group-7540 description" />
	</step>

	<!-- Check for Group Availability in Device Management portlet -->	
	<step type="JAVA" name="Verify Group Availability" description="Performs - Group Element Availability in DeviceManagement page" severity="Blocker">
		<component name="link" action="click"  xpath="operations.devicemanagement.tablist.groups" />
		<component name=""  action="element-availability" xpath="operations.devicemanagement.tablist.availability.groups.name" xpathInput="$$staticGroupName" saveTo="groupAvailability" compareWith="Element present" valdesc="Check Element availability" valkey="Presence"/>
	</step>
	
	<!-- Check the number of devices in the Group in Groups portlet -->
	<step type="JAVA" name="Navigates to Groups side menu" description="Clicks Operations tab and Navigates to Groups side menu" severity="Blocker">
		<component name="link"   action="click"  xpath="tab.operations" />
		<component name="link"   action="click"      xpath="sidemenu.operations.groups" />
	</step>
	
	<step type="JAVA" name="Get the number of devices in the group" description="Clicks the calculate button and gets the number of devices in the group." severity="Major">
		<component name="textbox" action="entervalue"      xpath="operaions.group.search.group.inputbox" value ="$$staticGroupName" />
		<component name="timer" value="4" />

		<component name="button"  action="click" xpath="operaions.group.select.group.calculate.icon" xpathInput="$$staticGroupName" />
		<component name="timer" value="4" />
		
		<component name="" action="validate" xpath="operaions.group.select.group.count" xpathInput="$$staticGroupName" valkey="Device count" valdesc="Number of devices in the group" compareWith="3"/>
	</step>
	
	<!-- Check the number of devices in the Group in Device Management portlet, Search-->
	<step type="JAVA" name="Navigates to DeviceManagement side menu" description="Navigates to DeviceManagement side menu" severity="Blocker">
		<component name="link"   action="click"      xpath="sidemenu.operations.devicemanagement" />
	</step>
	
	<step type="JAVA" name="Get the number of devices in the group" description="Clicks the Static Group and clicks find in search and gets the number of devices in the group" severity="Major">
		<component name="link" action="click"  xpath="operations.devicemanagement.tablist.groups" />
		<component name="link" action="click"  xpath="operations.devicemanagement.tablist.availability.groups.name" xpathInput="$$staticGroupName" />
		<component name="button" action="click" xpath="operations.devicemanagement.query.find"  />
		<component name="timer" value="4" />
		
		<component name="" action="validate" xpath="operations.devicemanagement.devicecount" valkey="Device count" valdesc="Number of devices in the group" compareWith="3"/>
	</step>
	
	<!-- Selects the device and deletes the device -->
	<step type="JAVA" name="Delete Device" description="selects the devices and chooses delete device option to remove it from PH.." severity="Major">
		<component name="checkbox"  action="enable" xpath="operations.devicemanagement.checkselected" xpathInput = "device-7540" />
		<component name="timer" value="1" />
		
		<component name="button" action="click" xpath="operations.devicemanagement.device.delete" />
		<component name="timer" value="2"/>
		<component name="button" xpath="popup.message.ok" action="click"/>
		<component name="timer" value="2"/>
		<component name="notification" action="validate" xpath="notification.message" compareWith="Search Devices: Operation completed successfully"/>
	</step>
	
	<!-- Check the number of devices in the Group in Groups portlet -->
	<step type="JAVA" name="Navigates to Groups side menu" description="Clicks Operations tab and Navigates to Groups side menu" severity="Blocker">
		<component name="link"   action="click"  xpath="tab.operations" />
		<component name="link"   action="click"      xpath="sidemenu.operations.groups" />
	</step>
	
	<step type="JAVA" name="Get the number of devices in the group" description="Clicks the calculate button and gets the number of devices in the group." severity="Major">
		<component name="textbox" action="entervalue"      xpath="operaions.group.search.group.inputbox" value ="$$staticGroupName" />
		<component name="timer" value="4" />

		<component name="button"  action="click" xpath="operaions.group.select.group.calculate.icon" xpathInput="$$staticGroupName" />
		<component name="timer" value="4" />
		
		<component name="" action="validate" xpath="operaions.group.select.group.count" xpathInput="$$staticGroupName" valkey="Device count" valdesc="Number of devices in the group" compareWith="2"/>
	</step>
	
	<!-- Check the number of devices in the Group in Device Management portlet, Search-->
	<step type="JAVA" name="Navigates to DeviceManagement side menu" description="Navigates to DeviceManagement side menu" severity="Blocker">
		<component name="link"   action="click"      xpath="sidemenu.operations.devicemanagement" />
	</step>
	
	<step type="JAVA" name="Get the number of devices in the group" description="Clicks the Static Group and clicks find in search and gets the number of devices in the group" severity="Major">
		<component name="link" action="click"  xpath="operations.devicemanagement.tablist.groups" />
		<component name="link" action="click"  xpath="operations.devicemanagement.tablist.availability.groups.name" xpathInput="$$staticGroupName" />
		<component name="button" action="click" xpath="operations.devicemanagement.query.find"  />
		<component name="timer" value="4" />
		
		<component name="" action="validate" xpath="operations.devicemanagement.devicecount" valkey="Device count" valdesc="Number of devices in the group" compareWith="2"/>
	</step>
	
	<!-- Selects the devices and removes from the Static Group -->
	<step type="JAVA" name="Removes devices from the Static Group" description="selects the devices and chooses Remove Devices from the Static Group." severity="Major">
		<component name="checkbox"  action="enable" xpath="operations.devicemanagement.checkselected" xpathInput = "JMETERREP::$$DEVICE_PRE$$1" />
		<component name="timer" value="1" />
		
		<component name="dropdown" action="dropdownselect" xpath="operations.devicemanagement.tablist.availability.groups" xpathInput="$$staticGroupName" value="Remove Selected Devices"/>
		<component name="timer" value="2"/>
		<component name="button" xpath="popup.message.ok" action="click"/>
		<component name="timer" value="2"/>
		<component name="notification" action="validate" xpath="notification.message" compareWith="Operation completed successfully"/>
	</step>
	
	<!-- Check the number of devices in the Group in Groups portlet -->
	<step  type="JAVA" name="Navigates to Groups side menu" description="Clicks Operations tab and Navigates to Groups side menu" severity="Blocker">
		<component name="link"   action="click"  xpath="tab.operations" />
		<component name="link"   action="click"      xpath="sidemenu.operations.groups" />
	</step>
	
	<step type="JAVA" name="Get the number of devices in the group" description="Clicks the calculate button and gets the number of devices in the group." severity="Major">
		<component name="textbox" action="entervalue"      xpath="operaions.group.search.group.inputbox" value ="$$staticGroupName" />
		<component name="timer" value="4" />

		<component name="button"  action="click" xpath="operaions.group.select.group.calculate.icon" xpathInput="$$staticGroupName" />
		<component name="timer" value="4" />
		
		<component name="" action="validate" xpath="operaions.group.select.group.count" xpathInput="$$staticGroupName" valkey="Device count" valdesc="Number of devices in the group" compareWith="1"/>
	</step>
	
	<!-- Check the number of devices in the Group in Device Management portlet, Search-->
	<step type="JAVA" name="Navigates to DeviceManagement side menu" description="Navigates to DeviceManagement side menu" severity="Blocker">
		<component name="link"   action="click"      xpath="sidemenu.operations.devicemanagement" />
	</step>
	
	<step type="JAVA" name="Get the number of devices in the group" description="Clicks the Static Group and clicks find in search and gets the number of devices in the group" severity="Major">
		<component name="link" action="click"  xpath="operations.devicemanagement.tablist.groups" />
		<component name="link" action="click"  xpath="operations.devicemanagement.tablist.availability.groups.name" xpathInput="$$staticGroupName" />
		<component name="button" action="click" xpath="operations.devicemanagement.query.find"  />
		<component name="timer" value="4" />
		
		<component name="" action="validate" xpath="operations.devicemanagement.devicecount" valkey="Device count" valdesc="Number of devices in the group" compareWith="1"/>
	</step>
	
	<!-- Deletes the Group in the Device Management portlet -->
	<step type="JAVA" name="Delete Group" linkFile="src/test/jmeter/ph_6.4/regression/group/DeleteGroup_DeviceManagement.xml" description="Deletes Group in the Device Management side menu" severity="Blocker">
		<parameter name="groupName" value="$$staticGroupName"/>
	</step>
</steps>