<steps>
	<step type="START-DS" name="Start DS" description="Performs - START-DS " severity="Blocker">
		<parameter name="DEVICE_ID" value="fw-device-7964" />
		<parameter name="ACS_IP" value="props::ACS_IP" />
		<parameter name="DEVICE_DATA_MODEL_NAME" value="props::DEVICE_DATA_MODEL_NAME" />
	</step>
	<step type="JAVA" name="Login" description="PrimeHome Login" severity="Blocker">
		<component name="textbox"  action="entervalue" xpath="login.username" value="props::PH_LOGIN_USERNAME"/>
		<component name="textbox"  action="entervalue" xpath="login.password" value="props::PH_LOGIN_PASSWORD" />
		<component name="button" action="click" 	 xpath="login.submit"  />
	</step>	
	<!-- change report param value -->
	<step type="JAVA" name="Click System Tab" description="Performs - Click System Tab" severity="Blocker">
		<component name="link"   action="click"      xpath="tab.system" />
	</step>
	<step type="JAVA" name="Click Configuration SideMenu" description="Performs - Click Configuration SideMenu" severity="Blocker">
		<component name="link"   action="click"      xpath="sidemenu.system.configuration" />
	</step>
	<step type="JAVA" name="Change report parameter" description="Change report parameter" severity="Blocker">
		<component name="timer" value="1" />
		<component name="select"   action="entervalue"   xpath="system.confguration.report.parameter" type="autocomplete" value="dlc.fw_upgrade.report.reportStaleness" />
		<component name="timer" value="1" />
		<component name=""   action="extract" type="string"  xpath="system.configuration.report.parameter.link" value="reportValue" />		
		<if value1="$$reportValue" value2="0" condition="not-equals">
			<component name="link" action="click" 	 xpath="system.configuration.report.parameter.link" />
			<component name="textbox"   action="entervalue"   xpath="system.configuration.report.parameter.input" value="0" />
			<component name="button" action="click" 	 xpath="system.configuration.report.parameter.save" />
			<component name="timer" value="3" />
			<component name="notification" action="validate" xpath="notification.message" compareWith="Configuration key dlc.fw_upgrade.report.reportStaleness value is set to '0'"  valdesc="Check Success Notification" valkey="Notification "/>
		</if>
		<component name="timer" value="1" />
	</step>
	<step type="JAVA" name="Click Configuration SideMenu" description="Performs - Click Configuration SideMenu" severity="Blocker">
		<component name="link"   action="click"      xpath="sidemenu.system.configuration" />
	</step>
		<step type="JAVA" name="Change report block parameter value" description="Change report block parameter value" severity="Blocker">
		<component name="timer" value="1" />
		<component name="select"   action="entervalue"   xpath="system.confguration.report.parameter" type="autocomplete" value="dlc.fw_upgrade.block_upgrade.enable" />
		<component name="timer" value="1" />
		<component name=""   action="extract" type="string"  xpath="system.configuration.report.parameter.fwblock.link" value="reportValue" /> 
		<if value1="$$reportValue" value2="false" condition="not-equals">
		<component name="link" action="click" xpath="system.configuration.report.parameter.fwblock.link" />
		<component name="textbox"   action="entervalue"   xpath="system.configuration.report.parameter.input" value="false" />
		<component name="button" action="click" xpath="system.configuration.report.parameter.save" />
		<component name="timer" value="3" />
		<component name="notification" action="validate" xpath="notification.message" compareWith="Configuration key dlc.fw_upgrade.block_upgrade.enable value is set to 'false'" valdesc="Check Success Notification" valkey="firmware_upgrade_mode"/>
		</if>
		<component name="timer" value="1" />
	</step>

	<!-- create group -->
	<step type="JAVA" name="Click Operations Tab" description="Performs - Click Operations Tab" severity="Blocker">
		<component name="link"   action="click"      xpath="tab.operations" />
	</step>
	<step type="JAVA" name="Click SideMenu" description="Performs - Click SideMenu" severity="Blocker">
		<component name="link"   action="click"      xpath="sidemenu.operations.groups" />
	</step>
	<step type="JAVA" name="Create Group" linkFile="src/test/jmeter/ph_6.4/regression/group/CreateGroup.xml" description="Performs - Create Group" severity="Blocker">
		<parameter name="Notification" value="pass" />
		<parameter name="groupName" value="fwgroup-7964" />
		<parameter name="groupDesc" value="fwgroup-7964 description" />
	</step>
	<!-- Create File Management -->
	<step type="JAVA" name="Click File Management SideMenu" description="Click File Management SideMenu" severity="Blocker">
		<component name="link"   action="click"      xpath="sidemenu.operations.filemanagement" />
	</step>
	<step type="JAVA" name="Create FileManagement"  description="Performs - Create FileManagement" severity="Blocker" linkFile="src/test/jmeter/ph_6.4/regression/configurationsets/CreateFileManagement.xml">
		<parameter name="fmFileType" value="DLC Firmware"/>
		<parameter name="fmTitle" value="dlcfirmware7964"/> 
		<parameter name="fmSoftwareVersion" value="2.0"/> 
		<parameter name="fmURL" value="https://server.com?version=2.0"/> 
	</step>
	<!-- Create ConfigurationSet -->
	<step type="JAVA" name="Click Configuration Sets SideMenu" description="click configuration set sidemenu" severity="Blocker">
		<component name="link"   action="click"      xpath="sidemenu.operations.configurationset" />
	</step>	
	<step type="JAVA" name="Create Config Set Root Level" linkFile="src/test/jmeter/ph_6.4/regression/configurationsets/ConfigurationSet.xml" description="configuration set creation on root level" severity="Blocker" >
		<parameter name="configName" value="fwconfigset-7964" />
		<parameter name="configDesc" value="New FW-Config set decription" />
	</step>
	<step type="JAVA" name="Activate Config Set Root Level" linkFile="src/test/jmeter/ph_6.4/regression/configurationsets/ActivateConfigurationSet.xml" description="activate configuration set on root level" severity="Blocker">		
	</step>
	<!-- associate group to config set-->
	<step type="JAVA" name="Configuration Set Group association on root level" linkFile="src/test/jmeter/ph_6.4/regression/configurationsets/ConfigurationSet_AssocGroup.xml" description="group association with config set on root level" severity="Blocker" >		
		<parameter name="groupName" value="fwgroup-7964" />
	</step>
	<step type="JAVA" name="Click Configuration Sets SideMenu" description="click configuration set sidemenu" severity="Blocker">
		<component name="link"   action="click"      xpath="sidemenu.operations.configurationset" />
	</step>	
	<!-- associate file management to config set-->
	<step type="JAVA" name="Associate FileManagement Configuration Set" linkFile="src/test/jmeter/ph_6.4/regression/configurationsets/ConfigurationSet_FileManagement.xml" description="Associate DLC firmware to config set" severity="Blocker" >
		<parameter name="fileType" value="DLC Firmware" />
		<parameter name="fileName" value="dlcfirmware7964" />
		<parameter name="fileStatus" value="Enable" />
	</step>
		<!-- Validate Firmware Monitoring -->
	<step type="JAVA" name="Click Operations Tab" description="Performs - Click Operations Tab" severity="Blocker">
		<component name="link"   action="click"      xpath="tab.operations" />
	</step>
	<step type="JAVA" name="Click Firmware Monitoring SideMenu" description="Performs - Click Firmware Monitoring SideMenu" severity="Blocker">
		<component name="link"   action="click"      xpath="sidemenu.operations.firmwaremonitoring" />
	</step>
	<step type="JAVA" name="Firmware Monitoring Statistics Report Before Upgrade" description="Performs - Firmware Monitoring Statistics Report Before Upgrade" severity="Blocker">
		<component name="timer" value="4" />
		<component name="textbox"  action="entervalue" xpath="operations.firmwaremonitoring.report.name" type="autocomplete" value="$$configName"/>
		<!-- <component name="select" action="entervalue" xpath="operations.firmwaremonitoring.report.group" type="autocomplete" value="$$groupName" /> -->
		<component name="radiobutton" xpath="operations.firmwaremonitoring.report.type" action="click" xpathInput="statistic_only" />
		<component name="button" action="click" xpath="operations.firmwaremonitoring.report.generate"  />
		<component name="timer" value="3" />
		<component name=""   action="extract"  type="table"    xpath="operations.firmwaremonitoring.report.statisticdata" saveTo="firmwarestatistics" />
		<component name=""   action="extract"  type="table"    xpath="operations.firmwaremonitoring.report.devicestatistics" saveTo="devicestatistics" />		
		<component name=""   action="rowaction" value="JMETEROBJ::firmwarestatistics" compareWith="DLC Firmware"  columnindex="1,2" saveTo="TargetDevices" tableaction="gettext" elementtype="text"/>	
		<component name=""   action="rowaction" value="JMETEROBJ::firmwarestatistics" compareWith="DLC Firmware"  columnindex="1,3" saveTo="HavenotStarted" tableaction="gettext" elementtype="text"/>	
		<component name=""   action="rowaction" value="JMETEROBJ::firmwarestatistics" compareWith="DLC Firmware"  columnindex="1,4" saveTo="Success" tableaction="gettext" elementtype="text"/>	
		<component name=""   action="rowaction" value="JMETEROBJ::firmwarestatistics" compareWith="DLC Firmware"  columnindex="1,5" saveTo="Failed" tableaction="gettext" elementtype="text"/>	
		<component name=""   action="rowaction" value="JMETEROBJ::firmwarestatistics" compareWith="DLC Firmware"  columnindex="1,6" saveTo="InProgress" tableaction="gettext" elementtype="text"/>	
		<!-- <component name=""   action="tabledata" value="JMETEROBJ::firmwarestatistics" /> -->
		<component name=""   action="tabledata" value="JMETEROBJ::devicestatistics" />		
	</step>
	<!-- Get software version before upgrade -->
	<step type="JAVA" name="Navigate to device" description="Navigate to device" severity="Blocker">
		<component name="timer" value="3" />
		<component name="textbox"  action="entervalue" xpath="advancedsearch.textbox" value="$$DEVICE_ID"/>
		<component name="button"  action="click" xpath="advancedsearch.findbutton" />
		<component name="timer" value="15" />
	</step>
	<step type="JAVA" name="Get Software Version Before Upgrade" description="Get Software Version Before Upgrade" severity="Blocker">	
		<component name="timer" value="1" />
		<component name="button"  action="click" xpath="deviceview.devicepage.properties.path" xpathInput="1" />
		<component name="timer" value="1" />
		<component name=""   action="extract" xpath="deviceview.devicepage.properties.table"  xpathInput="1" saveTo="devicepropversions" type="table" isHeaderAvailable="no"/>
		<component name=""   action="rowaction" value="JMETEROBJ::devicepropversions" compareWith="Software Version:"  columnindex="1,2" saveTo="SoftwareVersion" tableaction="gettext" elementtype="text"/>
		<component name="timer" value="1" />
	</step>
	<step type="JAVA" name="Force Firmware Upgrade" description="Force Firmware Upgrade" severity="Blocker">
		<component name="link"  action="click" xpath="operations.quick-actions.link" xpathInput="Force Firmware Upgrade"/>
		<component name="timer" value="1" />
		<component name="select"   action="entervalue" xpath="operations.quick-actions.select.dlcfirmware" type="regular" value="Forced" />
		<component name="button" action="click" xpath="popup.message.ok"  />	
		<component name="timer" value="4" />
		<component name="notification" action="validate" xpath="notification.message" condition="contains" compareWith="Quick actions ( Force Firmware Upgrade ) : Operation completed successfully" valdesc="Force Firmware Upgrade" valkey="Force Firmware Upgrade" />
		<component name="timer" value="2" />
	</step>
	<!-- Send boot Event -->
	<step type="DS" name="Send Boot Event" description="Performs - Send Boot Event " severity="Blocker">
		<component operation="sendEvent" name="Periodic"/>
		<component name="timer" value="30" />
	</step>
	<!-- Validate Firmware Monitoring -->
	<step type="JAVA" name="Click Operations Tab" description="Performs - Click Operations Tab" severity="Blocker">
		<component name="link"   action="click"      xpath="tab.operations" />
	</step>
	<step type="JAVA" name="Click Firmware Monitoring SideMenu" description="Performs - Click Firmware Monitoring SideMenu" severity="Blocker">
		<component name="link"   action="click"      xpath="sidemenu.operations.firmwaremonitoring" />
	</step>
	<step type="JAVA" name="Firmware Monitoring Statistics Report After Upgrade" description="Performs - Firmware Monitoring Statistics Report After Upgrade" severity="Blocker">
		<component name="textbox"  action="entervalue" xpath="operations.firmwaremonitoring.report.name" type="autocomplete" value="$$configName"/>
		<!-- <component name="select" action="entervalue" xpath="operations.firmwaremonitoring.report.group" type="autocomplete" value="$$groupName" /> -->
		<component name="radiobutton" xpath="operations.firmwaremonitoring.report.type" action="click" xpathInput="statistic_and_report" />
		<component name="button" action="click" xpath="operations.firmwaremonitoring.report.generate"  />
		<component name="timer" value="3" />
		<component name=""  action="exportedfilename" saveTo="fwugdfilename"/>
		<component name="timer" value="1" />
		<component name=""  action="readcsvfile" value="$$fwugdfilename" saveTo="fwcsvresult" splitBy="," />
		<component name=""   action="extract"  type="table"    xpath="operations.firmwaremonitoring.report.statisticdata" saveTo="firmwarestatistics" />
		<component name=""   action="extract"  type="table"    xpath="operations.firmwaremonitoring.report.devicestatistics" saveTo="devicestatistics" />		
		<component name=""   action="rowaction" value="JMETEROBJ::firmwarestatistics" compareWith="DLC Firmware"  columnindex="1,2" saveTo="TargetDevices" tableaction="gettext" elementtype="text"/>	
		<component name=""   action="rowaction" value="JMETEROBJ::firmwarestatistics" compareWith="DLC Firmware"  columnindex="1,3" saveTo="HavenotStarted" tableaction="gettext" elementtype="text"/>	
		<component name=""   action="rowaction" value="JMETEROBJ::firmwarestatistics" compareWith="DLC Firmware"  columnindex="1,4" saveTo="Success" tableaction="gettext" elementtype="text"/>	
		<component name=""   action="rowaction" value="JMETEROBJ::firmwarestatistics" compareWith="DLC Firmware"  columnindex="1,5" saveTo="Failed" tableaction="gettext" elementtype="text"/>	
		<component name=""   action="rowaction" value="JMETEROBJ::firmwarestatistics" compareWith="DLC Firmware"  columnindex="1,6" saveTo="InProgress" tableaction="gettext" elementtype="text"/>	
		<!-- <component name=""   action="tabledata" value="JMETEROBJ::firmwarestatistics" /> -->
		<component name=""   action="tabledata" value="JMETEROBJ::devicestatistics" />	
			
	</step>
	<step type="JAVA" name="Navigate to device" description="Navigate to device" severity="Blocker">
		<component name="timer" value="3" />
		<component name="textbox"  action="entervalue" xpath="advancedsearch.textbox" value="$$DEVICE_ID"/>
		<component name="button"  action="click" xpath="advancedsearch.findbutton" />
		<component name="timer" value="15" />
	</step>
	<!-- get software version after upgrade -->
	<step type="JAVA" name="Get Software Version After Upgrade" description="Get Software Version After Upgrade" severity="Blocker">	
		<component name="timer" value="1" />
		<component name="button"  action="click" xpath="deviceview.devicepage.properties.path" xpathInput="1" />
		<component name="timer" value="1" />
		<component name=""   action="extract" xpath="deviceview.devicepage.properties.table"  xpathInput="1" saveTo="devicepropversions" type="table" isHeaderAvailable="no"/>
		<component name=""   action="rowaction" value="JMETEROBJ::devicepropversions" compareWith="Software Version:"  columnindex="1,2" saveTo="SoftwareVersion" tableaction="gettext" elementtype="text"/>
		<component name="timer" value="1" />
	</step>
	<!-- delete config set -->
	<step type="JAVA" name="Click Operations Tab" description="Performs - Click Operations Tab" severity="Blocker">
		<component name="link"   action="click"      xpath="tab.operations" />
	</step>
	<step type="JAVA" name="Click Configuration Sets SideMenu" description="click configuration set sidemenu" severity="Blocker">
		<component name="link"   action="click"      xpath="sidemenu.operations.configurationset" />
	</step>	
	<step type="JAVA" name="Delete Config Set Root Level" linkFile="src/test/jmeter/ph_6.4/regression/configurationsets/DeleteCSET.xml" description="Delete configuration set on root level" severity="Blocker">
		<parameter name="Notification" value="pass" />
	</step>
	<!-- delete file management -->
	<step type="JAVA" name="Click File Management SideMenu" description="Click File Management SideMenu" severity="Blocker">
		<component name="link"   action="click"      xpath="sidemenu.operations.filemanagement" />
	</step>
	<step type="JAVA" name="Delete FileManagement" linkFile="src/test/jmeter/ph_6.4/regression/filemanagement/DeleteFileManagement.xml" description="Delete FileManagement" severity="Blocker">	
		<parameter name="Notification" value="pass" />	
	</step>
	<!-- delete group -->
	<step type="JAVA" name="Click Groups SideMenu" description="Performs - Click Groups SideMenu" severity="Blocker">
		<component name="link" xpath="sidemenu.operations.groups" action="click" />
	</step>
	<step type="JAVA" name="Delete Group"  linkFile="src/test/jmeter/ph_6.4/regression/group/DeleteGroup.xml" description="Performs - Delete Group" severity="Blocker">
		<parameter name="Notification" value="pass" />
	</step>
	<!-- Change report parameters -->
	<step type="JAVA" name="Click System Tab" description="Performs - Click System Tab" severity="Blocker">
		<component name="link"   action="click"      xpath="tab.system" />
	</step>
	<step type="JAVA" name="Click Configuration SideMenu" description="Performs - Click Configuration SideMenu" severity="Blocker">
		<component name="link"   action="click"      xpath="sidemenu.system.configuration" />
	</step>
	<step type="JAVA" name="Change report parameter" description="Change report parameter" severity="Blocker">
		<component name="timer" value="1" />
		<component name="select"   action="entervalue"   xpath="system.confguration.report.parameter" type="autocomplete" value="dlc.fw_upgrade.report.reportStaleness" />
		<component name="timer" value="1" />
		<component name=""   action="extract" type="string"  xpath="system.configuration.report.parameter.link" value="reportValue" />		
		<if value1="$$reportValue" value2="0" condition="equals">
			<component name="link" action="click" 	 xpath="system.configuration.report.parameter.link" />
			<component name="textbox"   action="entervalue"   xpath="system.configuration.report.parameter.input" value="5m" />
			<component name="button" action="click" 	 xpath="system.configuration.report.parameter.save" />
			<component name="timer" value="3" />
			<component name="notification" action="validate" xpath="notification.message" compareWith="Configuration key dlc.fw_upgrade.report.reportStaleness value is set to '5m'"  valdesc="Check Success Notification" valkey="Notification "/>
		</if>
		<component name="timer" value="1" />
	</step>
	<step type="JAVA" name="Click Configuration SideMenu" description="Performs - Click Configuration SideMenu" severity="Blocker">
		<component name="link"   action="click"      xpath="sidemenu.system.configuration" />
	</step>
		<step type="JAVA" name="Change report block parameter value" description="Change report block parameter value" severity="Blocker">
		<component name="timer" value="1" />
		<component name="select"   action="entervalue"   xpath="system.confguration.report.parameter" type="autocomplete" value="dlc.fw_upgrade.block_upgrade.enable" />
		<component name="timer" value="1" />
		<component name=""   action="extract" type="string"  xpath="system.configuration.report.parameter.fwblock.link" value="reportValue" /> 
		<if value1="$$reportValue" value2="false" condition="equals">
			<component name="link" action="click" xpath="system.configuration.report.parameter.fwblock.link" />
			<component name="textbox"   action="entervalue"   xpath="system.configuration.report.parameter.input" value="true" />
			<component name="button" action="click" xpath="system.configuration.report.parameter.save" />
			<component name="timer" value="3" />
			<component name="notification" action="validate" xpath="notification.message" compareWith="Configuration key dlc.fw_upgrade.block_upgrade.enable value is set to 'true'" valdesc="Check Success Notification" valkey="firmware_upgrade_mode"/>
		</if>
		<component name="timer" value="1" />
	</step>
</steps>

