<steps>
	<step type="START-DS" name="Start DS" description="Performs - START-DS " severity="Blocker">
		<parameter name="DEVICE_ID" value="dlc-200-dev-tc8445" />
		<parameter name="ACS_IP" value="props::ACS_IP" />
		<parameter name="DEVICE_DATA_MODEL_NAME" value="Gateway - DLC 200" />
	</step>
	<step type="JAVA" name="Login" description="PrimeHome Login" severity="Blocker">
		<component name="textbox"  action="entervalue" xpath="login.username" value="props::PH_LOGIN_USERNAME"/>
		<component name="textbox"  action="entervalue" xpath="login.password" value="props::PH_LOGIN_PASSWORD" />
		<component name="button" action="click" 	 xpath="login.submit"  />
	</step>	
	<step type="JAVA" name="Click Dashboard Tab" description="Click Dashboard Tab" severity="Blocker">
		<component name="link"   action="click"      xpath="tab.dashboard" />
	</step>
	<step type="JAVA" name="Click Search Devices SideMenu" description="Click Search Devices SideMenu" severity="Blocker">
		<component name="link"   action="click"      xpath="sidemenu.dashboard.searchdevices" />
	</step>
	<step type="JAVA" name="Navigate to device" description="Navigate to device" severity="Blocker">
		<parameter name="SerialNo" value="'Serial Number'='dlc-200-dev-tc8445'" />	
		<component name="textbox"  action="entervalue" xpath="operations.devicemanagement.query" value="$$SerialNo"/>
		<component name="button"  action="click" xpath="operations.devicemanagement.query.find" />
		<component name="timer" value="2" />
		<component name="button"  action="click" xpath="dashboard.searchdevices.quicksearch.device" xpathInput="$$DEVICE_ID"/>
		<component name="timer" value="8" />
	</step>
	<step type="JAVA" name="Device View Portlet : Device Online" description="Device View Portlet" severity="Blocker">
		<component name=""  action="save" xpath="deviceview.device.status" saveTo="deviceOnline" attrName="class" compareWith="dvCircle circle-green" valdesc="Device View Portlet : Device Online" valkey="Device Status"/>		
		<component name="timer" value="3" />
	</step>
	<step type="JAVA" name="Device View : DLC200 Image from UI" description="Device View : DLC200 Image" severity="Blocker">	
		<component name="timer" value="2" />
		<component name=""  action="save" xpath="deviceview.devicepage.properties.dlc200.backpanelimage" saveTo="dlc200img" attrName="src" compareWith="dlc200" condition="contains" valdesc="Device View Portlet : DLC-200 Back PanelImage" valkey="DLC200 Image"/>	
	</step>
	<!-- lan hosts -->
	<step type="JAVA" name="Click LAN Hosts SideMenu" description="Click LAN Hosts SideMenu" severity="Blocker">
		<component name="link"   action="click"      xpath="sidemenu.deviceview.lanhosts" />
		<component name="timer" value="3" />
	</step>
	<step type="JAVA" name="LAN Hosts" description="LAN Hosts" severity="Blocker">
		<component name="timer" value="3" />
		<component name=""   action="extract"  type="table"    xpath="deviceview.lanhosts.table" saveTo="lanHostsDetails" />
		<component name=""   action="headervalidate" value="JMETEROBJ::lanHostsDetails" compareWith="Status,Host,Connection Type,IP Address,MAC Address,Vendor,Ping" valdesc="Verify LAN Hosts Headers" valkey="LAN Hosts Header"/>
		
	</step>
	
	<step type="JAVA" name="Click System Status SideMenu" description="Click System Status SideMenu" severity="Blocker">
		<component name="link"   action="click"      xpath="sidemenu.deviceview.systemstatus" />
		<component name="timer" value="3" />
	</step>
	<step type="JAVA" name="System Details" description="System Details" severity="Blocker">
		<component name="button"   action="click"  xpath="deviceview.systemstatus.tab" xpathInput="0" />
	`	<component name="timer" value="1" />
		<component name=""   action="extract"  type="table"    xpath="deviceview.systemstatus.table" xpathInput="0" saveTo="systemDetails" isHeaderAvailable="no"/>
		<component name=""   action="rowaction" value="JMETEROBJ::systemDetails" compareWith="IMEI:" columnindex="1,2" dataindex="1" saveTo="IMEI" tableaction="gettext" elementtype="text" />
		<!-- <component name=""   action="rowaction" value="JMETEROBJ::systemDetails" compareWith="Serial Number:" columnindex="1,2" dataindex="1" saveTo="SerialNo" tableaction="gettext" elementtype="text" />	 -->
		<component name=""   action="rowaction" value="JMETEROBJ::systemDetails" compareWith="DLA Status:" columnindex="1,2" dataindex="1" saveTo="DLAState" tableaction="gettext" elementtype="text"/>
		<component name=""   action="rowaction" value="JMETEROBJ::systemDetails" compareWith="Upgrade Mode:" columnindex="1,2" dataindex="1" saveTo="UpgradeMode" tableaction="gettext" elementtype="text" />		
		<component name=""   action="rowaction" value="JMETEROBJ::systemDetails" compareWith="Time Status:" columnindex="1,2" dataindex="1" saveTo="TimeStatus" tableaction="gettext" elementtype="text" />		
		<component name=""   action="rowaction" value="JMETEROBJ::systemDetails" compareWith="System Mode Status:" columnindex="1,2" dataindex="1" saveTo="SystemModeState" tableaction="gettext" elementtype="text" />
		
	</step>
	<step type="JAVA" name="System wifi" description="System wifi" severity="Blocker">
		<component name="button"   action="click"  xpath="deviceview.systemstatus.tab" xpathInput="3" />
	`	<component name="timer" value="1" />
		<component name=""   action="extract"  type="table"    xpath="deviceview.systemstatus.table" xpathInput="3" saveTo="systemDetails" isHeaderAvailable="no"/>
		<component name=""   action="rowaction" value="JMETEROBJ::systemDetails" compareWith="Wifi Channel Selector:" columnindex="1,2" dataindex="1" saveTo="wifichannel" tableaction="gettext" elementtype="text" />
		<component name=""   action="rowaction" value="JMETEROBJ::systemDetails" compareWith="Wifi Channel Selected:" columnindex="1,2" dataindex="1" saveTo="wifichannelselected" tableaction="gettext" elementtype="text" />	
		<component name=""   action="rowaction" value="JMETEROBJ::systemDetails" compareWith="Wifi Max Bit Rate:" columnindex="1,2" dataindex="1" saveTo="wifimaxrate" tableaction="gettext" elementtype="text"/>
		<component name=""   action="rowaction" value="JMETEROBJ::systemDetails" compareWith="Wifi Site Survey Number of APs:" columnindex="1,2" dataindex="1" saveTo="wifesitenumber" tableaction="gettext" elementtype="text" />
	</step>
	<step type="JAVA" name="System Certificate" description="System Certificate" severity="Blocker">
		<component name="button"   action="click"  xpath="deviceview.systemstatus.tab" xpathInput="1" />
	`	<component name="timer" value="1" />
		<component name=""   action="extract"  type="table"    xpath="deviceview.systemstatus.table" xpathInput="1" saveTo="systemDetails" isHeaderAvailable="no"/>
		<component name=""   action="rowaction" value="JMETEROBJ::systemDetails" compareWith="Certificate Installation Date:" columnindex="1,2" dataindex="1" saveTo="CertificateInstallationDate" tableaction="gettext" elementtype="text" />
		<component name=""   action="rowaction" value="JMETEROBJ::systemDetails" compareWith="Certificate Expiration Date:" columnindex="1,2" dataindex="1" saveTo="CertificateExpirationDate" tableaction="gettext" elementtype="text" />	
		<component name=""   action="rowaction" value="JMETEROBJ::systemDetails" compareWith="Certificate Issue Date:" columnindex="1,2" dataindex="1" saveTo="CertificateIssueDate" tableaction="gettext" elementtype="text"/>
		<component name=""   action="rowaction" value="JMETEROBJ::systemDetails" compareWith="Certificate Update Requested:" columnindex="1,2" dataindex="1" saveTo="CertificateUpdateRequested" tableaction="gettext" elementtype="text" />
		<component name=""   action="rowaction" value="JMETEROBJ::systemDetails" compareWith="Certificate Update Error:" columnindex="1,2" dataindex="1" saveTo="CertificateUpdateError" tableaction="gettext" elementtype="text" />
		<component name=""   action="rowaction" value="JMETEROBJ::systemDetails" compareWith="Birth Certificate Status:" columnindex="1,2" dataindex="1" saveTo="BirthCertificateStatus" tableaction="gettext" elementtype="text" />
		<component name=""   action="rowaction" value="JMETEROBJ::systemDetails" compareWith="Certificate Update Mechanism:" columnindex="1,2" dataindex="1" saveTo="CertificateUpdateMechanism" tableaction="gettext" elementtype="text" />
	</step>
`	<step type="JAVA" name="System 3G" description="System 3G" severity="Blocker">
		<component name="button"   action="click"  xpath="deviceview.systemstatus.tab" xpathInput="4" />
	`	<component name="timer" value="1" />
		<component name=""   action="extract"  type="table"    xpath="deviceview.systemstatus.table" xpathInput="4" saveTo="systemDetails" isHeaderAvailable="no"/>
		<component name=""   action="rowaction" value="JMETEROBJ::systemDetails" compareWith="3G Cell EcNo:" columnindex="1,2" dataindex="1" saveTo="3GCellEcNo" tableaction="gettext" elementtype="text" />
		<component name=""   action="rowaction" value="JMETEROBJ::systemDetails" compareWith="3G Cell RSCP:" columnindex="1,2" dataindex="1" saveTo="3GCellRSCP" tableaction="gettext" elementtype="text" />	
		<component name=""   action="rowaction" value="JMETEROBJ::systemDetails" compareWith="3G Cell RSSI:" columnindex="1,2" dataindex="1" saveTo="3GCellRSSI" tableaction="gettext" elementtype="text"/>
		<component name=""   action="rowaction" value="JMETEROBJ::systemDetails" compareWith="3G LAC:" columnindex="1,2" dataindex="1" saveTo="3GLAC" tableaction="gettext" elementtype="text" />
		<component name=""   action="rowaction" value="JMETEROBJ::systemDetails" compareWith="3G Frequency Band:" columnindex="1,2" dataindex="1" saveTo="3GFrequencyBand" tableaction="gettext" elementtype="text" />
		<component name=""   action="rowaction" value="JMETEROBJ::systemDetails" compareWith="3G UARFCN:" columnindex="1,2" dataindex="1" saveTo="3GUARFCN" tableaction="gettext" elementtype="text" />
		<component name=""   action="rowaction" value="JMETEROBJ::systemDetails" compareWith="3G Scrambling Code:" columnindex="1,2" dataindex="1" saveTo="3GScramblingCode" tableaction="gettext" elementtype="text" />
		<component name=""   action="rowaction" value="JMETEROBJ::systemDetails" compareWith="3G Cell ID:" columnindex="1,2" dataindex="1" saveTo="3GCellID" tableaction="gettext" elementtype="text" />
		<component name=""   action="rowaction" value="JMETEROBJ::systemDetails" compareWith="3G Serving Cell:" columnindex="1,2" dataindex="1" saveTo="3GServingCell" tableaction="gettext" elementtype="text" />
	</step>
	<step type="JAVA" name="System Battery" description="System Battery" severity="Blocker">
		<component name="button"   action="click"  xpath="deviceview.systemstatus.tab" xpathInput="2" />
	`	<component name="timer" value="1" />
		<component name=""   action="extract"  type="table"    xpath="deviceview.systemstatus.table" xpathInput="2" saveTo="systemDetails" isHeaderAvailable="no"/>
		<component name=""   action="rowaction" value="JMETEROBJ::systemDetails" compareWith="Battery Capacity:" columnindex="1,2" dataindex="1" saveTo="BatteryCapacity" tableaction="gettext" elementtype="text" />
		<component name=""   action="rowaction" value="JMETEROBJ::systemDetails" compareWith="Battery Temperature:" columnindex="1,2" dataindex="1" saveTo="BatteryTemperature" tableaction="gettext" elementtype="text"/>
		<component name=""   action="rowaction" value="JMETEROBJ::systemDetails" compareWith="Power Mgmt Temperature:" columnindex="1,2" dataindex="1" saveTo="PowerMgmtTemperature" tableaction="gettext" elementtype="text" />
		<component name=""   action="rowaction" value="JMETEROBJ::systemDetails" compareWith="Battery Needs Replacing:" columnindex="1,2" dataindex="1" saveTo="BatteryNeedsReplacing" tableaction="gettext"  elementtype="text" />
		<component name="timer" value="2" />		
	</step>
	<!-- software inventory -->
	<step type="JAVA" name="Click Software Inventory SideMenu" description="Click Software Inventory SideMenu" severity="Blocker">
		<component name="link"   action="click"      xpath="sidemenu.deviceview.softwareinventory" />
		<component name="timer" value="3" />
	</step>
	<step type="JAVA" name="Software Inventory" description="Software Inventory" severity="Blocker">
		<!-- dlc -->
		<component name="button"   action="click"  xpath="deviceview.devicepage.softwareinventory.tab" xpathInput="1" />	
		<component name="timer" value="3" />
		<component name=""   action="extract"  type="table"    xpath="deviceview.devicepage.softwareinventory.dlc.table" saveTo="dlcswinventory" />		
		<component name=""   action="tabledata" value="JMETEROBJ::dlcswinventory" />	
		<component name="timer" value="2" />
		<!-- external devices -->
		<component name="button"   action="click"  xpath="deviceview.devicepage.softwareinventory.tab" xpathInput="2" />	
		<component name="timer" value="3" />		
		<component name=""   action="save" xpath="deviceview.devicepage.softwareinventory.extdev.pagenavigation" attrName="class" xpathInput="2" saveTo="pageNavStatus" />
		<if value1="$$pageNavStatus" value2="inline pageNav-double-next" condition="equals">
			<component name=""   action="extract" type="pagnavsize" xpath="deviceview.devicepage.softwareinventory.extdev.pagenavigation.totalvalue" xpathInput="2" attrName="title" saveTo="TotalPageSize" />
		</if>
		<if value1="$$pageNavStatus" value2="inline pageNav-double-next-disable" condition="equals">
			<component name=""   action="extract" type="elementsize" xpath="deviceview.devicepage.softwareinventory.extdev.pagenavigation" xpathInput="3" saveTo="TotalPageSize" />
		</if>
		<if value1="$$pageNavStatus" value2="noelement" condition="equals">
			<component name=""   action="extract" type="elementsize" xpath="deviceview.devicepage.softwareinventory.extdev.pagenavigation" xpathInput="3" saveTo="TotalPageSize" />
		</if>
		<component name="timer" value="2" />
		<loop value="$$TotalPageSize" condition="paging">
			<component name=""   action="extract"  type="table"    xpath="deviceview.devicepage.softwareinventory.extdevice.table" saveTo="extdeviceswinventory" />		
			<component name="timer" value="1" />
			<component name=""   action="tabledata" value="JMETEROBJ::extdeviceswinventory" />	
			<component name="timer" value="2" />			
		</loop>
	</step>
	<!-- wireless-settings -->
	<step type="JAVA" name="Click Wireless Settings SideMenu" description="Click Wireless Settings SideMenu" severity="Blocker">
		<component name="link"   action="click"      xpath="sidemenu.deviceview.wirelesssettings" />
	</step>
	<step type="JAVA" name="Set Wireless Channel Value" description="Changing Wireless Channel" severity="Blocker">
		<parameter name="WirelessChannel" value="3" />		
		<component name="timer" value="5" />			
		<component name="select"   action="entervalue" xpath="deviceview.wireless-settings.listbox" xpathInput="2" type="custom" value="$$WirelessChannel" />
		<component name="timer" value="1" />	
		<component name="button" action="click" xpath="deviceview.wireless-settings.apply" />	
		<component name="timer" value="4" />		
		<component name="notification" action="validate" xpath="notification.message" compareWith="Wireless Settings: Operation completed successfully" valdesc="Wireless Settings Changed" valkey="Wireless Settings Chnage"/>
		<component name="timer" value="2" />			
	</step>
	<step type="JAVA" name="Validate Channel Selected" description="Validate Channel Selected" severity="Blocker">
		<component name=""  action="validate" xpath="deviceview.wireless-settings.channelvalue"  xpathInput="4"	 compareWith="$$WirelessChannel" valdesc="Verify Channel Selected" valkey="Channel Selected"/>
	</step>
	<step type="JAVA" name="Validate Wireless Settings Parameters" description="Validate Wireless Settings Parameters" severity="Blocker">
		<component name="timer" value="2" />
		<component name=""   action="extract" xpath="deviceview.wireless-settings.table"  saveTo="wirelessData" type="table" />
		<component name=""   action="rowaction" value="JMETEROBJ::wirelessData" compareWith="HOME-5CD8"  saveTo="wirelessSSID" columnindex="1,1" dataindex="1,1" tableaction="getlinktext" elementtype="linktext"/>
		<component name=""   action="validatelist" value="JMETEROBJ::wirelessSSID" compareWith="HOME-5CD8"  condition="equals" valdesc="Validate SSID" valkey="SSID Name" />
		<!-- <component name=""   action="rowaction" value="JMETEROBJ::wirelessData" compareWith="WPA"  saveTo="wirelessType" columnindex="3,3" dataindex="1" tableaction="gettext" elementtype="text"/> -->
		<!-- <component name=""   action="validatelist" value="JMETEROBJ::wirelessType" compareWith="WPA"  condition="equals" valdesc="Validate Wireless Type" valkey="Wireless Type" /> -->
		<component name=""   action="rowaction" value="JMETEROBJ::wirelessData" compareWith="status_enable inline"  saveTo="wirelessStatus" columnindex="4,4" dataindex="1" tableaction="getattribute" attrName="class" elementtype="attribute"/>
		<component name=""   action="validatelist" value="JMETEROBJ::wirelessStatus" compareWith="status_enable inline"  condition="equals" valdesc="Validate Wireless Status" valkey="Wireless Status" />
		
		<!-- <component name=""   action="rowaction" value="JMETEROBJ::wirelessData" compareWith="ATT76A3"  saveTo="wirelessSSID" columnindex="1,1" dataindex="1" tableaction="click" elementtype="linktext"/> -->
		<component name="timer" value="4" />
	</step>
	<!-- wan connectivity -->
	<step type="JAVA" name="Click WAN Connectivity SideMenu" description="Click WAN Connectivity SideMenu" severity="Blocker">
		<component name="link"   action="click"      xpath="sidemenu.deviceview.wanconnectivity" />
		<component name="timer" value="3" />
	</step>
	<step type="JAVA" name="Validate WAN Connectivity Tabs" description="Validate WAN Connectivity Tabs" severity="Blocker">
		<component name=""   action="extract"  type="string"    xpath="deviceview.wanconnectivity.tab" xpathInput="1" saveTo="ethernet" />
		<component name=""   action="validatevalues"  value="$$ethernet"  compareWith="Ethernet" valdesc="Ethernet Tab to be present" valkey="Ethernet Tab"/>		
		<component name=""   action="extract"  type="string"    xpath="deviceview.wanconnectivity.tab" xpathInput="2" saveTo="3g" />
		<component name=""   action="validatevalues"  value="$$3g"  compareWith="3G" valdesc="3G Tab to be present" valkey="3G Tab"/>
		<component name="timer" value="3" />
	</step>
	<step type="JAVA" name="Ethernet Connection1 MACAddress" description="Ethernet Connection-1 MACAddress" severity="Blocker">
		<component name="button"   action="click"  xpath="deviceview.wanconnectivity.tab" xpathInput="1" />
	`	<component name="timer" value="1" />
		<component name=""   action="extract"  type="table"    xpath="deviceview.wanconnectivity.tab.macaddresss" xpathInput="1,1" saveTo="MACAddr" isHeaderAvailable="no"/>
		<component name=""   action="rowaction" value="JMETEROBJ::MACAddr" compareWith="MAC Address:" columnindex="1,2" dataindex="1" saveTo="MAC Address" tableaction="gettext" elementtype="text" />		
	</step>
	<!-- connection 1 -->
	<step type="JAVA" name="Ethernet Connection1" description="Ethernet Connection-1" severity="Blocker">
		<!-- connection enabled -->
		<component name=""   action="extract"  type="table"    xpath="deviceview.wanconnectivity.tab.ethernet" xpathInput="1,1,1,1" saveTo="ethernetConnectionTable" isHeaderAvailable="no"/>
		<component name=""   action="rowaction" value="JMETEROBJ::ethernetConnectionTable" compareWith="Connection Enabled:" columnindex="1,2" dataindex="1" tableaction="getattribute" attrName="class" elementtype="text" />
		
		<if value1="$$class" value2="inline status_enable" condition="equals">
		<component name=""   action="validatevalues" value="$$class" compareWith="inline status_enable"  valdesc="Validate Connection Enabled" valkey="Connection Enabled"/>
		</if>
		<if value1="$$class" value2="inline error" condition="equals">
		<component name=""   action="validatevalues" value="$$class" compareWith="inline error"  valdesc="Validate Connection Enabled" valkey="Connection Enabled"/>
		</if>	
		<!-- ethernet connection status		 -->
		<component name=""   action="rowaction" value="JMETEROBJ::ethernetConnectionTable" compareWith="Connection Status:" columnindex="1,2" dataindex="1" tableaction="gettext" elementtype="text" saveTo="connectionStatus" saveAs="string"/>
		<if value1="$$connectionStatus" value2="CONNECTED" condition="equals">
		<component name=""   action="validatevalues" value="$$connectionStatus" compareWith="CONNECTED"  valdesc="Validate Connection Status" valkey="Connection Status" />
		</if>
		<if value1="$$connectionStatus" value2="UNCONFIGURED" condition="equals">
		<component name=""   action="validatevalues" value="$$connectionStatus" compareWith="UNCONFIGURED"  valdesc="Validate Connection Status" valkey="Connection Status" />
		</if>
		<!-- Nat enabled -->
		<component name=""   action="rowaction" value="JMETEROBJ::ethernetConnectionTable" compareWith="Nat Enabled:" columnindex="1,2" dataindex="1" tableaction="getcheckboxstatus" elementtype="text" saveTo="NatEnabled" saveAs="string"/>
		<if value1="$$NatEnabled" value2="checked" condition="equals">
		<component name=""   action="validatevalues" value="$$NatEnabled" compareWith="checked"  valdesc="Validate Nat Enabled" valkey="Nat Enabled" />
		</if>
		<if value1="$$NatEnabled" value2="notchecked" condition="equals">
		<component name=""   action="validatevalues" value="$$NatEnabled" compareWith="notchecked"  valdesc="Validate Nat Enabled" valkey="Nat Enabled" />
		</if>
		<!-- DNS Enabled -->
		<component name=""   action="rowaction" value="JMETEROBJ::ethernetConnectionTable" compareWith="DNS Enabled:" columnindex="1,2" dataindex="1" tableaction="getcheckboxstatus" elementtype="text" saveTo="DNSEnabled" saveAs="string"/>
		<if value1="$$DNSEnabled" value2="checked" condition="equals">
		<component name=""   action="validatevalues" value="$$DNSEnabled" compareWith="checked"  valdesc="Validate DNS Enabled" valkey="DNS Enabled" />
		</if>
		<if value1="$$DNSEnabled" value2="notchecked" condition="equals">
		<component name=""   action="validatevalues" value="$$DNSEnabled" compareWith="notchecked"  valdesc="Validate DNS Enabled" valkey="DNS Enabled" />
		</if>
		<component name="timer" value="3" />
		<!-- Addressing Type -->
		<component name=""   action="extract" type="string" xpath="deviceview.wanconnectivity.addresstype" xpathInput="1,1,1,2" saveTo="addressingType" />
		<if value1="$$addressingType" value2="static" condition="equals">
		<component name=""   action="validatevalues" value="$$addressingType" compareWith="static"  valdesc="Validate Addressing Type" valkey="Addressing Type" />
		</if>
		<if value1="$$addressingType" value2="dhcp" condition="equals">
		<component name=""   action="validatevalues" value="$$addressingType" compareWith="DHCP"  valdesc="Validate Addressing Type" valkey="Addressing Type" />
		</if>
		<component name="timer" value="3" />
	<!-- 	<component name=""   action="extract" type="table" xpath="deviceview.wanconnectivity.ipdetails" xpathInput="1,1,1,2,2" saveTo="c1ipaddr" isHeaderAvailable="no"/>
		<component name=""   action="specifedrow" value="JMETEROBJ::c1ipaddr" rowindex="1" saveTo="ipadd" tableaction="appendtablecolumn" elementtype="text" />
		 -->
		
			<!-- DNS SERVER -->
		<component name=""   action="extract" type="string" xpath="deviceview.wanconnectivity.dnsserver" xpathInput="1,1,1,1,1" saveTo="dnsserver" />
		<if value1="$$dnsserver" value2="Manually Configure DNS Servers" condition="equals">
		<component name=""   action="validatevalues" value="$$dnsserver" compareWith="Manually Configure DNS Servers"  valdesc="Validate DNS Server" valkey="DNS Server" />
		</if>
		<if value1="$$dnsserver" value2="dns" condition="equals">
		<component name=""   action="validatevalues" value="$$dnsserver" compareWith="dns"  valdesc="Validate DNS Server" valkey="DNS Server" />
		</if>
		<component name="timer" value="3" />
		
		
	</step>
	<!-- connection 1-2 -->
	<step type="JAVA" name="Ethernet Connection2" description="Ethernet Connection-1-2" severity="Blocker">
		<!-- connection enabled -->
		<component name=""   action="extract"  type="table"    xpath="deviceview.wanconnectivity.tab.ethernet" xpathInput="1,1,1,2" saveTo="ethernetConnectionTable" isHeaderAvailable="no"/>
		<component name=""   action="rowaction" value="JMETEROBJ::ethernetConnectionTable" compareWith="Connection Enabled:" columnindex="1,2" dataindex="1" tableaction="getattribute" attrName="class" elementtype="text" />
		
		<if value1="$$class" value2="inline status_enable" condition="equals">
		<component name=""   action="validatevalues" value="$$class" compareWith="inline status_enable"  valdesc="Validate Connection Enabled" valkey="Connection Enabled"/>
		</if>
		<if value1="$$class" value2="inline error" condition="equals">
		<component name=""   action="validatevalues" value="$$class" compareWith="inline error"  valdesc="Validate Connection Enabled" valkey="Connection Enabled"/>
		</if>	
		<!-- ethernet connection status		 -->
		<component name=""   action="rowaction" value="JMETEROBJ::ethernetConnectionTable" compareWith="Connection Status:" columnindex="1,2" dataindex="1" tableaction="gettext" elementtype="text" saveTo="connectionStatus1" saveAs="string"/>
		<if value1="$$connectionStatus1" value2="CONNECTED" condition="equals">
		<component name=""   action="validatevalues" value="$$connectionStatus1" compareWith="CONNECTED"  valdesc="Validate Connection Status" valkey="Connection Status" />
		</if>
		<if value1="$$connectionStatus1" value2="UNCONFIGURED" condition="equals">
		<component name=""   action="validatevalues" value="$$connectionStatus1" compareWith="UNCONFIGURED"  valdesc="Validate Connection Status" valkey="Connection Status" />
		</if>
		<!-- Nat enabled -->
		<component name=""   action="rowaction" value="JMETEROBJ::ethernetConnectionTable" compareWith="Nat Enabled:" columnindex="1,2" dataindex="1" tableaction="getcheckboxstatus" elementtype="text" saveTo="NatEnabled1" saveAs="string"/>
		<if value1="$$NatEnabled1" value2="checked" condition="equals">
		<component name=""   action="validatevalues" value="$$NatEnabled1" compareWith="checked"  valdesc="Validate Nat Enabled" valkey="Nat Enabled" />
		</if>
		<if value1="$$NatEnabled1" value2="notchecked" condition="equals">
		<component name=""   action="validatevalues" value="$$NatEnabled1" compareWith="notchecked"  valdesc="Validate Nat Enabled" valkey="Nat Enabled" />
		</if>
		<!-- DNS Enabled -->
		<component name=""   action="rowaction" value="JMETEROBJ::ethernetConnectionTable" compareWith="DNS Enabled:" columnindex="1,2" dataindex="1" tableaction="getcheckboxstatus" elementtype="text" saveTo="DNSEnabled1" saveAs="string"/>
		<if value1="$$DNSEnabled1" value2="checked" condition="equals">
		<component name=""   action="validatevalues" value="$$DNSEnabled1" compareWith="checked"  valdesc="Validate DNS Enabled" valkey="DNS Enabled" />
		</if>
		<if value1="$$DNSEnabled1" value2="notchecked" condition="equals">
		<component name=""   action="validatevalues" value="$$DNSEnabled1" compareWith="notchecked"  valdesc="Validate DNS Enabled" valkey="DNS Enabled" />
		</if>
		<component name="timer" value="3" />
		<!-- addressingType -->
		<component name=""   action="extract" type="string" xpath="deviceview.wanconnectivity.addresstype" xpathInput="1,1,2,2" saveTo="addressingType" />
		<if value1="$$addressingType" value2="static" condition="equals">
		<component name=""   action="validatevalues" value="$$addressingType" compareWith="static"  valdesc="Validate Addressing Type" valkey="Addressing Type" />
		</if>
		<if value1="$$addressingType" value2="dhcp" condition="equals">
		<component name=""   action="validatevalues" value="$$addressingType" compareWith="DHCP"  valdesc="Validate Addressing Type" valkey="Addressing Type" />
		</if>
		<component name="timer" value="3" />
		<!-- DNS Server -->
		<component name=""   action="extract" type="string" xpath="deviceview.wanconnectivity.dnsserver" xpathInput="1,1,2,1,2" saveTo="dnsserver" />
		<if value1="$$dnsserver" value2="Manually Configure DNS Servers" condition="equals">
		<component name=""   action="validatevalues" value="$$dnsserver" compareWith="Manually Configure DNS Servers"  valdesc="Validate DNS Server" valkey="DNS Server" />
		</if>
		<if value1="$$dnsserver" value2="dns" condition="equals">
		<component name=""   action="validatevalues" value="$$dnsserver" compareWith="dns"  valdesc="Validate DNS Server" valkey="DNS Server" />
		</if>
		<component name="timer" value="3" />
	</step>
	
	<!-- 3G Connection -->
	
	<step type="JAVA" name="3gConnectionMACAddress" description="3G Connection-2-1 MACAddress" severity="Blocker">
		<component name="button"   action="click"  xpath="deviceview.wanconnectivity.tab" xpathInput="2" />
	`	<component name="timer" value="1" />
		<component name=""   action="extract"  type="table"    xpath="deviceview.wanconnectivity.tab.macaddresss" xpathInput="2,2" saveTo="3gMACAddr" isHeaderAvailable="no"/>
		<component name=""   action="rowaction" value="JMETEROBJ::3gMACAddr" compareWith="MAC Address:" columnindex="1,2" dataindex="1" saveTo="3GMACAddress" tableaction="gettext" elementtype="text" />		
	</step>
	<!-- connection 1 -->
	<step type="JAVA" name="3gConnection" description="3g Connection-2-1" severity="Blocker">
		<!-- connection enabled -->
		<component name=""   action="extract"  type="table"    xpath="deviceview.wanconnectivity.tab.ethernet" xpathInput="2,2,2,1" saveTo="3gConnectionTable" isHeaderAvailable="no"/>
		<component name=""   action="rowaction" value="JMETEROBJ::3gConnectionTable" compareWith="Connection Enabled:" columnindex="1,2" dataindex="1" tableaction="getattribute" attrName="class" elementtype="text" />
		
		<if value1="$$class" value2="inline status_enable" condition="equals">
		<component name=""   action="validatevalues" value="$$class" compareWith="inline status_enable"  valdesc="Validate Connection Enabled" valkey="Connection Enabled"/>
		</if>
		<if value1="$$class" value2="inline error" condition="equals">
		<component name=""   action="validatevalues" value="$$class" compareWith="inline error"  valdesc="Validate Connection Enabled" valkey="Connection Enabled"/>
		</if>	
	<!-- 	ethernet connection status		 -->
		<component name=""   action="rowaction" value="JMETEROBJ::3gConnectionTable" compareWith="Connection Status:" columnindex="1,2" dataindex="1" tableaction="gettext" elementtype="text" saveTo="3gconnectionStatus" saveAs="string"/>
		<if value1="$$3gconnectionStatus" value2="CONNECTED" condition="equals">
		<component name=""   action="validatevalues" value="$$3gconnectionStatus" compareWith="CONNECTED"  valdesc="Validate Connection Status" valkey="Connection Status" />
		</if>
		<if value1="$$3gconnectionStatus" value2="UNCONFIGURED" condition="equals">
		<component name=""   action="validatevalues" value="$$3gconnectionStatus" compareWith="UNCONFIGURED"  valdesc="Validate Connection Status" valkey="Connection Status" />
		</if>
		<!-- Nat enabled -->
		<component name=""   action="rowaction" value="JMETEROBJ::3gConnectionTable" compareWith="Nat Enabled:" columnindex="1,2" dataindex="1" tableaction="getcheckboxstatus" elementtype="text" saveTo="3gNatEnabled" saveAs="string"/>
		<if value1="$$3gNatEnabled" value2="checked" condition="equals">
		<component name=""   action="validatevalues" value="$$3gNatEnabled" compareWith="checked"  valdesc="Validate Nat Enabled" valkey="Nat Enabled" />
		</if>
		<if value1="$$3gNatEnabled" value2="notchecked" condition="equals">
		<component name=""   action="validatevalues" value="$$3gNatEnabled" compareWith="notchecked"  valdesc="Validate Nat Enabled" valkey="Nat Enabled" />
		</if>
		<!-- DNS Enabled -->
		<component name=""   action="rowaction" value="JMETEROBJ::3gConnectionTable" compareWith="DNS Enabled:" columnindex="1,2" dataindex="1" tableaction="getcheckboxstatus" elementtype="text" saveTo="3gDNSEnabled" saveAs="string"/>
		<if value1="$$3gDNSEnabled" value2="checked" condition="equals">
		<component name=""   action="validatevalues" value="$$3gDNSEnabled" compareWith="checked"  valdesc="Validate DNS Enabled" valkey="DNS Enabled" />
		</if>
		<if value1="$$3gDNSEnabled" value2="notchecked" condition="equals">
		<component name=""   action="validatevalues" value="$$3gDNSEnabled" compareWith="notchecked"  valdesc="Validate DNS Enabled" valkey="DNS Enabled" />
		</if>
		<component name="timer" value="3" />
		<!-- Addressing Type -->
		<component name=""   action="extract" type="string" xpath="deviceview.wanconnectivity.addresstype" xpathInput="2,2,1,2" saveTo="addressingType" />
		<if value1="$$addressingType" value2="static" condition="equals">
		<component name=""   action="validatevalues" value="$$addressingType" compareWith="static"  valdesc="Validate Addressing Type" valkey="Addressing Type" />
		</if>
		<if value1="$$addressingType" value2="dhcp" condition="equals">
		<component name=""   action="validatevalues" value="$$addressingType" compareWith="DHCP"  valdesc="Validate Addressing Type" valkey="Addressing Type" />
		</if>
		<component name="timer" value="3" />
			<!-- DNS Server -->
		<component name=""   action="extract" type="string" xpath="deviceview.wanconnectivity.dnsserver" xpathInput="2,2,1,2,1" saveTo="dnsserver" />
		<if value1="$$dnsserver" value2="Manually Configure DNS Servers" condition="equals">
		<component name=""   action="validatevalues" value="$$dnsserver" compareWith="Manually Configure DNS Servers"  valdesc="Validate DNS Server" valkey="DNS Server" />
		</if>
		<if value1="$$dnsserver" value2="dns" condition="equals">
		<component name=""   action="validatevalues" value="$$dnsserver" compareWith="dns"  valdesc="Validate DNS Server" valkey="DNS Server" />
		</if>
		<component name="timer" value="3" />
	</step>
	<!-- speed test -->
	<step type="JAVA" name="Click Speed Test SideMenu" description="Click Speed Test SideMenu" severity="Blocker">
		<component name="link"   action="click"      xpath="sidemenu.deviceview.speedtest" />
	</step>
	<step type="JAVA" name="Perform Speed Test : Ethernet" description="Perform Speed Test for Ethernet" severity="Blocker">
		<component name="timer" value="2" />
		<component name="select"   action="entervalue" xpath="deviceview.speedtest.listbox" type="custom" value="Ethernet" />	
		<component name="button"  action="click" xpath="deviceview.speedtest.start.button" />	
		<component name="timer" value="5" />		
		<component name=""   action="waituntilelementvisible" xpath="deviceview.speedtest.start.button" maxwaittime="300" refreshinterval="5" attrName="class" compareWith="v-button" saveTo="EthernetResult" value="Speed test Operation for upload and download completed successfully" type="attribute"/>			
		<component name="" type="string"  action="extract" xpath="deviceview.speedtest.latency" saveTo="ethernetlatency"/>
		<component name="" type="string"  action="extract" xpath="deviceview.speedtest.datetime" saveTo="ethernettime"/>
		<component name="" type="string"  action="extract" xpath="deviceview.speedtest.download" saveTo="downloadvalue"/>
		<component name="" type="string"  action="extract" xpath="deviceview.speedtest.upload" saveTo="uploadvalue"/>
		<component name=""  action="validatevalues" value="$$EthernetResult" compareWith="Speed test Operation for upload and download completed successfully" valdesc="Verify Speed Test Operation completed successfully" valkey="Speed Test Result" />	
		<component name="timer" value="3" />	
	</step>
	<step type="JAVA" name="Perform Speed Test : 3G" description="Perform Speed Test for interface 3G" severity="Blocker">
		<component name="select"   action="entervalue" xpath="deviceview.speedtest.listbox" type="custom" value="3G" />	
		<component name="button"  action="click" xpath="deviceview.speedtest.start.button" />	
		<component name="timer" value="2" />		
		<component name=""   action="waituntilelementvisible" xpath="deviceview.speedtest.start.button" maxwaittime="300" refreshinterval="10" attrName="class" compareWith="v-button" saveTo="3gResult" value="Speed test Operation for upload and download completed successfully" type="attribute"/>			
		<component name="" type="string"  action="extract" xpath="deviceview.speedtest.latency" saveTo="3glatency"/>
		<component name="" type="string"  action="extract" xpath="deviceview.speedtest.datetime" saveTo="3gtime"/>
		<component name="" type="string"  action="extract" xpath="deviceview.speedtest.download" saveTo="downloadvalue"/>
		<component name="" type="string"  action="extract" xpath="deviceview.speedtest.upload" saveTo="uploadvalue"/>		
		<component name=""  action="validatevalues" value="$$3gResult" compareWith="Speed test Operation for upload and download completed successfully" valdesc="Verify Speed Test Operation completed successfully" valkey="Speed Test Result" />	
		<component name="timer" value="3" />			
	</step>
	
	<!-- device operations -->
	<step type="JAVA" name="Click Device Operations SideMenu" description="Click Device Operations SideMenu" severity="Blocker">
		<component name="link"   action="click"      xpath="sidemenu.deviceview.deviceoperations" />
		<component name="timer" value="3" />
	</step>
	<step type="JAVA" name="Device Operations" description="Device Operations" severity="Blocker">
		<!-- batches -->
		<component name="button"   action="click"  xpath="deviceview.devicepage.deviceoperations.tab" xpathInput="1" />	
		<component name="timer" value="3" />		
		<component name=""   action="extract"  type="table"    xpath="deviceview.devicepage.deviceoperations.table" xpathInput="batches" saveTo="devopbatches" />		
		<component name=""   action="tabledata" value="JMETEROBJ::devopbatches" />	
		<component name="timer" value="2" />
		
		<!-- groups -->
		<component name="button"   action="click"  xpath="deviceview.devicepage.deviceoperations.tab" xpathInput="2" />	
		<component name="timer" value="3" />	
		<component name=""   action="extract"  type="table"    xpath="deviceview.devicepage.deviceoperations.table" xpathInput="groups" saveTo="devopgroups" />		
		<component name=""   action="tabledata" value="JMETEROBJ::devopgroups" />	
		<component name="timer" value="2" />
		
		<!-- config sets -->
		<component name="button"   action="click"  xpath="deviceview.devicepage.deviceoperations.tab" xpathInput="3" />	
		<component name="timer" value="3" />	
		<component name=""   action="extract"  type="table"    xpath="deviceview.devicepage.deviceoperations.table" xpathInput="csets" saveTo="devopcsets" />		
		<component name=""   action="tabledata" value="JMETEROBJ::devopcsets" />	
		<component name="timer" value="2" />
		
		<!-- firmware images -->
		<component name="button"   action="click"  xpath="deviceview.devicepage.deviceoperations.tab" xpathInput="4" />	
		<component name="timer" value="3" />	
		<component name=""   action="extract"  type="table"    xpath="deviceview.devicepage.deviceoperations.table" xpathInput="firmwareImages" saveTo="devopfmimg" />		
		<component name=""   action="tabledata" value="JMETEROBJ::devopfmimg" />	
		<component name="timer" value="2" />
		
		<!-- param-settings -->
		<component name="button"   action="click"  xpath="deviceview.devicepage.deviceoperations.tab" xpathInput="5" />	
		<component name="timer" value="3" />		
		<component name=""   action="save" xpath="deviceview.devicepage.deviceoperations.param-settings.pagenavigation" attrName="class" xpathInput="2" saveTo="pageNavStatus" />
		<if value1="$$pageNavStatus" value2="inline pageNav-double-next" condition="equals">
			<component name=""   action="extract" type="pagnavsize" xpath="deviceview.devicepage.deviceoperations.param-settings.pagenavigation.totalvalue" xpathInput="2" attrName="title" saveTo="TotalPageSize" />
		</if>
		<if value1="$$pageNavStatus" value2="inline pageNav-double-next-disable" condition="equals">
			<component name=""   action="extract" type="elementsize" xpath="deviceview.devicepage.deviceoperations.param-settings.pagenavigation" xpathInput="3" saveTo="TotalPageSize" />
		</if>
		<if value1="$$pageNavStatus" value2="noelement" condition="equals">
			<component name=""   action="extract" type="elementsize" xpath="deviceview.devicepage.deviceoperations.param-settings.pagenavigation" xpathInput="3" saveTo="TotalPageSize" />
		</if>
		<component name="timer" value="2" />
		<loop value="$$TotalPageSize" condition="paging">
			<component name=""   action="extract"  type="table"    xpath="deviceview.devicepage.deviceoperations.table" xpathInput="configs" saveTo="devopparamsettings" />		
			<component name="timer" value="1" />
			<component name=""   action="tabledata" value="JMETEROBJ::devopparamsettings" />	
			<component name="timer" value="2" />			
		</loop>
		<!-- notification settings -->
		<component name="button"   action="click"  xpath="deviceview.devicepage.deviceoperations.tab" xpathInput="6" />	
		<component name="timer" value="3" />		
		<component name=""   action="save" xpath="deviceview.devicepage.deviceoperations.notif-settings.pagenavigation" attrName="class" xpathInput="2" saveTo="pageNavStatus" />
		<if value1="$$pageNavStatus" value2="inline pageNav-double-next" condition="equals">
			<component name=""   action="extract" type="pagnavsize" xpath="deviceview.devicepage.deviceoperations.notif-settings.pagenavigation.totalvalue" xpathInput="2" attrName="title" saveTo="TotalPageSize" />
		</if>
		<if value1="$$pageNavStatus" value2="inline pageNav-double-next-disable" condition="equals">
			<component name=""   action="extract" type="elementsize" xpath="deviceview.devicepage.deviceoperations.notif-settings.pagenavigation" xpathInput="3" saveTo="TotalPageSize" />
		</if>
		<if value1="$$pageNavStatus" value2="noelement" condition="equals">
			<component name=""   action="extract" type="elementsize" xpath="deviceview.devicepage.deviceoperations.notif-settings.pagenavigation" xpathInput="3" saveTo="TotalPageSize" />
		</if>
		<component name="timer" value="2" />
		<loop value="$$TotalPageSize" condition="paging">
			<component name=""   action="extract"  type="table"    xpath="deviceview.devicepage.deviceoperations.table" xpathInput="notifications" saveTo="devopnoficationsettings" />		
			<component name="timer" value="1" />
			<component name=""   action="tabledata" value="JMETEROBJ::devopnoficationsettings" />	
			<component name="timer" value="2" />			
		</loop>
	</step>
		<!-- activity log -->
	<step type="JAVA" name="Click Activity Log SideMenu" description="Click Activity Log SideMenu" severity="Blocker">
		<component name="link"   action="click"      xpath="sidemenu.deviceview.activitylog" />
		<component name="timer" value="3" />
	</step>
	<step type="JAVA" name="Activity Log" description="Activity Log" severity="Blocker">
	<!-- notification settings -->
		<component name="select"   action="entervalue"  type="custom" xpath="deviceview.devicepage.activitylog.searchin" value="Event name" />	
		<component name="textbox"   action="entervalue"  xpath="deviceview.devicepage.activitylog.textbox" value="Connection request response" />	
		<component name="timer" value="1" />
		<component name="button"   action="click"  xpath="deviceview.devicepage.activitylog.find"  />
		
		<component name="timer" value="3" />		
		<component name=""   action="save" xpath="deviceview.devicepage.activitylog.pagenavigation" attrName="class" xpathInput="2" saveTo="pageNavStatus" />
		<if value1="$$pageNavStatus" value2="inline pageNav-double-next" condition="equals">
			<component name=""   action="extract" type="pagnavsize" xpath="deviceview.devicepage.activitylog.pagenavigation.totalvalue" xpathInput="2" attrName="title" saveTo="TotalPageSize" />
		</if>
		<if value1="$$pageNavStatus" value2="inline pageNav-double-next-disable" condition="equals">
			<component name=""   action="extract" type="elementsize" xpath="deviceview.devicepage.activitylog.pagenavigation" xpathInput="3" saveTo="TotalPageSize" />
		</if>
		<if value1="$$pageNavStatus" value2="noelement" condition="equals">
			<component name=""   action="extract" type="elementsize" xpath="deviceview.devicepage.activitylog.pagenavigation" xpathInput="3" saveTo="TotalPageSize" />
		</if>
		<component name="timer" value="2" />
		<loop value="$$TotalPageSize" condition="paging">
			<component name=""   action="extract"  type="table"    xpath="deviceview.devicepage.activitylog.table" xpathInput="notifications" saveTo="activitylogdata" />		
			<component name="timer" value="1" />
			<component name=""   action="tabledata" value="JMETEROBJ::activitylogdata" />	
			<component name="timer" value="2" />			
		</loop>
	</step>
	
	<!-- LAN Settings -->
	<step type="JAVA" name="Click LAN Settings SideMenu" description="Click LAN Settings SideMenu" severity="Blocker">
		<component name="link"   action="click"      xpath="sidemenu.deviceview.lansettings" />
		<component name="timer" value="3" />
	</step>
	<step type="JAVA" name="LAN Settings" description="LAN Settings" severity="Blocker">	
		<component name="timer" value="3" />		
		<component name=""   action="extract"  type="table"    xpath="deviceview.devicepage.lansettings.ip.table" saveTo="lansettingsipdata" isHeaderAvailable="no"/>		
		<component name="timer" value="1" />
		<component name=""   action="tabledata" value="JMETEROBJ::lansettingsipdata" isHeaderAvailable="no" />	
		<component name="timer" value="2" />
		<component name=""   action="extract"  type="table"    xpath="deviceview.devicepage.lansettings.table" saveTo="lansettingsdata" isHeaderAvailable="no"/>		
		<component name="timer" value="1" />
		<component name=""   action="tabledata" value="JMETEROBJ::lansettingsdata" isHeaderAvailable="no" />		
		<component name="timer" value="1" />
	</step>
	<!-- 3g Trends -->
	<step type="JAVA" name="Click 3G Trends SideMenu" description="Click 3G Trends SideMenu" severity="Blocker">
		<component name="link"   action="click"      xpath="sidemenu.deviceview.3gtrends" />
		<component name="timer" value="3" />
	</step>
	<step type="JAVA" name="3G Trends" description="3G Trends" severity="Blocker">	
		<component name="timer" value="3" />		
		<component name="graph"   action="getgraphdata"  type="linechart"    xpath="deviceview.devicepage.3gtrends.graph" saveTo="3GGraphrscpData" xpathInput="chart-rscp"/>		
		<component name="timer" value="3" />
		<component name="graph"   action="getgraphdata"  type="linechart"    xpath="deviceview.devicepage.3gtrends.graph" saveTo="3GGraphecnoData" xpathInput="chart-ecno"/>		
		<component name="timer" value="3" />
		<component name="graph"   action="getgraphdata"  type="linechart"    xpath="deviceview.devicepage.3gtrends.graph" saveTo="3GGraphecnoData" xpathInput="chart-rssi"/>		
		<component name="timer" value="3" />		
	</step>	
</steps>