<steps>
	<step type="START-DS" name="Start DS" description="Performs - START-DS " severity="Blocker">
		<parameter name="DEVICE_ID" value="dlc-200-tc8419" />
		<parameter name="ACS_IP" value="props::ACS_IP" />
		<parameter name="DEVICE_DATA_MODEL_NAME" value="Gateway - DLC 200" />
	</step>
	<step type="JAVA" name="Login" description="PrimeHome Login" severity="Blocker">
		<component name="textbox"  action="entervalue" xpath="login.username" value="props::PH_LOGIN_USERNAME"/>
		<component name="textbox"  action="entervalue" xpath="login.password" value="props::PH_LOGIN_PASSWORD" />
		<component name="button" action="click" 	 xpath="login.submit"  />
	</step>	
	<step type="JAVA" name="Click Dashboard Tab" description="Click Dashboard Tab" severity="Blocker">
		<component name="link"   action="click"      xpath="tab.dashboard" />
	</step>
	<step type="JAVA" name="Click Search Devices SideMenu" description="Click Search Devices SideMenu" severity="Blocker">
		<component name="link"   action="click"      xpath="sidemenu.dashboard.searchdevices" />
	</step>
	<step type="JAVA" name="Navigate to device" description="Navigate to device" severity="Blocker">
		<parameter name="SerialNumber" value="'Serial Number'='dlc-200-tc8419'" />	
		<component name="textbox"  action="entervalue" xpath="operations.devicemanagement.query" value="$$SerialNumber"/>
		<component name="button"  action="click" xpath="operations.devicemanagement.query.find" />
		<component name="timer" value="2" />
		<component name="button"  action="click" xpath="dashboard.searchdevices.quicksearch.device" xpathInput="$$DEVICE_ID"/>
		<component name="timer" value="8" />
	</step>
	<step type="JAVA" name="Check Device Status" description="Device View Portlet" severity="Blocker">
		<component name=""  action="save" xpath="deviceview.device.status" saveTo="deviceOnline" attrName="class" compareWith="dvCircle circle-green" valdesc="Device View Portlet : Device Online" valkey="Device Status"/>		
		<component name="timer" value="3" />
	</step>	
	<step type="JAVA" name="Click Operations Tab" description="Performs - Click Operations Tab" severity="Blocker">
		<component name="link"   action="click"  xpath="tab.operations" />
	</step>
	<step type="JAVA" name="Click Device Management SideMenu" description="Performs - Click Device Management SideMenu" severity="Blocker">	
		<component name="link"   action="click"      xpath="sidemenu.operations.devicemanagement" />
	</step>
	<step type="JAVA" name="Check Job Provisioning is run and succeeded in device" description="Check Job Provisioning" severity="Blocker">
		<parameter name="batchstatus" value="'Batch Name'=Provisioning and 'Batch Status'=Succeeded and 'Serial Number'='dlc-200-tc8419'" />	
		<component name="textbox"  action="entervalue" xpath="operations.devicemanagement.query" value="$$batchstatus"/>
		<component name="button"  action="click" xpath="operations.devicemanagement.query.find" />
		<component name="timer" value="2" />
		<component name=""  action="extract" type="string" xpath="operations.devicemanagement.devicecount" saveTo="devicecount"/>
		<component name="timer" value="1" />
		<component name=""  action="validatevalues" value="$$devicecount" compareWith="1" valdesc="Provisioning Batch Job Device Count" valkey="Device Count" />
		
	</step>
	<step type="JAVA" name="Click System Tab" description="Click System Tab" severity="Blocker">
		<component name="link"   action="click"      xpath="tab.system" />
	</step>
	<step type="JAVA" name="Click Device Profile SideMenu" description="Click Device Profile SideMenu" severity="Blocker">
		<component name="link"   action="click"      xpath="sidemenu.system.deviceprofile" />
	</step>
	<step type="JAVA" name="Click DLC 200 Sub Tree" description="Click DLC 200 Sub Tree" severity="Blocker">
		<component name="link"   action="click"      xpath="system.deviceprofile.dlc200TreeName" />
	</step>
	<step type="JAVA" name="Device Profile DLC200 Image Check" description="Device Profile DLC200 Image Check" severity="Blocker">	
		<component name="timer" value="2" />
		<component name=""  action="save" xpath="system.deviceprofile.dlc200Image" saveTo="dlc200image" attrName="src" compareWith="dlc200" condition="contains" valdesc="Device Profile Image Verification : DLC200 Image" valkey="DLC200 Image"/>	
	</step>
	<step type="JAVA" name="System Device Profile Get Value from UI" description="System Device Profile" severity="Blocker">	
		<component name=""   action="extract" xpath="system.deviceprofile.overview.table"  saveTo="deviceprofile" type="table" isHeaderAvailable="no"/>
		
		<component name=""   action="rowaction" value="JMETEROBJ::deviceprofile" compareWith="ID:"  columnindex="1,2" saveTo="id" tableaction="gettext" elementtype="text"/>
		<component name=""   action="validatelist" value="JMETEROBJ::id" compareWith="612"  condition="equals" valdesc="validate deviceprofile id" valkey="device profile id"/>
		
		<component name=""   action="rowaction" value="JMETEROBJ::deviceprofile" compareWith="Name:"  columnindex="1,2" saveTo="name" tableaction="gettext" elementtype="text"/>
		<component name=""   action="validatelist" value="JMETEROBJ::name" compareWith="Cisco DLC-200" condition="equals" valdesc="validate deviceprofile name" valkey="device profile name"/>
		
		<component name=""   action="rowaction" value="JMETEROBJ::deviceprofile" compareWith="Priority:"  columnindex="1,2" saveTo="priority" tableaction="gettext" elementtype="text"/>
		<component name=""   action="validatelist" value="JMETEROBJ::priority" compareWith="2" condition="equals" valdesc="validate deviceprofile priority" valkey="device profile priority"/>
		
		<component name=""   action="rowaction" value="JMETEROBJ::deviceprofile" compareWith="Style:"  columnindex="1,2" saveTo="style" tableaction="gettext" elementtype="text"/>
		<component name=""   action="validatelist" value="JMETEROBJ::style" compareWith="dlc200" condition="equals" valdesc="validate deviceprofile style" valkey="device profile style"/>
		
		<component name=""   action="rowaction" value="JMETEROBJ::deviceprofile" compareWith="Parent Profile:"  columnindex="1,2" saveTo="parentprofile" tableaction="gettext" elementtype="text"/>
		<component name=""   action="validatelist" value="JMETEROBJ::parentprofile" compareWith="Digital Life Controller" condition="equals" valdesc="validate device parent profile" valkey="device parent profile"/>
		
		<component name="timer" value="1" />
	</step>
	<step type="JAVA" name="System Device Profile Rules Get Value from UI" description="System Device Profile Rules" severity="Blocker">
		<component name="button"  action="click" xpath="system.deviceprofile.dlc100.tab" xpathInput="2" />
		<component name="timer" value="1" />
		<component name=""   action="extract" xpath="system.deviceprofile.profilerules.table"  saveTo="deviceprofilerules" type="table" />	
		
		<component name=""   action="rowaction" value="JMETEROBJ::deviceprofilerules" compareWith="InternetGatewayDevice.DeviceInfo.Manufacturer"  columnindex="3,5" saveTo="manufacturer" tableaction="gettext" elementtype="text"/>
		<component name=""   action="validatelist" value="JMETEROBJ::manufacturer" compareWith="Cisco"  condition="equals" valdesc="validate device profile rules manufacturer" valkey="device profile rules manufacturer"/>
		
		<component name=""   action="rowaction" value="JMETEROBJ::deviceprofilerules" compareWith="InternetGatewayDevice.DeviceInfo.ModelName"  columnindex="3,5" saveTo="modelname" tableaction="gettext" elementtype="text"/>
		<component name=""   action="validatelist" value="JMETEROBJ::modelname" compareWith="DLC200"  condition="equals" valdesc="validate device profile rules model name" valkey="device profile rules model name"/>
	
		<component name="timer" value="1" />
	</step>
	
	
</steps>

