<steps name="TC8793_check_csv_file_update" description="Validate the CSV files update every 30s" severity="Major">
	<step type="SSH-COMMAND" name="perform SSH Command To List Files in var\log dir" description="perform SSH command to list files in log folder" severity="Major">
		<parameter name="sshHostName" value="props::PH_SL_HOSTNAME" />
		<parameter name="sshTimeOut" value="10000" />
		<parameter name="sshUserName" value="props::PH_SL_USERNAME" />
		<parameter name="sshPasswd" value="props::PH_SL_PWD" />
		<parameter name="sshCmd" value="cd /usr/local/panorama/var/log;ls -l" />
		<parameter name="saveSSHResultTo" value="logDirList" />
	</step>
	<step type="JAVA" name="Verify TOMCAT CSV file is available" description="Perform 'contains' validation on the SSH output to check TOMCAT CSV existence" severity="blocker">
		<component name=""  action="validatevalues" value="$$logDirList" compareWith="monitor-tomcat.csv" condition="contains" valdesc="Verify TOMCAT CSV file is available in the PRIME-HOME\var\log dir." valkey="TOMCAT CSV file Exist" />		
	</step>
	<step type="JAVA" name="Verify TOMCAT log file is available" description="Perform 'contains' validation on the SSH output to check TOMCAT LOG existence" severity="blocker">
		<component name=""  action="validatevalues" value="$$logDirList" compareWith="monitor-tomcat.log" condition="contains" valdesc="Verify TOMCAT log file is available in the PRIME-HOME\var\log dir." valkey="TOMCAT Log file Exist" />		
	</step>
	<step type="JAVA" name="Verify ACTIVEMQ CSV file is available" description="Perform 'contains' validation on the SSH output to check ActiveMQ CSV existence" severity="blocker">
		<component name=""  action="validatevalues" value="$$logDirList" compareWith="monitor-activemq.csv" condition="contains" valdesc="Verify ACTIVEMQ CSV file is available in the PRIME-HOME\var\log dir." valkey="ACTIVEMQ CSV file Exist" />		
	</step>
	<step type="JAVA" name="Verify ACTIVEMQ log file is available" description="Perform 'contains' validation on the SSH output to check ActiveMQ LOG existence" severity="blocker">
		<component name=""  action="validatevalues" value="$$logDirList" compareWith="monitor-activemq.log" condition="contains" valdesc="Verify ACTIVEMQ log file is available in the PRIME-HOME\var\log dir." valkey="ACTIVEMQ Log file Exist" />		
	</step>
	<step type="SSH-COMMAND" name="perform SSH Command To Extract Last Updated Time 1 Trial" description="perform SSH command" severity="Major">
		<parameter name="sshHostName" value="props::PH_SL_HOSTNAME" />
		<parameter name="sshTimeOut" value="10000" />
		<parameter name="sshUserName" value="props::PH_SL_USERNAME" />
		<parameter name="sshPasswd" value="props::PH_SL_PWD" />
		<parameter name="sshCmd" value="cat /usr/local/panorama/var/log/monitor-activemq.csv | tail -1 | tr -s '[[',']]' '\n' | head -1" />
		<parameter name="saveSSHResultTo" value="timeStampActiveMQFirstUpdate"/>
	</step>
	<step type="JAVA" name="Wait for 60 sec for file update" description="Wait for 60 sec for file update" 
	severity="Major">
		<component name="timer" value="60" />	
	</step>
	<step type="SSH-COMMAND" name="perform SSH Command To Extract Last Updated Time 2 Trial" description="perform SSH command" severity="Major">
		<parameter name="sshHostName" value="props::PH_SL_HOSTNAME" />
		<parameter name="sshTimeOut" value="10000" />
		<parameter name="sshUserName" value="props::PH_SL_USERNAME" />
		<parameter name="sshPasswd" value="props::PH_SL_PWD" />
		<parameter name="sshCmd" value="cat /usr/local/panorama/var/log/monitor-activemq.csv | tail -1 | tr -s '[[',']]' '\n' | head -1" />
		<parameter name="saveSSHResultTo" value="timeStampActiveMQSecondUpdate"/>
	</step>
	<step type="JAVA" name="Validate ACTIVE MQ time stamp condition equals" description="Perform 'equals' validation on the time stamp output of ACTIVE MQ CSV file" severity="Major">
		<component name=""  action="validatevalues" value="$$timeStampActiveMQFirstUpdate" compareWith="$$timeStampActiveMQSecondUpdate" condition="not-equals" valdesc="Verify ACTIVE MQ Time stamp update" valkey="activeMQ Time Stamp Update" />
	</step>
	<step type="SSH-COMMAND" name="perform SSH Command To Extract Last Updated Time 1 Trial" description="perform SSH command" severity="Major">
		<parameter name="sshHostName" value="props::PH_SL_HOSTNAME" />
		<parameter name="sshTimeOut" value="10000" />
		<parameter name="sshUserName" value="props::PH_SL_USERNAME" />
		<parameter name="sshPasswd" value="props::PH_SL_PWD" />
		<parameter name="sshCmd" value="cat /usr/local/panorama/var/log/monitor-tomcat.csv | tail -1 | tr -s '[[',']]' '\n' | head -1" />
		<parameter name="saveSSHResultTo" value="timeStampTomcatFirstUpdate"/>
	</step>
	<step type="JAVA" name="Wait for 60 sec for file update" description="Wait for 60 sec for file update" 
	severity="Major">
		<component name="timer" value="60" />	
	</step>
	<step type="SSH-COMMAND" name="perform SSH Command To Extract Last Updated Time 2 Trial" description="perform SSH command" severity="Major">
		<parameter name="sshHostName" value="props::PH_SL_HOSTNAME" />
		<parameter name="sshTimeOut" value="10000" />
		<parameter name="sshUserName" value="props::PH_SL_USERNAME" />
		<parameter name="sshPasswd" value="props::PH_SL_PWD" />
		<parameter name="sshCmd" value="cat /usr/local/panorama/var/log/monitor-tomcat.csv | tail -1 | tr -s '[[',']]' '\n' | head -1" />
		<parameter name="saveSSHResultTo" value="timeStampTomcatSecondUpdate"/>
	</step>
	<step type="JAVA" name="Validate TOMCAT time stamp condition equals" description="Perform 'equals' validation on the time stamp output of TOMCAT CSV file" severity="Major">
		<component name=""  action="validatevalues" value="$$timeStampTomcatFirstUpdate" compareWith="$$timeStampTomcatFirstUpdate" condition="not-equals" valdesc="Verify TOMCAT Time stamp update" valkey="activeMQ Time Stamp Update" />
	</step>
</steps>