<steps name="TC8792_Tomcat_Activemq_monitor" description="Validate the ActiveMQ, tomcat process" severity="Major">
	<step type="SSH-COMMAND" name="performSSHCommand" description="perform SSH command" severity="Major">
		<parameter name="sshHostName" value="props::PH_SL_HOSTNAME" />
		<parameter name="sshTimeOut" value="10000" />
		<parameter name="sshUserName" value="props::PH_SL_USERNAME" />
		<parameter name="sshPasswd" value="props::PH_SL_PWD" />
		<parameter name="sshCmd" value="ps -ef | grep mon" />
		<parameter name="saveSSHResultTo" value="checkProc" />
	</step>
	<step type="JAVA" name="Perform activemq validation on SSH" description="Perform 'contains' validation on the SSH output" severity="Major">
		<component name=""  action="validatevalues" value="$$checkProc" compareWith="/usr/local/panorama/monitor/rules-activemq.json" condition="contains" valdesc="Verify ActiveMQ process exists." valkey="ActiveMQ SSH Test Result" />		
	</step>
	<step type="JAVA" name="Perform tomcat validation on SSH" description="Perform 'contains' validation on the SSH output" severity="Major">
		<component name=""  action="validatevalues" value="$$checkProc" compareWith="/usr/local/panorama/monitor/rules-tomcat.json" condition="contains" valdesc="Verify tomcat process exists." valkey="Tomcat SSH Test Result" />		
	</step>
</steps>