<steps name="TC8777_JStack_Service_Run" description="Validate that the Jstack service runs to monitor TOMCAT and JBOSS process" severity="Major">
	<step type="SSH-COMMAND" name="performSSHCommand" description="perform SSH command on SL" severity="Major">
		<parameter name="sshHostName" value="props::PH_SL_HOSTNAME" />
		<parameter name="sshTimeOut" value="10000" />
		<parameter name="sshUserName" value="panorama" />
		<parameter name="sshPasswd" value="props::PH_SL_PWD" />
		<parameter name="sshCmd" value="crontab -l" />
		<parameter name="saveSSHResultTo" value="slCronTab" />
	</step>
	<step type="JAVA" name="Perform tomcat service validation on SSH Output" description="Perform 'contains' validation on the SSH output" severity="Major">
		<component name=""  action="validatevalues" value="$$slCronTab" compareWith="/usr/local/panorama/scripts/jstack/jstack_dump.bash tomcat" condition="contains" valdesc="Verify stack service to monitor tomcat process exists." valkey="Tomcat process monitor Result" />		
	</step>
	<step type="SSH-COMMAND" name="performSSHCommand" description="perform SSH command on CL" severity="Major">
		<parameter name="sshHostName" value="props::PH_CL_HOSTNAME" />
		<parameter name="sshTimeOut" value="10000" />
		<parameter name="sshUserName" value="panorama" />
		<parameter name="sshPasswd" value="props::PH_CL_PWD" />
		<parameter name="sshCmd" value="crontab -l" />
		<parameter name="saveSSHResultTo" value="clCronTab" />
	</step>
	<step type="JAVA" name="Perform JBOSS service validation on SSH Output" description="Perform 'contains' validation on the SSH output" severity="Major">
		<component name=""  action="validatevalues" value="$$clCronTab" compareWith="/usr/local/panorama/scripts/jstack/jstack_dump.bash jboss" condition="contains" valdesc="Verify stack service to monitor JBOSS process exists." valkey="JBOSS process monitor Result" />
	</step>
</steps>