<steps>
<step type="JAVA" name="Login" description="PrimeHome Login" severity="Blocker">
		<component name="textbox"  action="entervalue" xpath="login.username" value="props::PH_LOGIN_USERNAME"/>
		<component name="textbox"  action="entervalue" xpath="login.password" value="props::PH_LOGIN_PASSWORD" />
		<component name="button" action="click" 	 xpath="login.submit"  />
	</step>
	<step type="JAVA" name="Click Operations Tab" description="Click Operations Tab" severity="Blocker">
		<component name="link"   action="click"      xpath="tab.operations" />
	</step>
	<step type="JAVA" name="Click SideMenu" description=" " severity="Blocker">
		<component name="link"   action="click"      xpath="sidemenu.operations.configurationset" />
	</step>	
	<step type="JAVA" name="Create Configuration Set_R1" linkFile="src/test/jmeter/ph_6.4/regression/configurationsets/ConfigurationSet_Configuration.xml" description="Associate configuration parameter to config set" severity="Blocker" repeat="5">
		<parameter name="overrideConfiguration" value="false" />
		<parameter name="configName" value="configset_R-##" />		
		<parameter name="groupName" value="group-##" />
		<parameter name="parameterName" value="InternetGatewayDevice.LANDevice.1.WLANConfiguration.1.SSID" />
		<parameter name="parameterValue" value="ATTWLTEST-R-##" />
		<parameter name="parameterStatus" value="Enable" />
	</step>
		<step type="JAVA" name="Create SubConfiguration Set R1 Level-1" linkFile="src/test/jmeter/ph_6.4/regression/configurationsets/AssociateConfigurationToCSET.xml" description="Associate configuration parameter to config set" severity="Blocker" repeat="4">	
			<parameter name="overrideConfiguration" value="true" />		
			<parameter name="configName" value="subconfigset_R-1-##" />
			<parameter name="groupName" value="group-1-##" />
			<parameter name="parameterName" value="InternetGatewayDevice.LANDevice.1.WLANConfiguration.1.SSID" />
			<parameter name="parameterValue" value="ATTWLTEST-R-1-##" />
			<parameter name="parameterStatus" value="Enable" />			
		</step>	
		<step type="JAVA" name="Create SubConfiguration Set R2 Level-1" linkFile="src/test/jmeter/ph_6.4/regression/configurationsets/AssociateConfigurationToCSET.xml" description="Associate configuration parameter to config set" severity="Blocker" repeat="3">	
			<parameter name="overrideConfiguration" value="true" />				
			<parameter name="configName" value="subconfigset_R-2-##" />
			<parameter name="groupName" value="group-2-##" />
			<parameter name="parameterName" value="InternetGatewayDevice.LANDevice.1.WLANConfiguration.1.SSID" />
			<parameter name="parameterValue" value="ATTWLTEST-R-2-##" />
			<parameter name="parameterStatus" value="Enable" />			
		</step>	
		<step type="JAVA" name="Create SubConfiguration Set R3 Level-1" linkFile="src/test/jmeter/ph_6.4/regression/configurationsets/AssociateConfigurationToCSET.xml" description="Associate configuration parameter to config set" severity="Blocker" repeat="2">
			<parameter name="overrideConfiguration" value="true" />					
			<parameter name="configName" value="subconfigset_R-3-##" />
			<parameter name="groupName" value="group-3-##" />
			<parameter name="parameterName" value="InternetGatewayDevice.LANDevice.1.WLANConfiguration.1.SSID" />
			<parameter name="parameterValue" value="ATTWLTEST-R-3-##" />
			<parameter name="parameterStatus" value="Enable" />			
		</step>	
		<step type="JAVA" name="Create SubConfiguration Set R4 Level-1" linkFile="src/test/jmeter/ph_6.4/regression/configurationsets/AssociateConfigurationToCSET.xml" description="Associate configuration parameter to config set" severity="Blocker" repeat="1">
			<parameter name="overrideConfiguration" value="true" />							
			<parameter name="configName" value="subconfigset_R-4-##" />
			<parameter name="groupName" value="group-4-##" />
			<parameter name="parameterName" value="InternetGatewayDevice.LANDevice.1.WLANConfiguration.1.SSID" />
			<parameter name="parameterValue" value="ATTWLTEST-R-4-##" />
			<parameter name="parameterStatus" value="Enable" />			
		</step>	
			<step type="JAVA" name="Create SubConfiguration Set R1 Level-2" linkFile="src/test/jmeter/ph_6.4/regression/configurationsets/AssociateConfigurationToCSET.xml" description="Associate configuration parameter to config set" severity="Blocker" repeat="1">	
				<parameter name="overrideConfiguration" value="true" />					
				<parameter name="configName" value="subconfigset_R-1-1-##" />
				<parameter name="groupName" value="group-1-1-##" />	
				<parameter name="parameterName" value="InternetGatewayDevice.LANDevice.1.WLANConfiguration.1.SSID" />
				<parameter name="parameterValue" value="ATTWLTEST-R-1-1-##" />
				<parameter name="parameterStatus" value="Enable" />				
			</step>		
			<step type="JAVA" name="Create SubConfiguration Set R1 Level-2" linkFile="src/test/jmeter/ph_6.4/regression/configurationsets/AssociateConfigurationToCSET.xml" description="Associate configuration parameter to config set" severity="Blocker" repeat="2">
				<parameter name="overrideConfiguration" value="true" />								
				<parameter name="configName" value="subconfigset_R-1-2-##" />
				<parameter name="groupName" value="group-1-2-##" />	
				<parameter name="parameterName" value="InternetGatewayDevice.LANDevice.1.WLANConfiguration.1.SSID" />
				<parameter name="parameterValue" value="ATTWLTEST-R-1-2-##" />
				<parameter name="parameterStatus" value="Enable" />				
			</step>		
			<step type="JAVA" name="Create SubConfiguration Set R1 Level-2" linkFile="src/test/jmeter/ph_6.4/regression/configurationsets/AssociateConfigurationToCSET.xml" description="Associate configuration parameter to config set" severity="Blocker" repeat="3">	
				<parameter name="overrideConfiguration" value="true" />					
				<parameter name="configName" value="subconfigset_R-1-3-##" />
				<parameter name="groupName" value="group-1-3-##" />	
				<parameter name="parameterName" value="InternetGatewayDevice.LANDevice.1.WLANConfiguration.1.SSID" />
				<parameter name="parameterValue" value="ATTWLTEST-R-1-3-##" />
				<parameter name="parameterStatus" value="Enable" />				
			</step>		
			<step type="JAVA" name="Create SubConfiguration Set R1 Level-2" linkFile="src/test/jmeter/ph_6.4/regression/configurationsets/AssociateConfigurationToCSET.xml" description="Associate configuration parameter to config set" severity="Blocker" repeat="4">	
				<parameter name="overrideConfiguration" value="true" />					
				<parameter name="configName" value="subconfigset_R-1-4-##" />
				<parameter name="groupName" value="group-1-4-##" />	
				<parameter name="parameterName" value="InternetGatewayDevice.LANDevice.1.WLANConfiguration.1.SSID" />
				<parameter name="parameterValue" value="ATTWLTEST-R-1-4-##" />
				<parameter name="parameterStatus" value="Enable" />				
			</step>		
		<!-- exp fail -->
			<step type="JAVA" name="Create CSets Child Notification-Expected Failure Case" linkFile="src/test/jmeter/ph_6.4/regression/configurationsets/CSet_Configuration_ExpFail.xml" description=" " severity="Major">
				<parameter name="configName" value="subconfigset_R-1-1-1" />
				<parameter name="parameterName" value="InternetGatewayDevice.LANDevice.1.WLANConfiguration.1.SSID" />
				<parameter name="parameterValue" value="1" />
				<parameter name="parameterStatus" value="Enable" />
			</step>	
	
			<step type="JAVA" name="Create CSets Child Notification-Expected Failure Case" linkFile="src/test/jmeter/ph_6.4/regression/configurationsets/CSet_Configuration_ExpFail.xml" description=" " severity="Major">
				<parameter name="configName" value="subconfigset_R-1-1-1" />
				<parameter name="parameterName" value="InternetGatewayDevice.LANDevice.1.WLANConfiguration.1.SSID" />
				<parameter name="parameterValue" value="12" />
				<parameter name="parameterStatus" value="Enable" />
			</step>	
			
			<step type="JAVA" name="Enable RunSeparate CSets Notification" linkFile="src/test/jmeter/ph_6.4/regression/configurationsets/CSet_Configuration_EnableRunSeperate.xml" description="Enables RunSeparate CSets Notification " severity="Major">
				<parameter name="configName" value="subconfigset_R-1-2-1" />
				<parameter name="parameterName" value="InternetGatewayDevice.LANDevice.1.WLANConfiguration.1.SSID" />
			</step>	
	
			<step type="JAVA" name="Check RunSeparate CSets Notification" linkFile="src/test/jmeter/ph_6.4/regression/configurationsets/CSet_Configuration_CheckRunSeperate.xml" description="Checks RunSeparate CSets Notification " severity="Major">
				<parameter name="configName" value="subconfigset_R-1-2-1" />
				<parameter name="parameterName" value="InternetGatewayDevice.LANDevice.1.WLANConfiguration.1.SSID" />
				<parameter name="runSeperateStatus" value="status_enable inline" />
			</step>	
			
			
			<step type="JAVA" name="Edit CSets Notification Status" linkFile="src/test/jmeter/ph_6.4/regression/configurationsets/CSet_Configuration_EditStatus.xml" description="Edits CSets Notification Status " severity="Major">
				<parameter name="configName" value="subconfigset_R-1-2-1" />
				<parameter name="parameterName" value="InternetGatewayDevice.LANDevice.1.WLANConfiguration.1.SSID" />
				<parameter name="editStatus" value="Disable" />
			</step>	
	
			<step type="JAVA" name="Check CSets Notification Status" linkFile="src/test/jmeter/ph_6.4/regression/configurationsets/CSet_Configuration_CheckStatus.xml" description="Checks CSets Notification Status " severity="Major">
				<parameter name="configName" value="subconfigset_R-1-2-1" />
				<parameter name="parameterName" value="InternetGatewayDevice.LANDevice.1.WLANConfiguration.1.SSID" />
				<parameter name="editStatus" value="Disable" />
			</step>	
</steps>


