<steps name="TC8789_Tomcat_Activemq_monitor" description="Validate the Wildfly process" severity="Major">
	<step type="SSH-COMMAND" name="performSSHCommand" description="perform SSH command" severity="Major">
		<parameter name="sshHostName" value="props::PH_CL_HOSTNAME" />
		<parameter name="sshTimeOut" value="10000" />
		<parameter name="sshUserName" value="props::PH_CL_USERNAME" />
		<parameter name="sshPasswd" value="props::PH_CL_PWD" />
		<parameter name="sshCmd" value="ps -ef | grep mon" />
		<parameter name="saveSSHResultTo" value="checkProc" />
	</step>
	<step type="JAVA" name="Perform wildfly validation on SSH" description="Perform 'contains' validation on the SSH output" severity="Major">
		<component name=""  action="validatevalues" value="$$checkProc" compareWith="/usr/local/panorama/monitor/rules-wildfly.json" condition="contains" valdesc="Verify wildfly process exists." valkey="Wildfly SSH Test Result" />		
	</step>
</steps>