<steps>
<step type="JAVA" name="Login" description="PrimeHome Login" severity="Blocker">
		<component name="textbox"  action="entervalue" xpath="login.username" value="props::PH_LOGIN_USERNAME"/>
		<component name="textbox"  action="entervalue" xpath="login.password" value="props::PH_LOGIN_PASSWORD" />
		<component name="button" action="click" 	 xpath="login.submit"  />
	</step>
	<step type="JAVA" name="Click Oerations Tab" description="Click Oerations Tab" severity="Blocker">
		<component name="link"   action="click"      xpath="tab.operations" />
	</step>
	<step type="JAVA" name="Click Configuration Sets SideMenu" description="Click Configuration Sets SideMenu" severity="Blocker">
		<component name="link"   action="click"      xpath="sidemenu.operations.configurationset" />
	</step>	
	<step type="JAVA" name="Configuration Set Group association on root level R1" linkFile="src/test/jmeter/ph_6.4/regression/configurationsets/ConfigurationSet_AssocGroup.xml" description="group association with config set on root level" severity="Blocker" repeat="5">
		<parameter name="configName" value="configset_R-##" />		
		<parameter name="groupName" value="group-##" />
	</step>
		<step type="JAVA" name="Configuration Set Group association R1 Level-1" linkFile="src/test/jmeter/ph_6.4/regression/configurationsets/SubConfigurationSet_AssocGroup.xml" description="group association with config set on child level-1" severity="Blocker" repeat="4">
			<parameter name="configName" value="configset_R-1" />
			<parameter name="subconfigName" value="subconfigset_R-1-##" />
			<parameter name="parentgroupName" value="group-1" />	
			<parameter name="groupName" value="group-1-##" />	
		</step>	
		<step type="JAVA" name="Configuration Set Group association R2 Level-1" linkFile="src/test/jmeter/ph_6.4/regression/configurationsets/SubConfigurationSet_AssocGroup.xml" description="group association with config set on child level-1" severity="Blocker" repeat="3">
			<parameter name="configName" value="configset_R-2" />
			<parameter name="subconfigName" value="subconfigset_R-2-##" />
			<parameter name="parentgroupName" value="group-1" />	
			<parameter name="groupName" value="group-2-##" />			
		</step>	
		<step type="JAVA" name="Configuration Set Group association R3 Level-1" linkFile="src/test/jmeter/ph_6.4/regression/configurationsets/SubConfigurationSet_AssocGroup.xml" description="group association with config set on child level-1" severity="Blocker" repeat="2">
			<parameter name="configName" value="configset_R-3" />
			<parameter name="subconfigName" value="subconfigset_R-3-##" />
			<parameter name="parentgroupName" value="group-1" />	
			<parameter name="groupName" value="group-3-##" />	
		</step>	
		<step type="JAVA" name="Configuration Set Group association R4 Level-1" linkFile="src/test/jmeter/ph_6.4/regression/configurationsets/SubConfigurationSet_AssocGroup.xml" description="group association with config set on child level-1" severity="Blocker" repeat="1">
			<parameter name="configName" value="configset_R-4" />
			<parameter name="subconfigName" value="subconfigset_R-4-##" />
			<parameter name="parentgroupName" value="group-1" />	
			<parameter name="groupName" value="All" />			
		</step>	
			<step type="JAVA" name="Configuration Set Group association R1 Level-2-1" linkFile="src/test/jmeter/ph_6.4/regression/configurationsets/LeafConfigurationSet_AssocGroup.xml" description="group association with config set on child level-2" severity="Blocker" repeat="1">
				<parameter name="configName" value="subconfigset_R-1-1" />
				<parameter name="subconfigName" value="subconfigset_R-1-1-##" />
				<parameter name="groupName" value="group-1-1-##" />			
			</step>	
		
			<step type="JAVA" name="Configuration Set Group association R1 Level-2-2" linkFile="src/test/jmeter/ph_6.4/regression/configurationsets/LeafConfigurationSet_AssocGroup.xml" description="group association with config set on child level-2" severity="Blocker" repeat="2">
				<parameter name="configName" value="subconfigset_R-1-2" />
				<parameter name="subconfigName" value="subconfigset_R-1-2-##" />
				<parameter name="groupName" value="group-2-1-##" />	
			</step>	
			<step type="JAVA" name="Configuration Set Group association R1 Level-2-3" linkFile="src/test/jmeter/ph_6.4/regression/configurationsets/LeafConfigurationSet_AssocGroup.xml" description="group association with config set on child level-2" severity="Blocker" repeat="3">
				<parameter name="configName" value="subconfigset_R-1-3" />
				<parameter name="subconfigName" value="subconfigset_R-1-3-##" />
				<parameter name="groupName" value="group-3-1-##" />			
			</step>	
			<step type="JAVA" name="Configuration Set Group association R1 Level-2-4" linkFile="src/test/jmeter/ph_6.4/regression/configurationsets/LeafConfigurationSet_AssocGroup.xml" description="group association with config set on child level-2" severity="Blocker" repeat="4">
				<parameter name="configName" value="subconfigset_R-1-4" />
				<parameter name="subconfigName" value="subconfigset_R-1-4-##" />
				<parameter name="groupName" value="group-4-1-##" />	
			</step>	
</steps>


