<steps>
<step type="JAVA" name="Login" description="PrimeHome Login" severity="Blocker">
		<component name="textbox"  action="entervalue" xpath="login.username" value="props::PH_LOGIN_USERNAME"/>
		<component name="textbox"  action="entervalue" xpath="login.password" value="props::PH_LOGIN_PASSWORD" />
		<component name="button" action="click" 	 xpath="login.submit"  />
	</step>
	<step type="JAVA" name="Click Operations Tab" description="Click Operations Tab" severity="Blocker">
		<component name="link"   action="click"      xpath="tab.operations" />
	</step>
	<step type="JAVA" name="Click Configuration Sets SideMenu" description="click configuration set sidemenu" severity="Blocker">
		<component name="link"   action="click"      xpath="sidemenu.operations.configurationset" />
	</step>	
	<step type="JAVA" name="Create Config Set Root Level R1" linkFile="src/test/jmeter/ph_6.4/regression/configurationsets/ConfigurationSet.xml" description="configuration set creation on root level" severity="Blocker" repeat="5">
		<parameter name="configName" value="configset_R-##" />
		<parameter name="configDesc" value="New Config set decription" />
	</step>
	<step type="JAVA" name="Activate Config Set Root Level" linkFile="src/test/jmeter/ph_6.4/regression/configurationsets/ActivateConfigurationSet.xml" description="activate configuration set on root level" severity="Blocker" repeat="3">
		<parameter name="configName" value="configset_R-##" />	
	</step>
	<step type="JAVA" name="Activate Config Set Root Level" linkFile="src/test/jmeter/ph_6.4/regression/configurationsets/ActivateConfigurationSet.xml" description="activate configuration set on root level" severity="Blocker" >
		<parameter name="configName" value="configset_R-5" />	
	</step>
		<step type="JAVA" name="Create SubConfiguration Set R1 Level-1" linkFile="src/test/jmeter/ph_6.4/regression/configurationsets/SubConfigurationSet.xml" description="configuration set creation on child level-1" severity="Blocker" repeat="4">
			<parameter name="configName" value="configset_R-1" />
			<parameter name="subconfigName" value="subconfigset_R-1-##" />
			<parameter name="subconfigDesc" value="New Config set decription" />
		</step>	
		<step type="JAVA" name="Create SubConfiguration Set R2 Level-1" linkFile="src/test/jmeter/ph_6.4/regression/configurationsets/SubConfigurationSet.xml" description="configuration set creation on child level-1" severity="Blocker" repeat="3">
			<parameter name="configName" value="configset_R-2" />
			<parameter name="subconfigName" value="subconfigset_R-2-##" />
			<parameter name="subconfigDesc" value="New Config set decription" />			
		</step>	
		<step type="JAVA" name="Create SubConfiguration Set R3 Level-1" linkFile="src/test/jmeter/ph_6.4/regression/configurationsets/SubConfigurationSet.xml" description="configuration set creation on child level-1" severity="Blocker" repeat="2">
			<parameter name="configName" value="configset_R-3" />
			<parameter name="subconfigName" value="subconfigset_R-3-##" />
			<parameter name="subconfigDesc" value="New Config set decription" />			
		</step>	
		<step type="JAVA" name="Create SubConfiguration Set R4 Level-1" linkFile="src/test/jmeter/ph_6.4/regression/configurationsets/SubConfigurationSet.xml" description="configuration set creation on child level-1" severity="Blocker" repeat="1">
			<parameter name="configName" value="configset_R-4" />
			<parameter name="subconfigName" value="subconfigset_R-4-##" />
			<parameter name="subconfigDesc" value="New Config set decription" />			
		</step>	
			<step type="JAVA" name="Create SubConfiguration Set R1 Level-2" linkFile="src/test/jmeter/ph_6.4/regression/configurationsets/SubConfigurationSet.xml" description="configuration set creation on child level-2" severity="Blocker" repeat="1">
				<parameter name="configName" value="subconfigset_R-1-1" />
				<parameter name="subconfigName" value="subconfigset_R-1-1-##" />
				<parameter name="subconfigDesc" value="New Config set decription" />			
			</step>	
		
			<step type="JAVA" name="Create SubConfiguration Set R1 Level-2" linkFile="src/test/jmeter/ph_6.4/regression/configurationsets/SubConfigurationSet.xml" description="configuration set creation on child level-2" severity="Blocker" repeat="2">
				<parameter name="configName" value="subconfigset_R-1-2" />
				<parameter name="subconfigName" value="subconfigset_R-1-2-##" />
				<parameter name="subconfigDesc" value="New Config set decription" />			
			</step>	
			<step type="JAVA" name="Create SubConfiguration Set R1 Level-2" linkFile="src/test/jmeter/ph_6.4/regression/configurationsets/SubConfigurationSet.xml" description="configuration set creation on child level-2" severity="Blocker" repeat="3">
				<parameter name="configName" value="subconfigset_R-1-3" />
				<parameter name="subconfigName" value="subconfigset_R-1-3-##" />
				<parameter name="subconfigDesc" value="New Config set decription" />			
			</step>	
			<step type="JAVA" name="Create SubConfiguration Set R1 Level-2" linkFile="src/test/jmeter/ph_6.4/regression/configurationsets/SubConfigurationSet.xml" description="configuration set creation on child level-2" severity="Blocker" repeat="4">
				<parameter name="configName" value="subconfigset_R-1-4" />
				<parameter name="subconfigName" value="subconfigset_R-1-4-##" />
				<parameter name="subconfigDesc" value="New Config set decription" />			
			</step>
			
			
	<step type="JAVA" name="Check Root CSet - Active State" linkFile="src/test/jmeter/ph_6.4/regression/configurationsets/CheckConfigurationSetStatus.xml" repeat="3" description=" " severity="Major">
			<parameter name="statusCheck" value="tree_node_indication circle-green-info" />
			<parameter name="configName" value="configset_R-##" />	
	</step>	
	
	<step type="JAVA" name="Check Root CSet - Inactive State" linkFile="src/test/jmeter/ph_6.4/regression/configurationsets/CheckConfigurationSetStatus.xml" description=" " severity="Major">
			<parameter name="statusCheck" value="tree_node_indication circle-gray" />
			<parameter name="configName" value="configset_R-4" />	
	</step>	
	
	<step type="JAVA" name="Check Root CSet - Active State" linkFile="src/test/jmeter/ph_6.4/regression/configurationsets/CheckConfigurationSetStatus.xml" description=" " severity="Major">
			<parameter name="statusCheck" value="tree_node_indication circle-green" />
			<parameter name="configName" value="configset_R-5" />	
	</step>	
		
		<step type="JAVA" name="Check CSet_1s Child - Inactive State" linkFile="src/test/jmeter/ph_6.4/regression/configurationsets/CheckConfigurationSetStatus.xml" repeat="4" description=" " severity="Major">		
			<parameter name="configName" value="subconfigset_R-1-##" />
			<parameter name="statusCheck" value="tree_node_indication circle-gray" />
		</step>		
		<step type="JAVA" name="Check CSet_2s Child - Inactive State" linkFile="src/test/jmeter/ph_6.4/regression/configurationsets/CheckConfigurationSetStatus.xml" repeat="3" description=" " severity="Major">
			<parameter name="configName" value="subconfigset_R-2-##" />
			<parameter name="statusCheck" value="tree_node_indication circle-gray" />
		</step>
		
		<step type="JAVA" name="Check CSet_3s Child - Inactive State" linkFile="src/test/jmeter/ph_6.4/regression/configurationsets/CheckConfigurationSetStatus.xml" repeat="2" description=" " severity="Major">
			<parameter name="configName" value="subconfigset_R-3-##" />
			<parameter name="statusCheck" value="tree_node_indication circle-gray" />
		</step>
		
		<step type="JAVA" name="Check CSet_4s Child- Inactive State" linkFile="src/test/jmeter/ph_6.4/regression/configurationsets/CheckConfigurationSetStatus.xml" repeat="1"  description=" " severity="Major">
		<parameter name="configName" value="subconfigset_R-4-##" />
			<parameter name="statusCheck" value="tree_node_indication circle-gray-info" />
		</step>	
			<step type="JAVA" name="Check CSet_1_1s Child - Inactive State" linkFile="src/test/jmeter/ph_6.4/regression/configurationsets/CheckConfigurationSetStatus.xml" repeat="1" description=" " severity="Major">
				<parameter name="configName" value="subconfigset_R-1-1-##" />
				<parameter name="statusCheck" value="tree_node_indication circle-gray-info" />
			</step>
			
			<step type="JAVA" name="Check CSet_1_2s Child - Inactive State" linkFile="src/test/jmeter/ph_6.4/regression/configurationsets/CheckConfigurationSetStatus.xml" repeat="2" description=" " severity="Major">
				<parameter name="configName" value="subconfigset_R-1-2-##" />
				<parameter name="statusCheck" value="tree_node_indication circle-gray-info" />
			</step>
			
			<step type="JAVA" name="Check CSet_1_3s Child - Inactive State" linkFile="src/test/jmeter/ph_6.4/regression/configurationsets/CheckConfigurationSetStatus.xml" repeat="3" description=" " severity="Major">
				<parameter name="configName" value="subconfigset_R-1-3-##" />
				<parameter name="statusCheck" value="tree_node_indication circle-gray-info" />
			</step>
			
			<step type="JAVA" name="Check CSet_1_4s Child - Inactive State" linkFile="src/test/jmeter/ph_6.4/regression/configurationsets/CheckConfigurationSetStatus.xml" repeat="4" description=" " severity="Major">
				<parameter name="configName" value="subconfigset_R-1-4-##" />
				<parameter name="statusCheck" value="tree_node_indication circle-gray-info" />
			</step>
</steps>

