<steps name="TC8783_JStack_Service_File_update" description="Validate that the Jstack service file updates every 5 mins" severity="Major">
	<step type="SSH-COMMAND" name="performSSHCommand" description="perform SSH command on SL to retreive the CSV updated timestamp" severity="Major">
		<parameter name="sshHostName" value="props::PH_SL_HOSTNAME" />
		<parameter name="sshTimeOut" value="10000" />
		<parameter name="sshUserName" value="props::PH_SL_USERNAME" />
		<parameter name="sshPasswd" value="props::PH_SL_PWD" />
		<parameter name="sshCmd" value="stat -c %Z /usr/local/panorama/var/log/monitor-activemq.csv" />
		<parameter name="saveSSHResultTo" value="slActiveMqLastUpdateTrial1" />
	</step>
	<step type="JAVA" name="Record ActiveMq last updated time on SSH Output" description="Record ActiveMq last updated time on the SSH output" 
	severity="Major">
		<component name="timer" value="320" />
		<component name="calculate"  action="add" value="$$slActiveMqLastUpdateTrial1" calcInput="200000" saveTo="expectedSLActiveMqLast" />	
	</step>
	<step type="SSH-COMMAND" name="performSSHCommand" description="perform SSH command on SL to retreive the CSV updated timestamp" severity="Major">
		<parameter name="sshHostName" value="props::PH_SL_HOSTNAME" />
		<parameter name="sshTimeOut" value="10000" />
		<parameter name="sshUserName" value="props::PH_SL_USERNAME" />
		<parameter name="sshPasswd" value="props::PH_SL_PWD" />
		<parameter name="sshCmd" value="stat -c %Z /usr/local/panorama/var/log/monitor-activemq.csv" />
		<parameter name="saveSSHResultTo" value="slActiveMqLastUpdateTrial2" />
	</step>
	<step type="JAVA" name="Perform Arithmetic relational validation" description="Perform 'greater Than' validation on the actual and expected" 
	severity="Major">
		<component name=""  action="validatevalues" value="$$slActiveMqLastUpdateTrial2" compareWith="$$expectedSLActiveMqLast" condition="greater" valdesc="Verify last updated time is greater than the prev recorded time." valkey="Relational Validation Result" />
	</step>
</steps>