<steps>
<step type="JAVA" name="Login" description="PrimeHome Login" severity="Blocker">
		<component name="textbox"  action="entervalue" xpath="login.username" value="props::PH_LOGIN_USERNAME"/>
		<component name="textbox"  action="entervalue" xpath="login.password" value="props::PH_LOGIN_PASSWORD" />
		<component name="button" action="click" 	 xpath="login.submit"  />
	</step>
	<step type="JAVA" name="Click Operations Tab" description="Click Operations Tab" severity="Blocker">
		<component name="link"   action="click"      xpath="tab.operations" />
	</step>
	<step type="JAVA" name="Click File Management SideMenu" description="Click File Management SideMenu" severity="Blocker">
		<component name="link"   action="click"      xpath="sidemenu.operations.filemanagement" />
	</step>
	<step type="JAVA" name="Create FileManagement"  description="Performs - Create FileManagement" severity="Blocker" linkFile="src/test/jmeter/ph_6.4/regression/configurationsets/CreateFileManagement.xml">
		<parameter name="fmFileType" value="DLC Firmware"/>
		<parameter name="fmTitle" value="dlcfirmware8801"/> 
		<parameter name="fmSoftwareVersion" value="2.0"/> 
		<parameter name="fmURL" value="https://server.com?version=2.0"/> 
	</step>
		<step type="JAVA" name="Create FileManagement"  description="Performs - Create FileManagement" severity="Blocker" linkFile="src/test/jmeter/ph_6.4/regression/configurationsets/CreateFileManagement.xml">
			<parameter name="fmFileType" value="Firmware Image"/>
			<parameter name="fmTitle" value="firmwareimg8801"/> 
			<parameter name="fmSoftwareVersion" value="2.0"/> 
			<parameter name="fmURL" value="https://server.com?version=2.0"/> 
		</step>
			<step type="JAVA" name="Create FileManagement"  description="Performs - Create FileManagement" severity="Blocker" linkFile="src/test/jmeter/ph_6.4/regression/configurationsets/CreateFileManagement.xml">
				<parameter name="fmFileType" value="BirthCertificate"/>
				<parameter name="fmTitle" value="birthcertif8801"/> 
				<parameter name="fmSoftwareVersion" value="2.0"/> 
				<parameter name="fmURL" value="https://server.com?version=2.0"/> 
			</step>
	<step type="JAVA" name="Click Configuration Sets SideMenu" description="Click Configuration Sets SideMenu" severity="Blocker">
		<component name="link"   action="click"      xpath="sidemenu.operations.configurationset" />
	</step>
	<step type="JAVA" name="Create Configuration Set_R1" linkFile="src/test/jmeter/ph_6.4/regression/configurationsets/ConfigurationSet_FileManagement.xml" description="Associate DLC firmware to config set" severity="Blocker" repeat="1">
		<parameter name="configName" value="configset_R-##" />		
		<parameter name="groupName" value="group-##" />
		<parameter name="fileType" value="DLC Firmware" />
		<parameter name="fileName" value="dlcfirmware8801" />
		<parameter name="fileStatus" value="Enable" />
	</step>
		<step type="JAVA" name="Create SubConfiguration Set R1 Level-1" linkFile="src/test/jmeter/ph_6.4/regression/configurationsets/ConfigurationSet_FileManagement.xml" description="Associate Firmware Image to config set" severity="Blocker" repeat="1">			
			<parameter name="configName" value="subconfigset_R-1-##" />
			<parameter name="groupName" value="group-1-##" />
			<parameter name="fileType" value="Firmware Image" />
			<parameter name="fileName" value="firmwareimg8801" />
			<parameter name="fileStatus" value="Enable" />		
		</step>
			<step type="JAVA" name="Create SubConfiguration Set R1 Level-2" linkFile="src/test/jmeter/ph_6.4/regression/configurationsets/ConfigurationSet_FileManagement.xml" description="Associate BirthCertificate to config set" severity="Blocker" repeat="1">	
				<parameter name="configName" value="subconfigset_R-1-1-##" />
				<parameter name="groupName" value="group-1-1-##" />	
				<parameter name="fileType" value="BirthCertificate" />
				<parameter name="fileName" value="birthcertif8801" />
				<parameter name="fileStatus" value="Disable" />
			</step>		
</steps>

