<steps>
	<step type="JAVA" name="Login" description="PrimeHome Login" severity="Blocker">
		<component name="textbox"  action="entervalue" xpath="login.username" value="props::PH_LOGIN_USERNAME"/>
		<component name="textbox"  action="entervalue" xpath="login.password" value="props::PH_LOGIN_PASSWORD" />
		<component name="button" action="click" 	 xpath="login.submit"  />
	</step>
	<step type="JAVA" name="Click Tab" description="Click Tab" severity="Blocker">
		<component name="link"   action="click"      xpath="tab.operations" />
	</step>
	<step type="JAVA" name="Click SideMenu" description="Click Sidemenu" severity="Blocker">
		<component name="link"   action="click"      xpath="sidemenu.operations.configurationset" />
	</step>
	
	<step type="JAVA" name="Export Configuration Set" description="Export All Configuration Sets" severity="Blocker">
		<component name=""   action="menuselect"      xpath="operations.configurationsets.addnew.settings.icon" value="Export" saveTo="exportAll"/>
		<component name=""   action="validatevalues" value="$$exportAll" compareWith="exported__CSets" condition="contains" valdesc="Verify Exported file name" valkey="Exported File"/>
	</step>
		
	<step type="JAVA" name="Export Configuration Set" description="Export Configuration Set at Root level" severity="Blocker">
		<parameter name="configName" value="configset_R-1" />
		
		<component name="textbox"  action="entervalue" xpath="operations.configurationsets.name.search" value="$$configName" />
		<component name="button" action="click"      xpath="operations.configurationsets.find.button" />
		
		<component name="link"   action="click"      xpath="operations.configurationsets.configname.select" xpathInput="$$configName"/>
		<component name=""   action="menuselect"      xpath="operations.configurationsets.configname.arrow" xpathInput="$$configName" value="Export" saveTo="exportRoot"/>
		<component name=""   action="validatevalues" value="$$exportRoot" compareWith="exported_configset_R-1_CSets" condition="contains" valdesc="Verify Exported file name" valkey="Exported File"/>
	</step>
	
	<step type="JAVA" name="Export Configuration Set" description="Export Configuration Set at Parent level" severity="Blocker">
		<parameter name="configName" value="subconfigset_R-1-1" />
		
		<component name="textbox"  action="entervalue" xpath="operations.configurationsets.name.search" value="$$configName" />
		<component name="button" action="click"      xpath="operations.configurationsets.find.button" />
		
		<component name="link"   action="click"      xpath="operations.configurationsets.configname.select" xpathInput="$$configName"/>
		<component name=""   action="menuselect"      xpath="operations.configurationsets.configname.arrow" xpathInput="$$configName" value="Export" saveTo="exportParent"/>
		<component name=""   action="validatevalues" value="$$exportParent" compareWith="exported_subconfigset_R-1-1_CSets" condition="contains" valdesc="Verify Exported file name" valkey="Exported File"/>
	</step>
	
	<step type="JAVA" name="Export Configuration Set" description="Export Configuration Set at Leaf level" severity="Blocker">
		<parameter name="configName" value="subconfigset_R-1-1-1" />
		
		<component name="textbox"  action="entervalue" xpath="operations.configurationsets.name.search" value="$$configName" />
		<component name="button" action="click"      xpath="operations.configurationsets.find.button" />
		
		<component name="link"   action="click"      xpath="operations.configurationsets.configname.select" xpathInput="$$configName"/>
		<component name=""   action="menuselect"      xpath="operations.configurationsets.configname.arrow" xpathInput="$$configName" value="Export" saveTo="exportLeaf"/>
		<component name=""   action="validatevalues" value="$$exportLeaf" compareWith="exported_subconfigset_R-1-1-1_CSets" condition="contains" valdesc="Verify Exported file name" valkey="Exported File"/>
	</step>
</steps>