<steps>
	<step type="START-DS" name="Start DS" description="Starts the Device Simulator with the device serial number and sends the Bootstrap event." severity="Blocker" >
		<parameter name="DEVICE_ID" value="device-1" />
		<parameter name="ACS_IP" value="props::ACS_IP" />
		<parameter name="DEVICE_DATA_MODEL_NAME" value="props::DEVICE_DATA_MODEL_NAME" />
	</step>
	<step type="JAVA" name="Login" description="PrimeHome Login" severity="Blocker">
		<component name="textbox"  action="entervalue" xpath="login.username" value="props::PH_LOGIN_USERNAME"/>
		<component name="textbox"  action="entervalue" xpath="login.password" value="props::PH_LOGIN_PASSWORD" />
		<component name="button" action="click" 	 xpath="login.submit"  />
		
		<parameter name="DEVICE_ID" value="device-1" />
		<parameter name="rootcs1" value="configset_R-1" />
		<parameter name="rootcs2" value="configset_R-5" />
		<parameter name="parentcs" value="subconfigset_R-1-1" />
		<parameter name="leafcs" value="subconfigset_R-1-1-1" />
		
		<parameter name="rootv1" value="ATTWLTEST-R-1" />
		<parameter name="rootv2" value="ATTWLTEST-R-5" />
		<parameter name="parentv" value="ATTWLTEST-R-1-1" />
		<parameter name="leafv" value="ATTWLTEST-R-1-1-1" />
		
		<parameter name="DataModelParameter" value="InternetGatewayDevice.LANDevice.1.WLANConfiguration.1.SSID" />

	</step>
	
	<step type="JAVA" name="Click Operations Tab" description="Click Operations Tab" severity="Blocker">
		<component name="link"   action="click"      xpath="tab.operations" />
	</step>
	
	<step type="JAVA" name="Click Configuration Sets SideMenu" description="click configuration set sidemenu" severity="Blocker">
		<component name="link"   action="click"      xpath="sidemenu.operations.configurationset" />
	</step>	
	
	<step type="JAVA" name="Activate Config Set" linkFile="src/test/jmeter/ph_6.4/regression/configurationsets/ActivateCSET.xml" description="activate configuration set" severity="Blocker" >
		<parameter name="configName" value="$$parentcs" />	
	</step>

	<step type="DS" name="Send Periodic Event" description="Performs - Send Periodic Event " severity="Blocker">
		<component operation="sendEvent" name="Periodic"/>
		<component name="timer" value="5" />
	</step>
	
	<step type="DS" name="Verify Value in DS" description="Performs - Verify Value in DS" severity="Blocker">
		<component operation="gpv" name="$$DataModelParameter" saveTo="DSValue_SSID" compareWith="$$parentv" valdesc="Verify SSID is DS" valkey="SSID"/>
	</step>
	<step type="JAVA" name="Verify Value in UI" description="Performs - Verify Value in UI" severity="Blocker">
		<component name="textbox"  action="entervalue" xpath="advancedsearch.textbox" value="$$DEVICE_ID"/>
		<component name="button"  action="click" xpath="advancedsearch.findbutton" />
		<component name="timer" value="5" />		
		<component name=""       action="validate" xpath="deviceview.devicepage.deviceview.apname" compareWith="$$parentv" valdesc="Verify SSID is UI" valkey="SSID"/>	
	</step>
</steps>