<steps>
	<step type="START-DS" name="Start DS" description="Starts the Device Simulator with the device serial number and sends the Bootstrap event." severity="Blocker" >
		<parameter name="DEVICE_ID" value="device-1" />
		<parameter name="ACS_IP" value="props::ACS_IP" />
		<parameter name="DEVICE_DATA_MODEL_NAME" value="props::DEVICE_DATA_MODEL_NAME" />
	</step>
	<step type="JAVA" name="Login" description="PrimeHome Login" severity="Blocker">
		<component name="textbox"  action="entervalue" xpath="login.username" value="props::PH_LOGIN_USERNAME"/>
		<component name="textbox"  action="entervalue" xpath="login.password" value="props::PH_LOGIN_PASSWORD" />
		<component name="button" action="click" 	 xpath="login.submit"  />
		
		<parameter name="DEVICE_ID" value="device-1" />
		<parameter name="rootcs1" value="configset_R-1" />
		<parameter name="rootcs2" value="configset_R-5" />
		<parameter name="parentcs" value="subconfigset_R-1-1" />
		<parameter name="leafcs" value="subconfigset_R-1-1-1" />
		
		<parameter name="rootv1" value="ATTWLTEST-R-1" />
		<parameter name="rootv2" value="ATTWLTEST-R-5" />
		<parameter name="parentv" value="ATTWLTEST-R-1-1" />
		<parameter name="leafv" value="ATTWLTEST-R-1-1-1" />
		
		<parameter name="DataModelParameter" value="InternetGatewayDevice.LANDevice.1.WLANConfiguration.1.SSID" />

	</step>
	<step type="JAVA" name="Click Operations Tab" description="Click Operations Tab" severity="Blocker">
		<component name="link"   action="click"      xpath="tab.operations" />
	</step>
	
	<!-- Create Groups -->
	<!-- <step type="JAVA" name="Click SideMenu" description="Performs - Click SideMenu" severity="Blocker">
		<component name="link"   action="click"      xpath="sidemenu.operations.groups" />
	</step>
	<step type="JAVA" name="Create Group" linkFile="src/test/jmeter/ph_6.4/regression/group/CreateGroup.xml" description="Create Group" severity="Blocker">
		<parameter name="groupName" value="$$rootgr1"/>
		<parameter name="groupDesc" value="group description" />
	</step>
	<step type="JAVA" name="Click SideMenu" description="Performs - Click SideMenu" severity="Blocker">
		<component name="link"   action="click"      xpath="sidemenu.operations.groups" />
	</step>
	<step type="JAVA" name="Create Group" linkFile="src/test/jmeter/ph_6.4/regression/group/CreateGroup.xml" description="Create Group" severity="Blocker" >
		<parameter name="groupName" value="$$rootgr2"/>
		<parameter name="groupDesc" value="group description" />
	</step>
	<step type="JAVA" name="Click SideMenu" description="Performs - Click SideMenu" severity="Blocker">
		<component name="link"   action="click"      xpath="sidemenu.operations.groups" />
	</step>
	<step type="JAVA" name="Create Group" linkFile="src/test/jmeter/ph_6.4/regression/group/CreateGroup.xml" description="Create Group" severity="Blocker" >
		<parameter name="groupName" value="$$parentgr"/>
		<parameter name="groupDesc" value="group description" />
	</step>
	<step type="JAVA" name="Click SideMenu" description="Performs - Click SideMenu" severity="Blocker">
		<component name="link"   action="click"      xpath="sidemenu.operations.groups" />
	</step>
	<step type="JAVA" name="Create Group" linkFile="src/test/jmeter/ph_6.4/regression/group/CreateGroup.xml" description="Create Group" severity="Blocker" >
		<parameter name="groupName" value="$$leafgr"/>
		<parameter name="groupDesc" value="group description" />
	</step> -->
	
	<!-- Create CSETS -->
	<!-- <step type="JAVA" name="Click Configuration Sets SideMenu" description="click configuration set sidemenu" severity="Blocker">
		<component name="link"   action="click"      xpath="sidemenu.operations.configurationset" />
	</step>	
	<step type="JAVA" name="Create Config Set Root Level" linkFile="src/test/jmeter/ph_6.4/regression/configurationsets/ConfigurationSet.xml" description="configuration set creation on root level" severity="Blocker" >
		<parameter name="configName" value="$$rootcs1" />
		<parameter name="configDesc" value="Root Config set decription" />
	</step>
	<step type="JAVA" name="Click Configuration Sets SideMenu" description="click configuration set sidemenu" severity="Blocker">
		<component name="link"   action="click"      xpath="sidemenu.operations.configurationset" />
	</step>
	<step type="JAVA" name="Create Config Set Root Level" linkFile="src/test/jmeter/ph_6.4/regression/configurationsets/ConfigurationSet.xml" description="configuration set creation on root level" severity="Blocker" >
		<parameter name="configName" value="$$rootcs2" />
		<parameter name="configDesc" value="Root Config set decription" />
	</step>
	<step type="JAVA" name="Click Configuration Sets SideMenu" description="click configuration set sidemenu" severity="Blocker">
		<component name="link"   action="click"      xpath="sidemenu.operations.configurationset" />
	</step>
	<step type="JAVA" name="Create SubConfiguration Set" linkFile="src/test/jmeter/ph_6.4/regression/configurationsets/SubConfigurationSet.xml" description="configuration set creation on child level-1" severity="Blocker" >
		<parameter name="configName" value="$$rootcs1" />
		<parameter name="subconfigName" value="$$parentcs" />
		<parameter name="subconfigDesc" value="New Config set decription" />
	</step>
	<step type="JAVA" name="Click Configuration Sets SideMenu" description="click configuration set sidemenu" severity="Blocker">
		<component name="link"   action="click"      xpath="sidemenu.operations.configurationset" />
	</step>
	<step type="JAVA" name="Create SubConfiguration Set" linkFile="src/test/jmeter/ph_6.4/regression/configurationsets/SubConfigurationSet.xml" description="configuration set creation on child level-1" severity="Blocker" >
		<parameter name="configName" value="$$parentcs" />
		<parameter name="subconfigName" value="$$leafcs" />
		<parameter name="subconfigDesc" value="New Config set decription" />
	</step>
	 -->
	<!-- Associate Group to CSET -->
	<!-- <step type="JAVA" name="Add group to the existing config set" linkFile="src/test/jmeter/ph_6.4/regression/configurationsets/AssociateGroupToCSET.xml" description="group association with config set" severity="Blocker">
		<parameter name="configName" value="$$rootcs1" />
		<parameter name="groupName" value="$$rootgr1" />			
	</step>	
	<step type="JAVA" name="Add group to the existing config set" linkFile="src/test/jmeter/ph_6.4/regression/configurationsets/AssociateGroupToCSET.xml" description="group association with config set" severity="Blocker">
		<parameter name="configName" value="$$rootcs2" />
		<parameter name="groupName" value="$$rootgr2" />		
	</step>	
	<step type="JAVA" name="Add group to the existing config set" linkFile="src/test/jmeter/ph_6.4/regression/configurationsets/AssociateGroupToCSET.xml" description="group association with config set" severity="Blocker">
		<parameter name="configName" value="$$parentcs" />
		<parameter name="groupName" value="$$parentgr" />			
	</step>	
	<step type="JAVA" name="Add group to the existing config set" linkFile="src/test/jmeter/ph_6.4/regression/configurationsets/AssociateGroupToCSET.xml" description="group association with config set" severity="Blocker">
		<parameter name="configName" value="$$leafcs" />
		<parameter name="groupName" value="$$leafgr" />			
	</step>	 -->
	
	<!-- Associate Configuration to CSET -->
	<!-- <step type="JAVA" name="Add configuration to the existing config set" linkFile="src/test/jmeter/ph_6.4/regression/configurationsets/AssociateConfigurationToCSET.xml" description=" " severity="Blocker">
		<parameter name="configName" value="$$rootcs1" />
		<parameter name="parameterName" value="$$DataModelParameter" />
		<parameter name="parameterValue" value="$$rootv1" />
		<parameter name="parameterStatus" value="Enable" />
	</step>	
	<step type="JAVA" name="Add configuration to the existing config set" linkFile="src/test/jmeter/ph_6.4/regression/configurationsets/AssociateConfigurationToCSET.xml" description=" " severity="Blocker">
		<parameter name="configName" value="$$rootcs2" />
		<parameter name="parameterName" value="$$DataModelParameter" />
		<parameter name="parameterValue" value="$$rootv2" />
		<parameter name="parameterStatus" value="Enable" />
	</step>	
	<step type="JAVA" name="Add configuration to the existing config set" linkFile="src/test/jmeter/ph_6.4/regression/configurationsets/AssociateConfigurationToCSET.xml" description=" " severity="Blocker">
		<parameter name="editConfiguration" value="true" />
		<parameter name="configName" value="$$parentcs" />
		<parameter name="parameterName" value="$$DataModelParameter" />
		<parameter name="parameterValue" value="$$parentv" />
		<parameter name="parameterStatus" value="Enable" />
	</step>	
	<step type="JAVA" name="Add configuration to the existing config set" linkFile="src/test/jmeter/ph_6.4/regression/configurationsets/AssociateConfigurationToCSET.xml" description=" " severity="Blocker">
		<parameter name="editConfiguration" value="true" />
		<parameter name="configName" value="$$leafcs" />
		<parameter name="parameterName" value="$$DataModelParameter" />
		<parameter name="parameterValue" value="$$leafv" />
		<parameter name="parameterStatus" value="Enable" />
	</step> -->
	
	<!-- Activate CSET -->
	<!-- <step type="JAVA" name="Activate Config Set" linkFile="src/test/jmeter/ph_6.4/regression/configurationsets/ActivateCSET.xml" description="activate configuration set" severity="Blocker" >
		<parameter name="configName" value="$$rootcs1" />
	</step>
	<step type="JAVA" name="Activate Config Set" linkFile="src/test/jmeter/ph_6.4/regression/configurationsets/ActivateCSET.xml" description="activate configuration set" severity="Blocker" >
		<parameter name="configName" value="$$rootcs2" />	
	</step> -->
	
	<step type="DS" name="Send Periodic Event" description="Performs - Send Periodic Event " severity="Blocker">
		<component operation="sendEvent" name="Periodic"/>
		<component name="timer" value="5" />
	</step>
	
	<step type="DS" name="Verify Value in DS" description="Performs - Verify Value in DS" severity="Blocker">
		<component operation="gpv" name="$$DataModelParameter" saveTo="DSValue_SSID" compareWith="$$rootv1" valdesc="Verify SSID is DS" valkey="SSID"/>
	</step>
	
	<step type="JAVA" name="Verify Value in UI" description="Performs - Verify Value in UI" severity="Blocker">
		<component name="textbox"  action="entervalue" xpath="advancedsearch.textbox" value="$$DEVICE_ID"/>
		<component name="button"  action="click" xpath="advancedsearch.findbutton" />
		<component name="timer" value="5" />		
		<component name=""       action="validate" xpath="deviceview.devicepage.deviceview.apname" compareWith="$$rootv1" valdesc="Verify SSID is UI" valkey="SSID"/>	
	</step>
</steps>