<steps>

	<step type="START-DS" name="Start DS" description="Performs-Start DS" severity="Major">
		<parameter name="DEVICE_ID" value="test-device-TC8876" />
		<parameter name="ACS_IP" value="props::ACS_IP" />
		<parameter name="DEVICE_DATA_MODEL_NAME" value="props::DEVICE_DATA_MODEL_NAME" />
		
	</step>
	
	<!--Login -->
	
	<step type="JAVA" name="Login" description="Performs - Login" severity="Major">
		<component name="textbox"  action="entervalue" xpath="login.username" value="props::PH_LOGIN_USERNAME"/>
		<component name="textbox"  action="entervalue" xpath="login.password" value="props::PH_LOGIN_PASSWORD" />
		<component name="button" action="click" 	 xpath="login.submit"  />
	</step>
	
	<!-- Click operations Tab -->
	
	<step type="JAVA" name="Click Tab" description="Performs - Click Tab " severity="Major">
		<component name="link"   action="click"  xpath="tab.operations" />
	</step>
	
	<!-- Click Groups Tab -->
	
	<step type="JAVA" name="Click SideMenu" description="Performs - Click SideMenu" severity="Major">
		<component name="link"   action="click"      xpath="sidemenu.operations.groups" />
	</step>
	
	<!-- Create Group -->
	
	<step type="JAVA" name="Create Group" linkFile="src/test/jmeter/ph_6.4/regression/group/CreateGroup.xml" description="Performs - Create Group" severity="Major">
		<parameter name="groupName" value="TC8876-group" />
		<parameter name="groupDesc" value="TC8876 description" />
	</step>
	
	<!-- Click on configset in Sidemenu -->
	
	<step type="JAVA" name="Click SideMenu"  description="Performs - Click SideMenu" severity="Major">
		<component name="link"   action="click"   xpath= "sidemenu.operations.configurationset" />
		<component name="timer" value="3" />
	</step>
	
	
	<!-- Create ConfigSet -->
	
	<step type="JAVA" name="Create Configuration Set" linkFile="src/test/jmeter/ph_6.4/regression/configurationsets/ConfigurationSet.xml" description="Performs - Create Configuration Set " severity="Major">
		<parameter name="configName" value="TC8876_TestConfig" />
		<parameter name="configDesc" value="TC8876_TestConfig description" />
	</step>
	
	<!-- Associate the group -->
	
	<step type="JAVA" name="Create Associate Group" linkFile="src/test/jmeter/ph_6.4/regression/configurationsets/ConfigurationSet_AssocGroup.xml" description="Performs - Create Associate Group " severity="Major">
		<parameter name="configName" value="TC8876_TestConfig"/>
		<parameter name="groupName" value="TC8876-group"/>
		<component name="timer" value="3" />
	</step>
	
	<!-- Activating csets -->
	
	<step type="JAVA" name="Activate cset"  description="Performs - Activate cset" severity="Major" linkFile="src/test/jmeter/ph_6.4/regression/configurationsets/ActivateConfigurationSet.xml">
		<parameter name="configName" value="TC8876_TestConfig"/>
	</step>
	
	<!-- Advanced Search -->
	
	<step  type="JAVA" name="Search"  description="Performs - Activate cset" severity="Major">
		<component name="textbox"  action="entervalue" xpath="advancedsearch.textbox" value="$$DEVICE_ID" />
		<component name="button" action="click"  xpath="advancedsearch.findbutton" />
		<component name="timer" value="4" />
	</step>
	
	<!-- Click on Device Operations tab in side menu  -->
	<step  type="JAVA" name="Click - Devicemenu"  description="Performs - Click - Devicemenu" severity="Major">
		<component name="link"  action="click" xpath="deviceview.devicepage.devicesidemenu.device_operations" />
		<component name="timer" value="3" />
	</step>
	
	<!-- Click on Csets tab in device portlet -->
	
	<step  type="JAVA" name="Click  Csets"  description="Performs - Click Csets" severity="Major">
		<component name="link"  action="click" xpath="deviceview.devicepage.deviceportlet.configset" />
		<component name="timer" value="2" />
	</step>
	
	
	<!-- Check for Element Availability -->
	
	<step type="JAVA" name="Verify Cset Availability" description="Performs - Cset Element Availability " severity="Major">
		<component name=""  action="element-availability" xpath="deviceview.csets.table.csetname" xpathInput="$$configName" saveTo="csetAvailability" compareWith="Element present" valdesc="Check Element availability" valkey="Presence"/>
	</step>
	
	<!-- Click ConfigSet-->
	<step type="JAVA" name="Click ConfigSet" description="Performs - Click ConfigSet " severity="Major">
		<component name="link"   action="click"  xpath="tab.operations" />
		<component name="timer" value="2" />
		<component name="link"   action="click"   xpath= "sidemenu.operations.configurationset" />
		<component name="timer" value="3" />
	</step>
	
	<step type="JAVA" name="Delete Config Set Root Level R1" linkFile="src/test/jmeter/ph_6.4/regression/configurationsets/DeleteCSET.xml" description="configuration set deletion on root level" severity="Blocker">
		<parameter name="configName" value="TC8876_TestConfig" />
	</step>
	
	<step type="JAVA" name="Click Groups SideMenu" description="Click Groups SideMenu" severity="Blocker">
		<component name="link"   action="click"      xpath="sidemenu.operations.groups" />
	</step>
	
	<step type="JAVA" name="Delete Group" linkFile="src/test/jmeter/ph_6.4/regression/group/DeleteGroup.xml" description="Delete Group" severity="Blocker">
		<parameter name="groupName" value="TC8876-group"/>
	</step>
	
</steps>