<steps>
<step type="JAVA" name="Login" description="PrimeHome Login" severity="Blocker">
		<component name="textbox"  action="entervalue" xpath="login.username" value="props::PH_LOGIN_USERNAME"/>
		<component name="textbox"  action="entervalue" xpath="login.password" value="props::PH_LOGIN_PASSWORD" />
		<component name="button" action="click" 	 xpath="login.submit"  />
	</step>
	<step type="JAVA" name="Click Tab" description=" " severity="Blocker">
		<component name="link"   action="click"      xpath="tab.operations" />
	</step>
	<step type="JAVA" name="Click Configuration Sets SideMenu" description="Click Configuration Sets SideMenu" severity="Blocker">
		<component name="link"   action="click"      xpath="sidemenu.operations.configurationset" />
	</step>	
	<step type="JAVA" name="Create Configuration Set_R1" linkFile="src/test/jmeter/ph_6.4/regression/configurationsets/ConfigurationSet_Notification.xml" description="Associate notification parameter to config set" severity="Blocker" repeat="1">
		<parameter name="configName" value="configset_R-##" />		
		<parameter name="groupName" value="group-##" />
		<parameter name="parameterName" value="InternetGatewayDevice.X_CISCO_COM_Heartbeat.Wireline.LastAckedHeartbeat" />
		<parameter name="parameterValue" value="Active" />
		<parameter name="parameterStatus" value="Enable" />
	</step>
		<step type="JAVA" name="Create SubConfiguration Set R1 Level-1" linkFile="src/test/jmeter/ph_6.4/regression/configurationsets/ConfigurationSet_Notification.xml" description="Associate notification parameter to config set" severity="Blocker" repeat="1">			
			<parameter name="configName" value="subconfigset_R-1-##" />
			<parameter name="groupName" value="group-1-##" />
			<parameter name="parameterName" value="InternetGatewayDevice.ManagementServer.X_CISCO_COM_DLAModeStatus" />
			<parameter name="parameterValue" value="Active" />
			<parameter name="parameterStatus" value="Enable" />	
		</step>
			<step type="JAVA" name="Create SubConfiguration Set R1 Level-2" linkFile="src/test/jmeter/ph_6.4/regression/configurationsets/ConfigurationSet_Notification.xml" description="Associate notification parameter to config set" severity="Blocker" repeat="1">	
				<parameter name="configName" value="subconfigset_R-1-1-##" />
				<parameter name="groupName" value="group-1-1-##" />	
				<parameter name="parameterName" value="InternetGatewayDevice.X_CISCO_COM_Battery.NeedReplacement" />
				<parameter name="parameterValue" value="Active" />
				<parameter name="parameterStatus" value="Disable" />		
			</step>	

			<step type="JAVA" name="Create CSets Notification- Expected Failure Case" linkFile="src/test/jmeter/ph_6.4/regression/configurationsets/CSet_Notification_ExpFail.xml" description="Creates CSets Notification" severity="Major">
				<parameter name="configName" value="subconfigset_R-1-1-1" />
				<parameter name="parameterName" value="InternetGatewayDevice.ManagementServer.X_CISCO_COM_DLAModeStatus" />
				<parameter name="parameterValue" value="Active" />
				<parameter name="parameterStatus" value="Disable" />
			</step>	
	
	
			<step type="JAVA" name="Create CSets Notification- Expected Failure Case" linkFile="src/test/jmeter/ph_6.4/regression/configurationsets/CSet_Notification_ExpFail.xml" description="Creates CSets Notification " severity="Major">
				<parameter name="configName" value="subconfigset_R-1-1-1" />
				<parameter name="parameterName" value="InternetGatewayDevice.ManagementServer.X_CISCO_COM_DLAModeStatus" />
				<parameter name="parameterValue" value="Off" />
				<parameter name="parameterStatus" value="Disable" />
			</step>	
			
			<step type="JAVA" name="Enable RunSeparate CSets Notification" linkFile="src/test/jmeter/ph_6.4/regression/configurationsets/CSet_Notification_EnableRunSeperate.xml" description="Enables RunSeparate CSets Notification " severity="Major">
				<parameter name="configName" value="subconfigset_R-1-1-1" />
				<parameter name="parameterName" value="InternetGatewayDevice.ManagementServer.X_CISCO_COM_DLAModeStatus" />
			</step>	
			
			<step type="JAVA" name="Check RunSeparate CSets Notification" linkFile="src/test/jmeter/ph_6.4/regression/configurationsets/CSet_Notification_CheckRunSeperate.xml" description="Checks RunSeparate CSets Notification " severity="Major">
				<parameter name="configName" value="subconfigset_R-1-1-1" />
				<parameter name="parameterName" value="InternetGatewayDevice.ManagementServer.X_CISCO_COM_DLAModeStatus" />
				<parameter name="runSeperateStatus" value="status_enable inline" />
			</step>				
			<step type="JAVA" name="Edit CSets Notification Status" linkFile="src/test/jmeter/ph_6.4/regression/configurationsets/CSet_Notification_EditStatus.xml" description="Edits CSets Notification Status " severity="Major">
				<parameter name="configName" value="subconfigset_R-1-1-1" />
				<parameter name="parameterName" value="InternetGatewayDevice.X_CISCO_COM_Heartbeat.Wireline.LastAckedHeartbeat" />
				<parameter name="editStatus" value="Disable" />
			</step>	
			
			<step type="JAVA" name="Check CSets Notification Status" linkFile="src/test/jmeter/ph_6.4/regression/configurationsets/CSet_Notification_CheckStatus.xml" description="Checks CSets Notification Status " severity="Major">
				<parameter name="configName" value="subconfigset_R-1-1-1" />
				<parameter name="parameterName" value="InternetGatewayDevice.X_CISCO_COM_Heartbeat.Wireline.LastAckedHeartbeat" />
				<parameter name="editStatus" value="Disable" />
			</step>	
	
	
</steps>



