<steps>

	<step type="START-DS" name="Start DS" description="Performs-Start DS" severity="Major">
		<parameter name="DEVICE_ID" value="test-device-TC8874" />
		<parameter name="ACS_IP" value="props::ACS_IP" />
		<parameter name="DEVICE_DATA_MODEL_NAME" value="props::DEVICE_DATA_MODEL_NAME" />
		
		<parameter name="notifiParameterName" value="InternetGatewayDevice.X_CISCO_COM_HomeplugAV.HomeplugAV.1.Interface.1.MaxBitRate"/>
		<parameter name="configParameterName" value="InternetGatewayDevice.X_CISCO_COM_HomeplugAV.HomeplugAV.1.Interface.1.LogicalNetwork"/>
		
	</step>
	
	<!--Login -->
	
	<step type="JAVA" name="Login" description="Performs - Login" severity="Major">
		<component name="textbox"  action="entervalue" xpath="login.username" value="props::PH_LOGIN_USERNAME"/>
		<component name="textbox"  action="entervalue" xpath="login.password" value="props::PH_LOGIN_PASSWORD" />
		<component name="button" action="click" 	 xpath="login.submit"  />
	</step>
	
	
	<!-- Click Groups Tab -->
	
	<step type="JAVA" name="Click SideMenu" description="Performs - Click SideMenu" severity="Major">
		<component name="link"   action="click"  xpath="tab.operations" />
		<component name="link"   action="click"      xpath="sidemenu.operations.groups" />
	</step>
	
	<!-- Create Group -->
	
	<step type="JAVA" name="Create Group" linkFile="src/test/jmeter/ph_6.4/regression/group/CreateGroup.xml" description="Performs - Create Group" severity="Major">
		<parameter name="groupName" value="TC8874-group" />
		<parameter name="groupDesc" value="TC8874 description" />
	</step>
	
	<!-- Click FileManagement Tab -->
	
	<step type="JAVA" name="Click SideMenu" description="Performs - Click SideMenu" severity="Major">
		<component name="link"   action="click"  xpath="tab.operations" />
		<component name="link"   action="click"    xpath="sidemenu.operations.filemanagement" />
	</step>
	
	
	<!-- Create FileManagement -->

	<step type="JAVA" name="Create FileManagement"  description="Performs - Create FileManagement" severity="Major" linkFile="src/test/jmeter/ph_6.4/regression/configurationsets/CreateFileManagement.xml">
		<parameter name="fmFileType" value="Firmware Image"/>
		<parameter name="fmTitle" value="TC8874_firmware"/> 
		<parameter name="fmSoftwareVersion" value="1.0"/> 
		<parameter name="fmURL" value="https://test.com?version=1.0"/> 
			
	</step> 
	
	<!-- Click on configset in Sidemenu -->
	
	<step type="JAVA" name="Click SideMenu"  description="Performs - Click SideMenu" severity="Major">
		<component name="link"   action="click"   xpath= "sidemenu.operations.configurationset" />
		<component name="timer" value="3" />
	</step>
	
	
	<!-- Create ConfigSet -->
	
	<step type="JAVA" name="Create Configuration Set" linkFile="src/test/jmeter/ph_6.4/regression/configurationsets/ConfigurationSet.xml" description="Performs - Create Configuration Set " severity="Major">
		<parameter name="configName" value="TC8874_TestConfig" />
		<parameter name="configDesc" value="TC8874_TestConfig description" />
	</step>
	
	 <!-- Associate the group -->
	
	<step type="JAVA" name="Create Associate Group" linkFile="src/test/jmeter/ph_6.4/regression/configurationsets/ConfigurationSet_AssocGroup.xml" description="Performs - Create Associate Group " severity="Major">
		<parameter name="configName" value="TC8874_TestConfig"/>
		<parameter name="groupName" value="TC8874-group"/>
		<component name="timer" value="3" />
	</step>
	
	<!-- Create Configuration -->
	
	<step type="JAVA" name="Create New Configuration"  description="Performs - Create New Configuration" severity="Major" linkFile="src/test/jmeter/ph_6.4/regression/configurationsets/ConfigurationSet_Configuration.xml">
		<parameter name="configName" value="TC8874_TestConfig"/>
		<parameter name="parameterName" value="$$configParameterName"/>
		<parameter name="parameterValue" value="199"/>
		<parameter name="parameterStatus" value="Enable"/>
	</step>
	
	<!-- Create Notifications -->
	
	<step type="JAVA" name="Create New Notification"  description="Performs - Create New Notification" severity="Major" linkFile="src/test/jmeter/ph_6.4/regression/configurationsets/ConfigurationSet_Notification.xml">
		<parameter name="parameterName" value="$$notifiParameterName"/>
		<parameter name="parameterValue" value="Active"/>
		<parameter name="parameterStatus" value="Enable"/>
	</step> 
	
	<!-- Create New FileManagement -->
	
	<step type="JAVA" name="Create New FileManagement"  description="Performs - Create New FileManagement" severity="Major" linkFile="src/test/jmeter/ph_6.4/regression/configurationsets/ConfigurationSet_FileManagement.xml">
		<parameter name="fileType" value="Firmware Image"/>
		<parameter name="fileName" value="TC8874_firmware"/>
		<parameter name="fileStatus" value="Enable"/> 
	</step> 
	
	
	<!-- Click on Device Operations tab in side menu  -->
	<step  type="JAVA" name="Click - Devicemenu"  description="Performs - Click - Devicemenu" severity="Major">
		<component name="textbox"  action="entervalue" xpath="advancedsearch.textbox" value="$$DEVICE_ID" />
		<component name="button" action="click"  xpath="advancedsearch.findbutton" />
		<component name="timer" value="3" />
		<component name="link"  action="click" xpath="deviceview.devicepage.devicesidemenu.device_operations" />
		<component name="timer" value="3" />
	</step>
	
	<!-- Check for Element Availability of Csets-->
	
	<step type="JAVA" name="Verify Cset Availability" description="Performs - Cset Element Availability " severity="Major">
		<component name="link"  action="click" xpath="deviceview.devicepage.deviceportlet.configset" />
		<component name="timer" value="2" /> 
		<component name=""  action="element-availability" xpath="deviceview.csets.table.csetname" xpathInput="$$configName" saveTo="csetAvailability" compareWith="Element present" valdesc="Check Element availability" valkey="Presence"/>
	</step>
	
	<!-- Status of Cset -->
	
	<step type="JAVA" name="Check Status of Cset" description="Performs - Status of Cset" severity="Major" >
		<component name="" action="save" xpath="devoperations.cset.status_icon" xpathInput="$$configName"  attrName="tlp" compareWith="Inactive"/>	
	</step>
	
	
	<!-- Check for Element UnAvailability of Firmware Image-->
	
	<step type="JAVA" name="Verify Firmware Image Availability" description="Performs - Firmware Image Element Availability " severity="Major">
		<component name="link"  action="click" xpath="deviceview.devicepage.deviceportlet.firmwareImages" />
		<component name="timer" value="1" />
		<component name=""  action="element-availability" xpath="deviceview.firmwareImages.table.filename" xpathInput="$$fmFileType" saveTo="firmwareImageAvailability" compareWith="Element Not present" valdesc="Check Element availability" valkey="Presence"/>
	</step>
	
	
	<!-- Check for Element UnAvailability of Parameter -->
	
	<step type="JAVA" name="Verify Parameter Availability in Parameter Settings" description="Performs - Parameter Availability " severity="Major">
		<component name="link"  action="click" xpath="deviceview.devicepage.deviceportlet.parameterSettings" />
		<component name="timer" value="2" />
		<component name="select" action="entervalue" xpath="device_operations.confguration.filter_1.xpath" value="Origin" type="custom"/> 
		<component name="timer" value="2" />
		<component name="select" action="entervalue" xpath="device_operations.confguration.filter_2.xpath" type="custom"  value="Configuration set"/>
		<component name="button" action="click"  xpath="device_operations.confguration.find_button.xpath" />
		<component name=""  action="element-availability" xpath="deviceview.parameterSettings.table.parameterName" xpathInput="$$configParameterName" saveTo="parameterAvailability" compareWith="Element Not present" valdesc="Check Element availability" valkey="Presence"/>
	</step>
	
	<!-- Check for Element Availability -->
	
	<step type="JAVA" name="Verify Parameter Availability in Notification Settings" description="Performs - Notification Availability " severity="Major">
		<component name="link"  action="click" xpath="deviceview.devicepage.deviceportlet.notificationSettings" />
		<component name="timer" value="2" />
		<component name="select" action="entervalue" xpath="device_operations.notification.filter_1.xpath" value="Origin" type="custom"/> 
		<component name="timer" value="2" />
		<component name="select" action="entervalue" xpath="device_operations.notification.filter_2.xpath" type="custom"  value="Configuration set"/>
		<component name="button" action="click"  xpath="device_operations.notification.find_button.xpath" />
		<component name=""  action="element-availability" xpath="deviceview.parameterSettings.table.parameterName" xpathInput="$$notifiParameterName" saveTo="notificationAvailability" compareWith="Element Not present" valdesc="Check Element availability" valkey="Presence"/>
	</step>
	
	
	<!-- Click on configset in Sidemenu -->
	
	<step type="JAVA" name="Click SideMenu"  description="Performs - Click SideMenu" severity="Major">
		<component name="link"   action="click"  xpath="tab.operations" />
		<component name="link"   action="click"   xpath= "sidemenu.operations.configurationset" />
		<component name="timer" value="3" />
	</step>
	
	<!-- Activating csets -->
	
	<step type="JAVA" name="Activate cset"  description="Performs - Activate cset" severity="Major" linkFile="src/test/jmeter/ph_6.4/regression/configurationsets/ActivateConfigurationSet.xml">
		<parameter name="configName" value="TC8874_TestConfig"/>
	</step>

	<!-- Click on Device Operations tab in side menu  -->
	<step  type="JAVA" name="Click - Devicemenu"  description="Performs - Click - Devicemenu" severity="Major">
		<component name="textbox"  action="entervalue" xpath="advancedsearch.textbox" value="$$DEVICE_ID" />
		<component name="button" action="click"  xpath="advancedsearch.findbutton" />
		<component name="timer" value="4" />
		<component name="link"  action="click" xpath="deviceview.devicepage.devicesidemenu.device_operations" />
		<component name="timer" value="3" />
	</step>
	
	<!-- Check for Element Availability -->
	
	<step type="JAVA" name="Verify Cset Availability" description="Performs - Cset Element Availability " severity="Major">
		<component name="link"  action="click" xpath="deviceview.devicepage.deviceportlet.configset" />
		<component name="timer" value="2" />
		<component name=""  action="element-availability" xpath="deviceview.csets.table.csetname" xpathInput="$$configName" saveTo="csetAvailability" compareWith="Element present" valdesc="Check Element availability" valkey="Presence"/>
	</step>
	
	<!-- Status of Cset -->
	
	<step type="JAVA" name="Status of Cset" description="Performs - Status of Cset" severity="Major" >
		<component name="" action="save" xpath="devoperations.cset.status_icon" xpathInput="$$configName" attrName="tlp" compareWith="Active"/>	
	</step>
	
	<!-- Check for Element Availability of Firmware Image-->
	
	<step type="JAVA" name="Verify Firmware Image Availability" description="Performs - Firmware Image Element Availability " severity="Major">
		<component name="link"  action="click" xpath="deviceview.devicepage.deviceportlet.firmwareImages" />
		<component name="timer" value="3" />
		<component name=""  action="element-availability" xpath="deviceview.firmwareImages.table.filename" xpathInput="$$fmFileType" saveTo="firmwareImageAvailability" compareWith="Element present" valdesc="Check Element availability" valkey="Presence"/>
	</step>
	
	
	<!-- Check for Element Availability of Parameter -->
	
	<step type="JAVA" name="Verify Parameter Availability" description="Performs - Parameter Availability " severity="Major">
		<component name="link"  action="click" xpath="deviceview.devicepage.deviceportlet.parameterSettings" />
		<component name="timer" value="3" />
		<component name="select" action="entervalue" xpath="device_operations.confguration.filter_1.xpath" value="Origin" type="custom"/> 
		<component name="timer" value="3" />
		<component name="select" action="entervalue" xpath="device_operations.confguration.filter_2.xpath" type="custom"  value="Configuration set"/>
		<component name="button" action="click"  xpath="device_operations.confguration.find_button.xpath" />
		<component name=""  action="element-availability" xpath="deviceview.parameterSettings.table.parameterName" xpathInput="$$configParameterName" saveTo="parameterAvailability" compareWith="Element present" valdesc="Check Element availability" valkey="Presence"/>
	</step>
	
	<!-- Check for Element Availability  of Notifications-->
	
	<step type="JAVA" name="Verify Notification Availability" description="Performs - Notification Availability " severity="Major">
		<component name="link"  action="click" xpath="deviceview.devicepage.deviceportlet.notificationSettings" />
		<component name="timer" value="3" />
		<component name="select" action="entervalue" xpath="device_operations.notification.filter_1.xpath" value="Origin" type="custom"/> 
		<component name="timer" value="3" />
		<component name="select" action="entervalue" xpath="device_operations.notification.filter_2.xpath" type="custom"  value="Configuration set"/>
		<component name="button" action="click"  xpath="device_operations.notification.find_button.xpath" />
		<component name=""  action="element-availability" xpath="deviceview.notificationSettings.table.parameterName" xpathInput="$$notifiParameterName" saveTo="notificationAvailability" compareWith="Element present" valdesc="Check Element availability" valkey="Presence"/>
	</step>
	
	<!-- Click ConfigSet-->
	
	<step type="JAVA" name="Click ConfigSet" description="Performs - Click ConfigSet " severity="Major">
		<component name="link"   action="click"  xpath="tab.operations" />
		<component name="timer" value="2" />
		<component name="link"   action="click"   xpath= "sidemenu.operations.configurationset" />
		<component name="timer" value="3" />
	</step>
	
	<step type="JAVA" name="Delete Config Set Root Level R1" linkFile="src/test/jmeter/ph_6.4/regression/configurationsets/DeleteCSET.xml" description="configuration set deletion on root level" severity="Blocker">
		<parameter name="configName" value="TC8874_TestConfig" />
	</step>
	
	<step type="JAVA" name="Click Groups SideMenu" description="Click Groups SideMenu" severity="Blocker">
		<component name="link"   action="click"      xpath="sidemenu.operations.groups" />
	</step>
	
	<step type="JAVA" name="Delete Group" linkFile="src/test/jmeter/ph_6.4/regression/group/DeleteGroup.xml" description="Delete Group" severity="Blocker">
		<parameter name="groupName" value="TC8874-group"/>
	</step>
	
</steps>