<steps>
	<step type="START-DS" name="Start DS" description="Performs - START-DS " severity="Blocker">
		<parameter name="DEVICE_ID" value="dlci-tc9028" />
		<parameter name="ACS_IP" value="props::ACS_IP" />
		<parameter name="DEVICE_DATA_MODEL_NAME" value="Gateway - DLCi" />
	</step>
	<step type="JAVA" name="Login" description="PrimeHome Login" severity="Blocker">
		<component name="textbox"  action="entervalue" xpath="login.username" value="props::PH_LOGIN_USERNAME"/>
		<component name="textbox"  action="entervalue" xpath="login.password" value="props::PH_LOGIN_PASSWORD" />
		<component name="button" action="click" 	 xpath="login.submit"  />
	</step>	
	<step type="JAVA" name="Click Dashboard Tab" description="Click Dashboard Tab" severity="Blocker">
		<component name="link"   action="click"      xpath="tab.dashboard" />
	</step>
	<step type="JAVA" name="Click Search Devices SideMenu" description="Click Search Devices SideMenu" severity="Blocker">
		<component name="link"   action="click"      xpath="sidemenu.dashboard.searchdevices" />
	</step>
	<step type="JAVA" name="Navigate to device" description="Navigate to device" severity="Blocker">
		<parameter name="SerialNo" value="'Serial Number'='dlci-tc9028'" />	
		<component name="textbox"  action="entervalue" xpath="operations.devicemanagement.query" value="$$SerialNo"/>
		<component name="button"  action="click" xpath="operations.devicemanagement.query.find" />
		<component name="timer" value="2" />
		<component name="button"  action="click" xpath="dashboard.searchdevices.quicksearch.device" xpathInput="$$DEVICE_ID"/>
		<component name="timer" value="15" />
	</step>
	<step type="JAVA" name="Device View Portlet : Device Online" description="Device View Portlet" severity="Blocker">
		<component name=""  action="save" xpath="deviceview.device.status" saveTo="deviceOnline" attrName="class" compareWith="dvCircle circle-green" valdesc="Device View Portlet : Device Online" valkey="Device Status"/>		
		<component name="timer" value="3" />
	</step>
	<step type="JAVA" name="Device Properties : Get Value from UI" description="Device View Properties" severity="Blocker">	
		<component name=""   action="extract" xpath="deviceview.devicepage.properties.table"  xpathInput="0" saveTo="devicepropdetails" type="table" isHeaderAvailable="no"/>
		<component name=""   action="rowaction" value="JMETEROBJ::devicepropdetails" compareWith="Manufacturer:"  columnindex="1,2" saveTo="Manufacturer" tableaction="gettext" elementtype="text"/>
		<component name=""   action="rowaction" value="JMETEROBJ::devicepropdetails" compareWith="OUI:"  columnindex="1,2" saveTo="OUI" tableaction="gettext" elementtype="text"/>
		<component name=""   action="rowaction" value="JMETEROBJ::devicepropdetails" compareWith="Model Name:"  columnindex="1,2" saveTo="Model" tableaction="gettext" elementtype="text"/>
		<component name=""   action="rowaction" value="JMETEROBJ::devicepropdetails" compareWith="Serial Number:"  columnindex="1,2" saveTo="SerialNumber" tableaction="gettext" elementtype="text"/>
		<component name=""   action="rowaction" value="JMETEROBJ::devicepropdetails" compareWith="Wireline last heartbeat:"  columnindex="1,2" saveTo="WirelineLastHeartBeat" tableaction="gettext" elementtype="text"/>
		<component name=""   action="rowaction" value="JMETEROBJ::devicepropdetails" compareWith="Mobility last heartbeat:"  columnindex="1,2" saveTo="MobilityLastHeartBeat" tableaction="gettext" elementtype="text"/>
		<!-- <component name=""   action="rowaction" value="JMETEROBJ::devicepropdetails" compareWith="Active DLA Version:"  columnindex="1,2" saveTo="DLAVersion" tableaction="gettext" elementtype="text"/> -->
		<component name=""   action="rowaction" value="JMETEROBJ::devicepropdetails" compareWith="Active Truststore Version:"  columnindex="1,2" saveTo="ActiveTrustStore" tableaction="gettext" elementtype="text"/>
		<component name=""   action="rowaction" value="JMETEROBJ::devicepropdetails" compareWith="IMEI:"  columnindex="1,2" saveTo="IMEI" tableaction="gettext" elementtype="text"/>
		<component name=""   action="rowaction" value="JMETEROBJ::devicepropdetails" compareWith="Mobility Heartbeat Status:"  columnindex="1,2" saveTo="MobilityHeartBeatStatus" tableaction="gettext" elementtype="text"/>
		<component name=""   action="rowaction" value="JMETEROBJ::devicepropdetails" compareWith="System Mode Status:"  columnindex="1,2" saveTo="SystemModeStatus" tableaction="gettext" elementtype="text"/>
		<component name=""   action="rowaction" value="JMETEROBJ::devicepropdetails" compareWith="Wireline Heartbeat Status:"  columnindex="1,2" saveTo="WirelineHeartBeatStatus" tableaction="gettext" elementtype="text"/>
		<component name="timer" value="1" />
		<component name="button"  action="click" xpath="deviceview.devicepage.properties.path" xpathInput="1" />
		<component name="timer" value="1" />
		<component name=""   action="extract" xpath="deviceview.devicepage.properties.table"  xpathInput="1" saveTo="devicepropversions" type="table" isHeaderAvailable="no"/>
		<component name=""   action="rowaction" value="JMETEROBJ::devicepropversions" compareWith="Hardware:"  columnindex="1,2" saveTo="HardwareVersion" tableaction="gettext" elementtype="text"/>
		<component name=""   action="rowaction" value="JMETEROBJ::devicepropversions" compareWith="Software Version:"  columnindex="1,2" saveTo="SoftwareVersion" tableaction="gettext" elementtype="text"/>
		<component name=""   action="rowaction" value="JMETEROBJ::devicepropversions" compareWith="Active DLA Version:"  columnindex="1,2" saveTo="DLAVersion" tableaction="gettext" elementtype="text"/>
		<component name="timer" value="1" />
	</step>
	<step type="JAVA" name="Device View : DLCi Image from UI" description="Device View : DLCi Image" severity="Blocker">	
		<component name="timer" value="2" />
		<component name=""  action="save" xpath="deviceview.devicepage.properties.dlci.image" saveTo="dlciimage" attrName="src" compareWith="dlci" condition="contains" valdesc="Device View Portlet : DLCi Image" valkey="DLCi Image"/>	
	</step>
	
	<step type="DS" name="Device Properties : Get Value from DS" description="Performs - Fetch Value from DS " severity="Blocker">
		<component operation="gpv" name="InternetGatewayDevice.DeviceInfo.Manufacturer" saveTo="DSValue_Manufauturer" />
		<component operation="gpv" name="InternetGatewayDevice.DeviceInfo.ManufacturerOUI" saveTo="DSValue_OUI" />
		<component operation="gpv" name="InternetGatewayDevice.DeviceInfo.ModelName" saveTo="DSValue_ModelName" />
		<component operation="gpv" name="InternetGatewayDevice.DeviceInfo.SerialNumber" saveTo="DSValue_SerialNo" />
		<component operation="gpv" name="InternetGatewayDevice.DeviceInfo.X_CISCO_COM_OSGiVersion" saveTo="DSValue_OSGVersion" />
		<component operation="gpv" name="InternetGatewayDevice.DeviceInfo.X_CISCO_COM_TSVersion" saveTo="DSValue_TSVersion" />
		<component operation="gpv" name="InternetGatewayDevice.ManagementServer.X_CISCO_COM_DLAModeStatus" saveTo="DSValue_DLAStatus" />
		<component operation="gpv" name="InternetGatewayDevice.X_CISCO_COM_3GClient.IMEI" saveTo="DSValue_IMEI" />	
		<component operation="gpv" name="InternetGatewayDevice.X_CISCO_COM_Heartbeat.Wireline.LastAckedHeartbeat" saveTo="DSValue_WirelineLastHeartBeat" />				
		<component operation="gpv" name="InternetGatewayDevice.X_CISCO_COM_Heartbeat.3G.LastAckedHeartbeat" saveTo="DSValue_MobilityLastHeartBeat" />		
		<component operation="gpv" name="InternetGatewayDevice.ManagementServer.X_CISCO_COM_SystemModeStatus" saveTo="DSValue_SystemModeStatus" />
		<component operation="gpv" name="InternetGatewayDevice.X_CISCO_COM_Heartbeat.Wireline.ConnectionStatus" saveTo="DSValue_WirelineHearBeatStatus" />
		<component operation="gpv" name="InternetGatewayDevice.X_CISCO_COM_Heartbeat.3G.ConnectionStatus" saveTo="DSValue_MobilityHeartBeatStatus" />
		<component operation="gpv" name="InternetGatewayDevice.DeviceInfo.HardwareVersion" saveTo="DSValue_HardwareVersion" />
		<component operation="gpv" name="InternetGatewayDevice.DeviceInfo.SoftwareVersion" saveTo="DSValue_SoftwareVersion" />
	</step>
	<step type="JAVA" name="Validate Device Properties" description="Performs - Verify Properties Value" severity="Blocker">
		<component name="timer" value="2" />
		<component name=""   action="validatelist" value="JMETEROBJ::Manufacturer" compareWith="$$DSValue_Manufauturer"  valdesc="Validate Device Manufacturer" valkey="Device Manufacturer" condition="equals" />
		<component name=""   action="validatelist" value="JMETEROBJ::OUI" compareWith="$$DSValue_OUI"  valdesc="Validate Device Manufacturer OUI" valkey="Device Manufacturer OUI" condition="equals"/>
		<component name=""   action="validatelist" value="JMETEROBJ::Model" compareWith="$$DSValue_ModelName"  valdesc="Validate Device Model" valkey="Device Model Name" condition="equals"/>
		<component name=""   action="validatelist" value="JMETEROBJ::SerialNumber" compareWith="$$DSValue_SerialNo"  valdesc="Validate Device Serial Number" valkey="Device Serial Number" condition="equals"/>
	<!-- 	<component name=""   action="validatelist" value="JMETEROBJ::WirelineLastHeartBeat" compareWith="$$DSValue_WirelineLastHeartBeat"  valdesc="Validate Device Wireline HeartBeat" valkey="Device Wireline HeartBeat" condition="equals"/>
		<component name=""   action="validatelist" value="JMETEROBJ::MobilityLastHeartBeat" compareWith="$$DSValue_MobilityLastHeartBeat"  valdesc="Validate Device Mobility HeartBeat" valkey="Device Mobility HeartBeat" condition="equals"/> -->
		<component name=""   action="validatelist" value="JMETEROBJ::DLAVersion" compareWith="$$DSValue_OSGVersion"  valdesc="Validate Device DLAVersion" valkey="Device DLAVersion" condition="equals"/>
		<component name=""   action="validatelist" value="JMETEROBJ::IMEI" compareWith="$$DSValue_IMEI"  valdesc="Validate Device IMEI" valkey="Device IMEI" condition="equals"/>
		<component name=""   action="validatelist" value="JMETEROBJ::MobilityHeartBeatStatus" compareWith="$$DSValue_MobilityHeartBeatStatus"  valdesc="Validate Device Mobility HeartBeat Status" valkey="Device Mobility HeartBeat Status" condition="equals"/>
		<component name=""   action="validatelist" value="JMETEROBJ::ActiveTrustStore" compareWith="$$DSValue_TSVersion"  valdesc="Validate ActiveTrustStore" valkey="Device ActiveTrustStore" condition="equals"/>
		<component name=""   action="validatelist" value="JMETEROBJ::SystemModeStatus" compareWith="$$DSValue_SystemModeStatus"  valdesc="Validate Device System Mode Status" valkey="Device System Mode Status" condition="equals"/>
		<component name=""   action="validatelist" value="JMETEROBJ::WirelineHeartBeatStatus" compareWith="$$DSValue_WirelineHearBeatStatus"  valdesc="Validate Device WireLine Heartbeat Status" valkey="Device WireLine Heartbeat Status" condition="equals"/>
		<component name=""   action="validatelist" value="JMETEROBJ::HardwareVersion" compareWith="$$DSValue_HardwareVersion"  valdesc="Validate Device Hardware Version" valkey="Device Hardware Version" condition="equals"/>
		<component name=""   action="validatelist" value="JMETEROBJ::SoftwareVersion" compareWith="$$DSValue_SoftwareVersion"  valdesc="Validate Device Sofware Version" valkey="Device Software Version" condition="equals"/>
	</step>
	<step type="JAVA" name="Home View : Get Value from UI" description="Device : Home View" severity="Blocker">	
		<component name="timer" value="2" />
		<component name=""   action="extract" xpath="deviceview.devicepage.homeview.ethernet"  saveTo="ethernetDevices" type="string" />
	</step>
	<step type="DS" name="Home View : Get Value from DS" description="Performs - Fetch Value from DS " severity="Blocker">
		<component operation="gpv" name="InternetGatewayDevice.LANDevice.1.Hosts.HostNumberOfEntries" saveTo="DSValue_ethernetdevices" />
	</step>
	<step type="JAVA" name="Validate Device Home View" description="Performs - Verify Home View" severity="Blocker">
		<component name="timer" value="2" />
		<component name=""   action="validatevalues" value="$$ethernetDevices" compareWith="$$DSValue_ethernetdevices"  valdesc="Validate Ethernet Devices" valkey="Ethernet Devices" />
	</step>
	<step type="JAVA" name="Click Operations Tab" description="Click Operations Tab" severity="Blocker">
		<component name="link"   action="click"      xpath="tab.operations" />
	</step>
	<step type="JAVA" name="Click Tags SideMenu" description="Click Tags SideMenu" severity="Blocker">
		<component name="link"   action="click"      xpath="sidemenu.operations.tags" />
	</step>	
	<step type="JAVA" name="Create Tag" description="Create Tag" linkFile="src/test/jmeter/ph_6.4/regression/tags/CreateTag.xml" severity="Blocker">
		<parameter name="TagName" value="atagname_tc9028" />
		<parameter name="Category" value="Default" />
		<parameter name="Color" value="false" />
		<parameter name="Visibility" value="visible" />
		<parameter name="Notification" value="pass" />			
	</step>
	<step type="JAVA" name="Add tag to device" linkFile="src/test/jmeter/ph_6.4/regression/tags/AddSingleTagToDeviceOnDeviceView.xml" description="Add tag to device" severity="Blocker">
		<parameter name="TagName" value="atagname_tc9028" />		
	</step>
	<step type="JAVA" name="Check tag availability" description="Check tag availability in device view Page" severity="Blocker">
		<component name="timer" value="6" />	
		<component name=""  action="extract" type="listofstring"  xpath="deviceview.tags.portlet.list.all_tags" saveTo="taglist" />
		<component name=""  action="validatelist" value="JMETEROBJ::taglist" compareWith="$$TagName" condition="contains" valdesc="Verify tag available" valkey="Verify tag available" />		
	</step>
</steps>