<steps>
	<step type="START-DS" name="Start DS" description="Performs - Start DS" severity="Blocker">
		<parameter name="DEVICE_ID" value="Device-9093" />
		<parameter name="ACS_IP" value="props::ACS_IP" />
		<parameter name="DEVICE_DATA_MODEL_NAME" value="props::DEVICE_DATA_MODEL_NAME" />
	</step>
	<step type="JAVA" name="Login" description="Performs - Login " severity="Blocker">
		<component name="textbox"  action="entervalue" xpath="login.username" value="props::PH_LOGIN_USERNAME"/>
		<component name="textbox"  action="entervalue" xpath="login.password" value="props::PH_LOGIN_PASSWORD" />
		<component name="button" action="click" 	 xpath="login.submit"  />
	</step>
	<step type="JAVA" name="Click Tab" description="Performs - Click Tab  " severity="Blocker">
		<component name="link"   action="click"      xpath="tab.operations" />
	</step>
	<step type="JAVA" name="Click SideMenu" description="Performs - Click SideMenu " severity="Blocker">
		<component name="link"   action="click"      xpath="sidemenu.operations.groups" />
	</step>
	<step type="JAVA" name="Create Group" linkFile="src/test/jmeter/ph_6.4/regression/group/CreateGroup.xml" description="Performs - Create Group " severity="Blocker">
		<parameter name="groupName" value="group-9093" />
		<parameter name="groupDesc" value="group-9093 description" />
		<parameter name="Notification" value="pass" />
	</step>
	<step type="JAVA" name="Click SideMenu" description="Performs - Click SideMenu " severity="Blocker">
		<component name="link"   action="click"      xpath="sidemenu.operations.batchprocessing" />
	</step>
	<step type="JAVA" name="Create Batch" linkFile="src/test/jmeter/ph_6.4/regression/batch/CreateImmediateBatchExcludeGroup.xml" description="Performs - Create Batch " severity="Blocker">		
		<parameter name="group" value="All" />
		<parameter name="batchName" value="batch-9093" />
		<parameter name="batchDesc" value="New Batch Description" />
		<parameter name="parameterName_1" value="InternetGatewayDevice.LANDevice.1.WLANConfiguration.1.SSID" />
		<parameter name="parameterValue_1" value="ATT76A3New" />
		<parameter name="Notification" value="pass" />
	</step>
	<step type="JAVA" name="Click Device Management" description="Performs - Click Device Management " severity="Blocker">
		<component name="link"   action="click"      xpath="sidemenu.operations.devicemanagement" />
	</step>
	<step type="JAVA" name="Get Total Device Count" description="Performs - Get Total Device Count " severity="Blocker">
		<component name="textbox"  action="entervalue" xpath="operations.devicemanagement.query" value="'Last Connected' WITHIN 30d"/>
		<component name="button"  action="click" xpath="operations.devicemanagement.query.find" />
		<component name="timer" value="2" />
		<component name=""       action="save" xpath="operations.devicemanagement.devicecount" saveTo="TOTAL_DEVICE" />		
	</step>
	<step type="JAVA" name="Click Batch Processing" description="Performs - Click Batch Processing  " severity="Blocker">
		<component name="link" xpath="sidemenu.operations.batchprocessing" action="click" />
	</step>
	<step type="JAVA" name="Search Batch With Name"  linkFile="src/test/jmeter/ph_6.4/regression/batch/SearchBatchWithName.xml" description="Performs - Search Batch With Name " severity="Blocker">
	</step>
	<step type="JAVA" name="Verify Value in DS" description="Performs - Verify Value in DS " severity="Blocker">
		<component name=""       action="waitandvalidate" xpath="operations.batch.table.statustext" xpathInput="$$batchName" compareWith="running" maxwaittime="300" refreshinterval="10"/>
		<component name="button" action="click" xpath="operations.batch.table.batchname" xpathInput="$$batchName" />
		<component name="timer" value="6" />
		<component name=""       action="validate" xpath="operations.batch.details.totaldevices" 	 compareWith="$$TOTAL_DEVICE" valdesc="Verify Total Devices" valkey="Total Devices"/>		
		<component name="timer" value="2" />		
	</step>
	<step type="DS" name="Verify Value in DS" description="Performs - Verify Value in DS " severity="Blocker">
		<component operation="gpv" name="$$parameterName_1" saveTo="DSValue_SSID" compareWith="ATT76A3" valdesc="Verify SSID in DS" valkey="SSID"/>
	</step>
	<step type="JAVA" name="Verify Value in UI" description="Performs - Verify Value in UI " severity="Blocker">
		<component name="textbox"  action="entervalue" xpath="advancedsearch.textbox" value="$$DEVICE_ID"/>
		<component name="button"  action="click" xpath="advancedsearch.findbutton" />
		<component name="timer" value="10" />		
		<component name=""       action="validate" xpath="deviceview.devicepage.deviceview.apname" compareWith="ATT76A3" valdesc="Verify SSID in UI" valkey="SSID"/>
	</step>
	<step type="JAVA" name="Click Tab" description="Performs - Click Tab" severity="Blocker">
		<component name="link"   action="click"      xpath="tab.operations" />
	</step>
	<step type="JAVA" name="Click SideMenu" description="Performs - Click SideMenu" severity="Blocker">
		<component name="link"   action="click"      xpath="sidemenu.operations.batchprocessing" />
	</step>
	<step type="JAVA" name="Cancel Batch"  linkFile="src/test/jmeter/ph_6.4/regression/batch/CancelBatch.xml" description="Performs-Cancel Batch" severity="Blocker">
	</step>
</steps>

