<steps>
	<step type="START-DS" name="Start DS" description="Performs - START-DS " severity="Blocker">
		<parameter name="DEVICE_ID" value="device-9013" />
		<parameter name="ACS_IP" value="props::ACS_IP" />
		<parameter name="DEVICE_DATA_MODEL_NAME" value="props::DEVICE_DATA_MODEL_NAME" />
	</step>
	<step type="JAVA" name="Login" description="PrimeHome Login" severity="Blocker">
		<component name="textbox"  action="entervalue" xpath="login.username" value="props::PH_LOGIN_USERNAME"/>
		<component name="textbox"  action="entervalue" xpath="login.password" value="props::PH_LOGIN_PASSWORD" />
		<component name="button" action="click" 	 xpath="login.submit"  />
	</step>	
	<step type="JAVA" name="Click Dashboard Tab" description="Click Dashboard Tab" severity="Blocker">
		<component name="link"   action="click"      xpath="tab.dashboard" />
	</step>
	<step type="JAVA" name="Click Search Devices SideMenu" description="Click Search Devices SideMenu" severity="Blocker">
		<component name="link"   action="click"      xpath="sidemenu.dashboard.searchdevices" />
	</step>
	<step type="JAVA" name="Navigate to device" description="Navigate to device" severity="Blocker">
		<parameter name="SerialNumber" value="'Serial Number'='device-9013'" />	
		<component name="textbox"  action="entervalue" xpath="operations.devicemanagement.query" value="$$SerialNumber"/>
		<component name="button"  action="click" xpath="operations.devicemanagement.query.find" />
		<component name="timer" value="2" />
		<component name="button"  action="click" xpath="dashboard.searchdevices.quicksearch.device" xpathInput="$$DEVICE_ID"/>
		<component name="timer" value="15" />
	</step>
	<step type="JAVA" name="Upload Performance Log" description="Upload Performance Log" severity="Blocker">
		<component name="link"  action="click" xpath="operations.quick-actions.link" xpathInput="Upload Performance Log"/>
		<component name="timer" value="1" />
		<component name="button" action="click" xpath="popup.message.ok"  />	
		<component name=""   action="waituntilelementvisible" xpath="operations.quick-actions.wait" maxwaittime="300" refreshinterval="10" type="noelement"/>
		<component name="notification" action="validate" xpath="notification.message" condition="contains" compareWith="Quick actions ( Upload Performance Log )" valdesc="Validate Performance Log Bundle" valkey="Performance Log Quick Action" />
		<component name="timer" value="3" />
	</step>
	<step type="JAVA" name="System Log" description="System Log" severity="Blocker">
		<component name="link"  action="click" xpath="operations.quick-actions.link" xpathInput="Upload System Log Bundle"/>
		<component name="timer" value="1" />
		<component name="button" action="click" xpath="popup.message.ok"  />	
		<component name=""   action="waituntilelementvisible" xpath="operations.quick-actions.wait" maxwaittime="300" refreshinterval="10" type="noelement"/>	
		<component name="notification" action="validate" xpath="notification.message" condition="contains" compareWith="Quick actions ( Upload System Log Bundle )" valdesc="Validate System Log Bundle" valkey="System Log Quick Action" />
		<component name="timer" value="3" />
	</step>
	<step type="JAVA" name="Reboot " description="Reboot" severity="Blocker">
		<component name="link"  action="click" xpath="operations.quick-actions.link" xpathInput="Reboot"/>
		<component name="timer" value="1" />
		<component name="button" action="click" xpath="popup.message.ok"  />	
		<component name=""   action="waituntilelementvisible" xpath="operations.quick-actions.content.wait" maxwaittime="300" refreshinterval="10" type="noelement"/>	
		<component name="notification" action="validate" xpath="notification.message" condition="contains" compareWith="Quick actions ( Reboot ) : SUCCESS" valdesc="Reboot" valkey="Reboot" />
		<component name="timer" value="3" />
	</step>
	<step type="JAVA" name="Force Firmware Upgrade" description="Force Firmware Upgrade" severity="Blocker">
		<component name="link"  action="click" xpath="operations.quick-actions.link" xpathInput="Force Firmware Upgrade"/>
		<component name="timer" value="1" />
		<component name="select"   action="entervalue" xpath="operations.quick-actions.select.dlcfirmware" type="regular" value="Prompted" />
		<component name="button" action="click" xpath="popup.message.ok"  />	
		<component name="timer" value="4" />
		<component name="notification" action="validate" xpath="notification.message" condition="contains" compareWith="Quick actions ( Force Firmware Upgrade ) : Operation completed successfully" valdesc="Force Firmware Upgrade" valkey="Force Firmware Upgrade" />
		<component name="timer" value="2" />
	</step>
	<step type="JAVA" name="Factory Reset" description="Factory Reset" severity="Blocker">
		<component name="link"  action="click" xpath="operations.quick-actions.link" xpathInput="Factory Reset"/>
		<component name="timer" value="1" />
		<component name="button" action="click" xpath="popup.message.ok"  />	
		<component name=""   action="waituntilelementvisible" xpath="operations.quick-actions.content.wait" maxwaittime="300" refreshinterval="10" type="noelement"/>					
		<component name="notification" action="validate" xpath="notification.message" condition="contains" compareWith="Quick actions ( Factory Reset ) : SUCCESS" valdesc="Factory Reset" valkey="Factory Reset" />
		<component name="timer" value="2" />
	</step>
	<step type="JAVA" name="Set Wifi Channel" description="Set Wifi Channel" severity="Blocker">
		<component name="link"  action="click" xpath="operations.quick-actions.link" xpathInput="Set Wifi Channel"/>
		<component name="timer" value="1" />
		<component name="select"   action="entervalue" xpath="operations.quick-actions.select.channel" type="regular" value="Channel 2" />
		<component name="button" action="click" xpath="popup.message.ok"  />	
		<component name="timer" value="4" />
		<component name="notification" action="validate" xpath="notification.message" condition="contains" compareWith="Quick actions ( Set Wifi Channel ) : SUCCESS" valdesc="Set Wifi Channel" valkey="Set Wifi Channel" />
		<component name="timer" value="2" />
	</step>
	<step type="JAVA" name="Generate / Remove Birth Certificate" description="Generate / Remove Birth Certificate" severity="Blocker">
		<component name="link"  action="click" xpath="operations.quick-actions.link" xpathInput="Generate / Remove Birth Certificate"/>
		<component name="timer" value="1" />
		<component name="select"   action="entervalue" xpath="operations.quick-actions.select.popup.listbox" type="regular" value="Generate" />
		<component name="button" action="click" xpath="popup.message.ok"  />	
		<component name="timer" value="4" />
		<component name="notification" action="validate" xpath="notification.message" condition="contains" compareWith="Quick actions ( Generate / Remove Birth Certificate ) : SUCCESS" valdesc="Generate / Remove Birth Certificate" valkey="Generate / Remove Birth Certificate" />
		<component name="timer" value="2" />
	</step>
	<step type="JAVA" name="Enable / Disable SSH" description="Enable / Disable SSH" severity="Blocker">
		<component name="link"  action="click" xpath="operations.quick-actions.link" xpathInput="Enable / Disable SSH"/>
		<component name="timer" value="1" />
		<component name="select"   action="entervalue" xpath="operations.quick-actions.select.popup.listbox" type="regular" value="Enable" />
		<component name="button" action="click" xpath="popup.message.ok"  />	
		<component name="timer" value="4" />
		<component name="notification" action="validate" xpath="notification.message" condition="contains" compareWith="Quick actions ( Enable / Disable SSH ) : SUCCESS" valdesc="Enable / Disable SSH" valkey="Enable / Disable SSH" />
		<component name="timer" value="2" />
	</step>
	<step type="JAVA" name="Enable / Disable Web UI" description="Enable / Disable Web UI" severity="Blocker">
		<component name="link"  action="click" xpath="operations.quick-actions.link" xpathInput="Enable / Disable Web UI"/>
		<component name="timer" value="1" />
		<component name="select"   action="entervalue" xpath="operations.quick-actions.select.popup.listbox" type="regular" value="Enable" />
		<component name="button" action="click" xpath="popup.message.ok"  />	
		<component name="timer" value="4" />
		<component name="notification" action="validate" xpath="notification.message" condition="contains" compareWith="Quick actions ( Enable / Disable Web UI ) : SUCCESS" valdesc="Enable / Disable Web UI" valkey="Enable / Disable Web UI" />
		<component name="timer" value="2" />		
	</step>
	<step type="JAVA" name="Apply Configuration" description="Apply Configuration" severity="Blocker">
		<component name="link"  action="click" xpath="operations.quick-actions.link" xpathInput="Apply Configuration"/>
		<component name="timer" value="1" />
		<component name="button" action="click" xpath="popup.message.ok"  />	
		<component name="timer" value="4" />
		<component name="notification" action="validate" xpath="notification.message" condition="contains" compareWith="Quick actions ( Apply Configuration ) : SUCCESS" valdesc="Apply Configuration" valkey="Apply Configuration" />
		<component name="timer" value="2" />		
	</step>
	
</steps>