<steps>

	<step type="START-DS" name="Start DS" description="Performs Start DS " severity="Blocker">
		<parameter name="DEVICE_ID" value="test-device-9048" />
		<parameter name="ACS_IP" value="props::ACS_IP" />
		<parameter name="DEVICE_DATA_MODEL_NAME" value="props::DEVICE_DATA_MODEL_NAME" />
	</step>
	
	<!-- Login -->
	
	<step type="JAVA" name="Login" description="PrimeHome Login" severity="Blocker">
		<component name="textbox"  action="entervalue" xpath="login.username" value="props::PH_LOGIN_USERNAME"/>
		<component name="textbox"  action="entervalue" xpath="login.password" value="props::PH_LOGIN_PASSWORD" />
		<component name="button" action="click" 	 xpath="login.submit"  />
	</step>
	
	<!--Click Groups SideMenu-->
	
	<step type="JAVA" name="Click Operations Tab" description="Click Operations Tab" severity="Blocker">
		<component name="link"   action="click"      xpath="tab.operations" />
		<component name="link"   action="click"      xpath="sidemenu.operations.groups" />
	</step>	
	
	<!-- Create Group -->
	
	<step type="JAVA" name="Create Group" linkFile="src/test/jmeter/ph_6.4/regression/group/CreateGroup.xml" description="Create Group" severity="Blocker">	
		<parameter name="groupName" value="tc9048Group-1"/>
		<parameter name="groupDesc" value="Group description" />		
	</step>	
	
	<!--  Delete Group -->
	
	<step type="JAVA" name="Delete Group" description="Performs -  Delete Group " linkFile="src/test/jmeter/ph_6.4/regression/group/DeleteGroup.xml" severity="Blocker">
		<component name="link"   action="click"  xpath="sidemenu.operations.groups" />
		<parameter name="groupName" value="tc9048Group-1"/>
		<component name="notification" action="validate" xpath="notification.message" compareWith="Deleted successfully"/>
	</step>
	
	<!-- Click Groups SideMenu-->
	
	<step type="JAVA" name="Click Groups SideMenu" description="Click Groups SideMenu" severity="Blocker">
		<component name="link"   action="click"      xpath="sidemenu.operations.groups" />
	</step>
	
	<!-- Create Group -->
	
	<step type="JAVA" name="Create Group" linkFile="src/test/jmeter/ph_6.4/regression/group/CreateGroup.xml" description="Create Group" severity="Blocker">	
		<parameter name="groupName" value="tc9048Group-2"/>
		<parameter name="groupDesc" value="Group-2 description" />	
		<parameter name="Notification" value="pass" />		
	</step>	
	
	
	<!-- Navigate to Batch Processing Tab -->
	
	<step type="JAVA" name="Click SideMenu" description="Performs - Click SideMenu " severity="Blocker">
		<component name="link"   action="click"  xpath="sidemenu.operations.batchprocessing" />
	</step>
	
	<!-- Create Event Based Batch -->
	
	<step type="JAVA" name="Create Event Based Batch" description="Performs -Create Event Based Batch" linkFile="src/test/jmeter/ph_6.4/regression/batch/CreateEventBatch_GPV.xml"  severity="Blocker">
		<parameter name="batchName" value="tc9048-batch" />
		<parameter name="batchDesc" value="tc9048-batch description" />
		<parameter name="groupName" value="tc9048Group-2" />	
		<parameter name="parameterName_1" value="InternetGatewayDevice.ManagementServer.URL" />
	</step>
	
	<!-- Click Groups SideMenu-->
	
	<step type="JAVA" name="Click Groups SideMenu" description="Click Groups SideMenu" severity="Blocker">
		<component name="link"   action="click"      xpath="sidemenu.operations.groups" />
	</step>
	
	<!-- Validate popup content -->
	
	<step type="JAVA" name="Validate popup content" description="Performs -Validate popup content" severity="Blocker">
		<component name="textbox" action="entervalue"      xpath="operaions.group.search.group.inputbox" value ="$$groupName" />
		<component name="timer" value="4" />
		<component name="button"  action="click" xpath="operaions.group.select.group.delete.icon" xpathInput="$$groupName" />
		<component name="timer" value="2" />
		<component name="notification" action="validate" xpath="operations.devicemanagement.query.popup" condition="contains" compareWith="in either Draft, Running, Pending or Paused state" valdesc="Validate Popup contents" valkey="Validate Popup contents" />
		<component name="timer" value="2" />
		<component name="button"  action="click" xpath="popupmessage.close"/>
	</step>
	
	<!-- Navigate to Batch Processing Tab -->
	
	<step type="JAVA" name="Click SideMenu" description="Performs - Click SideMenu " severity="Blocker">
		<component name="link"   action="click"  xpath="sidemenu.operations.batchprocessing" />
	</step>
	
	<!--Search Batch -->
	
	<step type="JAVA" name="Search Batch" description="Performs -Search Batch" linkFile="src/test/jmeter/ph_6.4/regression/batch/SearchBatchWithName.xml" severity="Blocker">
		<parameter name="batchName" value="tc9048-batch" />
	</step>
	
	<!-- Cancel the Batch -->
	
	<step type="JAVA" name="Cancel the Batch" description="Performs - Cancel the Batch" linkFile="src/test/jmeter/ph_6.4/regression/batch/CancelBatch.xml" severity="Blocker">
		<parameter name="batchName" value="tc9048-batch" />
	</step>
	
	<!-- Click Groups SideMenu-->
	
	<step type="JAVA" name="Click Groups SideMenu" description="Click Groups SideMenu" severity="Blocker">
		<component name="link"   action="click"      xpath="sidemenu.operations.groups" />
	</step>
	
	<!-- Validate popup content-->
	
	<step type="JAVA" name="Validate popup content" description="Performs - Validate popup content " severity="Blocker">
		<component name="textbox" action="entervalue"      xpath="operaions.group.search.group.inputbox" value ="$$groupName" />
		<component name="timer" value="4" />
		<component name="button"  action="click" xpath="operaions.group.select.group.delete.icon" xpathInput="$$groupName" />
		<component name="timer" value="2" />
		<component name="notification" action="validate" xpath="operations.devicemanagement.query.popup" condition="contains" compareWith="in either Cancelled, Completed or Failed state" valdesc="Validate Popup contents" valkey="Validate Popup contents" />
		<component name="timer" value="2" />
		<component name="button"  action="click" xpath="operaions.group.select.group.delete.confirm"/>
		<component name="timer" value="2" />
	</step>
	
	<!-- Navigate to Batch Processing Tab -->
	
	<step type="JAVA" name="Click SideMenu" description="Performs - Click SideMenu " severity="Blocker">
		<component name="link"   action="click"  xpath="sidemenu.operations.batchprocessing" />
	</step>
	
	<!--Search Batch -->
	
	<step type="JAVA" name="Search Batch" description="Performs -Search Batch" linkFile="src/test/jmeter/ph_6.4/regression/batch/SearchBatchWithName.xml" severity="Blocker">
		<parameter name="batchName" value="tc9048-batch" />
	</step>
	
	<!-- Delete Batch -->
	
	<step type="JAVA" name="Delete Batch" description="Performs - Cancel the Batch" linkFile="src/test/jmeter/ph_6.4/regression/batch/DeleteBatch.xml" severity="Blocker">
		<parameter name="batchName" value="tc9048-batch" />
	</step>
	
	<!-- Click Groups SideMenu-->
	
	<step type="JAVA" name="Click Groups SideMenu" description="Click Groups SideMenu" severity="Blocker">
		<component name="link"   action="click"      xpath="sidemenu.operations.groups" />
	</step>
	
	<!-- Create Group -->
	
	<step type="JAVA" name="Create Group" linkFile="src/test/jmeter/ph_6.4/regression/group/CreateGroup.xml" description="Create Group" severity="Blocker">	
		<parameter name="groupName" value="tc9048Group-3"/>
		<parameter name="groupDesc" value="Group-3 description" />	
		<parameter name="Notification" value="pass" />		
	</step>	

	<!-- Click on configset in Sidemenu -->
	
	<step type="JAVA" name="Click SideMenu"  description="Performs - Click SideMenu" severity="Blocker">
		<component name="link"   action="click"   xpath= "sidemenu.operations.configurationset" />
		<component name="timer" value="3" />
	</step>
	
	
	<!-- Create ConfigSet -->
	
	<step type="JAVA" name="Create Configuration Set" linkFile="src/test/jmeter/ph_6.4/regression/configurationsets/ConfigurationSet.xml" description="Performs - Create Configuration Set " severity="Blocker">
		<parameter name="configName" value="TC9048_Config" />
		<parameter name="configDesc" value="TC9048_Config description" />
		<parameter name="Notification" value="pass" />	
	</step>
	
	<!-- Associate the group -->
	
	<step type="JAVA" name="Create Associate Group" linkFile="src/test/jmeter/ph_6.4/regression/configurationsets/ConfigurationSet_AssocGroup.xml" description="Performs - Create Associate Group " severity="Major">
		<parameter name="configName" value="TC9048_Config"/>
		<parameter name="groupName" value="tc9048Group-3"/>
		<component name="timer" value="3" />
	</step>
	
	<!-- Click Groups SideMenu-->
	
	<step type="JAVA" name="Click Groups SideMenu" description="Click Groups SideMenu" severity="Blocker">
		<component name="link"   action="click"      xpath="sidemenu.operations.groups" />
	</step>
	
	<!-- Validate popup content-->
	
	<step type="JAVA" name="Validate popup content" description="Performs - Validate popup content " severity="Blocker">               
		<component name="textbox" action="entervalue" xpath="operaions.group.search.group.inputbox" value ="tc9048Group-3" />
		<component name="timer" value="4" />
		<component name="button"  action="click" xpath="operaions.group.select.group.delete.icon" xpathInput="tc9048Group-3" />
		<component name="timer" value="2" />
		<component name="notification" action="validate" xpath="operations.devicemanagement.query.popup" condition="contains" compareWith="associated to configuration sets" valdesc="Validate Popup contents" valkey="Validate Popup contents"/>
		<component name="timer" value="2" />
		<component name="button"  action="click" xpath="popupmessage.close"/>
	</step>
	
	<!-- Click on configset in Sidemenu -->
	
	<step type="JAVA" name="Click SideMenu"  description="Performs - Click SideMenu" severity="Blocker">
		<component name="link"   action="click"   xpath= "sidemenu.operations.configurationset" />
		<component name="timer" value="3" />
	</step>
	
	<!--Delete Config Set -->
	
	<step type="JAVA" name="Delete Config Set" description="Performs - Delete Config Set" linkFile="src/test/jmeter/ph_6.4/regression/configurationsets/DeleteCSET.xml" severity="Blocker">
		<parameter name="configName" value="TC9048_Config"/>
		<parameter name="Notification" value="pass" />	
	</step>
	
	<!-- Click Groups SideMenu-->
	
	<step type="JAVA" name="Click Groups SideMenu" description="Click Groups SideMenu" severity="Blocker">
		<component name="link"   action="click"  xpath="sidemenu.operations.groups" />
	</step>
	
	<!--  Delete Group -->
	
	<step type="JAVA" name="Delete Group" description="Performs -  Delete Group" linkFile="src/test/jmeter/ph_6.4/regression/group/DeleteGroup.xml" severity="Blocker">
		<component name="link"   action="click"  xpath="tab.operations" />
		<parameter name="groupName" value="tc9048Group-3"/>
		<parameter name="Notification" value="pass" />	
	</step> 
	
</steps>