<steps>
	<step type="START-DS" name="Start DS" description="Performs - Start DS " severity="Blocker">
		<parameter name="DEVICE_ID" value="test-device-9101" />
		<parameter name="ACS_IP" value="props::ACS_IP" />
		<parameter name="DEVICE_DATA_MODEL_NAME" value="props::DEVICE_DATA_MODEL_NAME" />
		
		<parameter name="groupName" value="group-9101" />
		<parameter name="groupDesc" value="group-9101 Description" />
		
		<parameter name="batchName" value="batch-9101" />
		<parameter name="batchDesc" value="batch-9101 Description" />
		
		<parameter name="incrementTime" value="2" />
		
		<parameter name="parameterName_1" value="InternetGatewayDevice.LANDevice.1.WLANConfiguration.1.SSID" />
		<parameter name="parameterValue_1" value="ATT76A3New" />
		<parameter name="parameterName_2" value="InternetGatewayDevice.LANDevice.1.WLANConfiguration.1.RadioEnabled" />
		<parameter name="parameterValue_2" value="0" />
		
		
		
	</step>
	<step type="JAVA" name="Login" description="Performs - Login " severity="Blocker">
		<component name="textbox"  action="entervalue" xpath="login.username" value="props::PH_LOGIN_USERNAME"/>
		<component name="textbox"  action="entervalue" xpath="login.password" value="props::PH_LOGIN_PASSWORD"/>
		<component name="button" action="click" xpath="login.submit"  />
	</step>
	<step type="JAVA" name="Click Tab" description="Performs - Click Tab " severity="Blocker">
		<component name="link"   action="click"  xpath="tab.operations" />
	</step> 
	<step type="JAVA" name="Click SideMenu" description="Performs - Click SideMenu " severity="Blocker">
		<component name="link"   action="click"      xpath="sidemenu.operations.groups" />
	</step>
	<step type="JAVA" name="Create Group" linkFile="src/test/jmeter/ph_6.4/regression/group/CreateGroup.xml" description="Performs - Create Group  " severity="Blocker">
		<parameter name="Notification" value="pass" />
	</step>
	<step type="JAVA" name="Click SideMenu" description="Performs - Click SideMenu " severity="Blocker">
		<component name="link"   action="click"      xpath="sidemenu.operations.batchprocessing" />
	</step>
	<step type="JAVA" name="Create Batch" linkFile="src/test/jmeter/ph_6.4/regression/batch/CreateTimeBasedBatch.xml" description="Performs - Create Batch " severity="Blocker">
		<parameter name="Notification" value="pass" />
	</step>
	<step type="JAVA" name="Click SideMenu" description="Performs - Click SideMenu " severity="Blocker">
		<component name="link" xpath="sidemenu.operations.batchprocessing" action="click" />
		<component name="timer" value="1" />
	</step>
	<step type="JAVA" name="Search Batch With Name"  linkFile="src/test/jmeter/ph_6.4/regression/batch/SearchBatchWithName.xml" description="Performs - Search Batch With Name " severity="Blocker">
	</step>
	<step type="JAVA" name="Pause Batch" linkFile="src/test/jmeter/ph_6.4/regression/batch/PauseBatch.xml" description="Performs - Pause Batch " severity="Blocker">
	</step>
	<step type="JAVA" name="Verify Batch Paused State" description="Performs -Verify Batch Paused State" severity="Blocker">
		<component name=""       action="waitandvalidate" xpath="operations.batch.table.statustext" xpathInput="$$batchName" compareWith="Paused" maxwaittime="300" refreshinterval="10"/>
	</step>
	<step type="JAVA" name="Wait for Time" description="Performs - Wait for Time" severity="Blocker">
		<component name="timer" value="180" />
	</step>
	<step type="JAVA" name="Check Batch Status After time" description="Performs - Check Batch Status After time " severity="Blocker">
		<component name=""       action="validate" xpath="operations.batch.table.statustext" xpathInput="$$batchName" compareWith="Paused" />
	</step>
	<step type="JAVA" name="Cancel Batch" linkFile="src/test/jmeter/ph_6.4/regression/batch/CancelBatch.xml" description="Performs - Cancel Batch " severity="Blocker">
	</step>
	<step type="JAVA" name="Delete Batch"  linkFile="src/test/jmeter/ph_6.4/regression/batch/DeleteBatch.xml" description="Performs - Delete Batch  " severity="Blocker">
	<parameter name="Notification" value="pass" />
	</step>
	<step description="Performs -  Click SideMenu" severity="Blocker" type="JAVA" name="Click SideMenu">
		<component name="link"   action="click"      xpath="sidemenu.operations.groups" />
	</step>
	<step type="JAVA" name="Delete Group"  linkFile="src/test/jmeter/ph_6.4/regression/group/DeleteGroup.xml" description="Performs - Delete Group " severity="Blocker">
	</step>

</steps>

