<steps name="TC9259_Management_Settings_Provisioning_predefined_batch" description="Validate the Management Settings Provisioning Batch"  severity="Blocker">

	<step type="START-DS" name="Start DS" description="Performs-Start DS" severity="Blocker">
		<parameter name="DEVICE_ID" value="device-9259" />
		<parameter name="ACS_IP" value="props::ACS_IP" />
		<parameter name="DEVICE_DATA_MODEL_NAME" value="props::DEVICE_DATA_MODEL_NAME" />
		<parameter name="batchName" value="Management Settings Provisioning" />
	</step>
	
	<!-- Login  -->
	
	<step type="JAVA" name="Login" description="Performs - Login" severity="Blocker">
		<component name="textbox"  action="entervalue" xpath="login.username" value="props::PH_LOGIN_USERNAME"/>
		<component name="textbox"  action="entervalue" xpath="login.password" value="props::PH_LOGIN_PASSWORD" />
		<component name="button" action="click" xpath="login.submit"  />
	</step> 
	
	<!-- Click on Groups Tab in Device Management -->
	
	<step type="JAVA" name="Click SideMenu" description="Performs - Click SideMenu" severity="Blocker">
		<component name="link"   action="click"  xpath="tab.operations" />
		<component name="link"   action="click"      xpath="sidemenu.operations.devicemanagement" />
	</step>
	
	<!-- Go to Query Box --> 
	
	<step type="JAVA" name="Enter in Query Box" description="Performs - Enter in Query Box" severity="Blocker">
		<component name="textbox"  action="entervalue" xpath="operations.devicemanagement.query" value= "JMETERREP::'Serial Number' LIKE $$DEVICE_ID$$" />
		<component name="button"  action="click" xpath="operations.devicemanagement.query.find" />
		<component name="timer" value="2" />
	</step>
	
	<!-- Click on searched device -->
	
	<step type="JAVA" name="Click on searched device" description="Performs - Click on searched device" severity="Blocker">
		<component name="link"   action="click"  xpath="operations.devicemanagement.availability.device" xpathInput="$$DEVICE_ID$$"  />
		<component name="timer" value="15" />
	</step>
	
	<!-- Check Device Status -->
	
	<step type="JAVA" name="Device View Portlet : Device Online" description="Device View Portlet" severity="Blocker">
		<component name=""  action="save" xpath="deviceview.device.status" saveTo="deviceOnline" attrName="class" compareWith="dvCircle circle-green" valdesc="Device View Portlet : Device Online" valkey="Device Status"/>		
		<component name="timer" value="3" />
	</step>
	
	<!-- Navigate to Batch Processing Tab -->
	
	<step type="JAVA" name="Click SideMenu" description="Performs - Click SideMenu " severity="Blocker">
		<component name="link"   action="click"  xpath="tab.operations" />
		<component name="link"   action="click"  xpath="sidemenu.operations.batchprocessing" />
	</step>
	
	<!-- Search pre-defined Batch -->
	
	<step type="JAVA" name="Search pre-defined Batch" description="Performs - Search pre-defined Batch" severity="Blocker">
		<component name="link" action="click" xpath="operations.batch.filter.dropdown.select" />
		<component name="link" action="click" xpath="operations.batch.filter.dropdown.select.name" />
		<component name="textbox"  action="entervalue" xpath="operations.batch.filter.input.enter" value="$$batchName"/>
		<component name="timer" value="2" />
		<component name="button"  action="click" xpath="operations.batch.filter.find"/>
		<component name="timer" value="2" />
	</step>
	
	<!-- Click on Groups Tab in Device Management -->
	
	<step type="JAVA" name="Click SideMenu" description="Performs - Click SideMenu" severity="Blocker">
		<component name="link"   action="click"  xpath="tab.operations" />
		<component name="link"   action="click"      xpath="sidemenu.operations.devicemanagement" />
	</step>
	
	<!--Click on pre-defined Batch-->
	<!-- 
	<step type="JAVA" name="Click on pre-defined Batch" description="Performs - Click on pre-defined Batch" severity="Blocker">
		<component name="link"   action="click"  xpath="operations.batch.table.batchname" xpathInput="Management Settings Provisioning (predefined batch)" />
		<component name="timer" value="2" />
		<component name="link" action="click" xpath="device.piechart"/>
		<component name="timer" value="20" />
	</step>
	 -->
	<!-- Go to Query Box --> 
	
	<step type="JAVA" name="Enter in Query Box" description="Performs - Enter in Query Box" severity="Blocker">
		<component name="textbox"  action="entervalue" xpath="operations.devicemanagement.query" value= "'Batch Name'='Management Settings Provisioning' AND 'Batch Status'=Succeeded AND 'Serial Number' = device-9259" />
		<component name="link"  action="click" xpath="operations.devicemanagement.query.find" />
		<component name="timer" value="2" />
	</step>
	
	<!-- Device availability -->
	
	<step type="JAVA" name="Validate Device Availability" description="Performs -  Validate Device Availability" severity="Blocker">
		<component name=""  action="element-availability"  xpath="operations.devicemanagement.availability.device" xpathInput="$$DEVICE_ID$$" saveTo="deviceAvailability" compareWith="Element present" valdesc="Check Element availability" valkey="Presence"/>
		<component name="timer" value="2" />
	</step>
	
	<!-- Go to Query Box --> 
	
	<step type="JAVA" name="Enter in Query Box" description="Performs - Enter in Query Box" severity="Blocker">
		<component name="textbox"  action="entervalue" xpath="operations.devicemanagement.query" value= "'Batch Name'='Management Settings Provisioning' AND 'Batch Status'=Failed AND 'Serial Number' = device-9259" />
		<component name="link"  action="click" xpath="operations.devicemanagement.query.find" />
		<component name="timer" value="2" />
	</step>
	
	<!-- Device Unavailability -->
	
	<step type="JAVA" name="Validate Device UnAvailability" description="Performs -  Validate Device UnAvailability" severity="Blocker">
		<component name=""  action="element-availability"  xpath="operations.devicemanagement.availability.device" xpathInput="$$DEVICE_ID$$" saveTo="deviceAvailability" compareWith="Element not present" valdesc="Check Element availability" valkey="Presence"/>
		<component name="timer" value="2" />
	</step>
	
	
	
</steps>