<steps name="TC9252_Remove_Suspend_Fw_Upgrade_Tag" description="Validate the Suspend Firm ware Upgrade Tag"  severity="Blocker">

	<step type="START-DS" name="Start DS" description="Performs-Start DS" severity="Blocker">
		<parameter name="DEVICE_ID" value="device-9252" />
		<parameter name="ACS_IP" value="props::ACS_IP" />
		<parameter name="DEVICE_DATA_MODEL_NAME" value="props::DEVICE_DATA_MODEL_NAME" />
		<parameter name="parameterName_1" value="InternetGatewayDevice.ManagementServer.X_CISCO_COM_Generate_Birth_Certificate_Status" />
		<parameter name="parameterValue_1" value="In Progress" />
		<parameter name="parameterValue_2" value="Empty" />
	</step>
	
	<!-- Login  -->
	
	<step type="JAVA" name="Login" description="Performs - Login" severity="Blocker">
		<component name="textbox"  action="entervalue" xpath="login.username" value="props::PH_LOGIN_USERNAME"/>
		<component name="textbox"  action="entervalue" xpath="login.password" value="props::PH_LOGIN_PASSWORD" />
		<component name="button" action="click" xpath="login.submit"  />
	</step> 
	
	<step type="DS" name="Set parameter as Not writeable" description="Sets the parameter as not writeable in the Data model." severity="Blocker" >
		<parameter name="parameterName_1" value="InternetGatewayDevice.ManagementServer.X_CISCO_COM_Generate_Birth_Certificate_Status" />
		<component operation="changeWritable" name="$$parameterName_1" value="true" /> 
		<component name="timer" value="3" />
		<component operation="spv" name="$$parameterName_1"  value="In Progress" /> 
		<component name="timer" value="3" />
		<component operation="gpv" name="$$parameterName_1" saveTo="batchState"/>
		<component name="timer" value="15" /> 
	</step>
	
	<step type="DS" name="Send Boot Event" description="Performs - Send Boot Event" severity="Blocker">
		<component operation="sendEvent" name="Periodic"/>
		<component name="timer" value="20" />
	</step>
	
	<step type="DS" name="Get Birth certificate status" description="Get Birth certificate status" severity="Blocker" >
		<parameter name="parameterName_1" value="InternetGatewayDevice.ManagementServer.X_CISCO_COM_Generate_Birth_Certificate_Status" />
		<component operation="gpv" name="$$parameterName_1" saveTo="parameterValueFromUI" compareWith="$$parameterValue_1" valdesc="Get Birth Certificate Status" valkey="BCStatus"/>
	</step>
	
	<step type="JAVA" name="Verify Value in UI" description="Compares the value in UI with the provided value." severity="Blocker" >
		<component name="textbox"  action="entervalue" xpath="advancedsearch.textbox" value="$$DEVICE_ID"/>
		<component name="button"  action="click" xpath="advancedsearch.findbutton" />
		<component name="timer" value="5" />
		<component name="link" xpath="sidemenu.deviceview.parameters" action="click" />
		<component name="timer" value="3" />
		<component name="select"  action="entervalue" xpath="deviceview.devicepage.parameters.search.input" value="$$parameterName_1"  type="autocomplete"/>
		<component name="timer" value="2" />
		<component name=""   action="extract" xpath="deviceview.devicepage.parameters.search.parameter.value" type="string" xpathInput="2,2" saveTo="parameterValueFromUI1" />
		<component name=""   action="validatevalues" value="$$parameterValueFromUI1" compareWith="$$parameterValue_1"  valkey="Value" valdesc="Validates the parameter value in the Parameters tab."/>
	</step>
	
	<!--Device Discovery-->
	
	<step type="JAVA" name="Device Discovery" description="Performs - Device Discovery" severity="Blocker">
		<component name="link"   action="click"  xpath="tab.operations" />
		<component name="link"   action="click"  xpath="sidemenu.operations.devicemanagement" />
		<component name="textbox"  action="entervalue" xpath="operations.devicemanagement.query" value="JMETERREP::'Serial Number' LIKE $$DEVICE_ID$$" />
		<component name="button"  action="click" xpath="operations.devicemanagement.query.find" />
		<component name="timer" value="2" />
		<component name="link"   action="click"  xpath="operations.devicemanagement.availability.device" xpathInput="$$DEVICE_ID$$"  />
		<component name="timer" value="3" />
	</step>
	
	
	<!-- Check Status of Device -->
	 
	<step type="JAVA" name="Check Device Status" description="Performs -Check Status of Device" severity="Blocker">
		<component name=""  action="element-availability" xpath="operations.quick-actions.availability.tag" saveTo="tagAvailability" compareWith="Element present" valdesc="Check Element availability" valkey="Presence"/>
		<component name="timer" value="20" />
		<component name=""  action="save" xpath="deviceview.device.status" saveTo="deviceOnline" attrName="class" compareWith="dvCircle circle-green" valdesc="Device View Portlet : Device Online" valkey="Device Status"/>		
		<component name="timer" value="3" />
	</step>
	
	
	
	<step type="DS" name="Set parameter as Not writeable" description="Sets the parameter as not writeable in the Data model." severity="Blocker" >
		<parameter name="parameterName_1" value="InternetGatewayDevice.ManagementServer.X_CISCO_COM_Generate_Birth_Certificate_Status" />
		<component operation="changeWritable" name="$$parameterName_1" value="true" /> 
		<component name="timer" value="3" />
		<component operation="spv" name="$$parameterName_1"  value="Empty" /> 
		<component name="timer" value="3" />
		<component operation="gpv" name="$$parameterName_1" saveTo="batchState"/>
		<component name="timer" value="30" /> 
	</step>

	
	<step type="DS" name="Send Boot Event" description="Performs - Send Boot Event" severity="Blocker">
		<component operation="sendEvent" name="Boot"/>
		<component name="timer" value="20" />
	</step>
		
		
	<step type="JAVA" name="Verify Value in UI" description="Compares the value in UI with the provided value." severity="Blocker" >
		<component name="textbox"  action="entervalue" xpath="advancedsearch.textbox" value="$$DEVICE_ID"/>
		<component name="button"  action="click" xpath="advancedsearch.findbutton" />
		<component name="timer" value="5" />
		
		<component name="link" xpath="sidemenu.deviceview.parameters" action="click" />
		<component name="timer" value="3" />
		<component name="select"  action="entervalue" xpath="deviceview.devicepage.parameters.search.input" value="$$parameterName_1"  type="autocomplete"/>
		<component name="timer" value="2" />
		<component name=""   action="extract" xpath="deviceview.devicepage.parameters.search.parameter.value" type="string" xpathInput="2,2" saveTo="parameterValueFromUI2" />
		<component name=""   action="validatevalues" value="$$parameterValueFromUI2" compareWith="$$parameterValue_2"  valkey="Value" valdesc="Validates the parameter value in the Parameters tab."/>
	</step>
	
	<!-- Navigate to Device Management -->
	
	<step type="JAVA" name="Navigate to Device Management" description="Performs - Navigate to Device Management" severity="Blocker">
		<component name="link"   action="click"  xpath="tab.operations" />
		<component name="link"   action="click"      xpath="sidemenu.operations.devicemanagement" />
	</step>
	
	<!-- Check Unavailability of Tag -->
	
		<step type="JAVA" name="Check Unavailability of Tag " description="Performs -  Check Unavailability of Tag " severity="Blocker">
			<component name="textbox"  action="entervalue" xpath="operations.devicemanagement.query" value="JMETERREP::'Serial Number' LIKE $$DEVICE_ID$$" />
			<component name="button"  action="click" xpath="operations.devicemanagement.query.find" />
			<component name="timer" value="2" />
			<component name="link"   action="click"  xpath="operations.devicemanagement.availability.device" xpathInput="$$DEVICE_ID$$"  />
			<component name="timer" value="3" />
			<component name=""  action="element-availability" xpath="operations.quick-actions.availability.tag" saveTo="tagAvailability" compareWith="Element not present" valdesc="Check Element availability" valkey="Presence"/>
		</step>
	
</steps>
	                                                                                                                   
	
	
	
	
	