<steps>
	<step type="START-DS" name="Start DS" description="Performs - Start DS " severity="Blocker">
		<parameter name="DEVICE_ID" value="test-device-9209" />
		<parameter name="ACS_IP" value="props::ACS_IP" />
		<parameter name="DEVICE_DATA_MODEL_NAME" value="props::DEVICE_DATA_MODEL_NAME" />
		
		<parameter name="groupName" value="group-9209" />
		<parameter name="groupDesc" value="group-9209 Description" />
		
		<parameter name="batchName" value="batch-9209" />
		<parameter name="batchDesc" value="batch-9209 Description" />
		
		<parameter name="filterStartTime" value="2" />
		<parameter name="filterEndTime" value="8" />
		
		<parameter name="parameterName_1" value="InternetGatewayDevice.LANDevice.1.WLANConfiguration.1.SSID" />
		<parameter name="parameterValue_1" value="ATT76A3New" />
		<parameter name="parameterName_2" value="InternetGatewayDevice.LANDevice.1.WLANConfiguration.1.RadioEnabled" />
		<parameter name="parameterValue_2" value="0" />
	</step>
	<step type="JAVA" name="Login" description="Performs - Login" severity="Blocker">
		<component name="textbox"  action="entervalue" xpath="login.username" value="props::PH_LOGIN_USERNAME"/>
		<component name="textbox"  action="entervalue" xpath="login.password" value="props::PH_LOGIN_PASSWORD"/>
		<component name="button" action="click" 	 xpath="login.submit"  />
	</step>
	<step type="JAVA" name="Click Tab" description="Performs - Click Tab " severity="Blocker">
		<component name="link"   action="click"      xpath="tab.operations" />
	</step>
	<step type="JAVA" name="Click SideMenu" description="Performs - Click SideMenu " severity="Blocker">
		<component name="link"   action="click"      xpath="sidemenu.operations.groups" />
	</step>
	<step type="JAVA" name="Create Group" description="Performs - Create Group "  linkFile="src/test/jmeter/ph_6.4/regression/group/CreateGroup.xml" severity="Blocker">
	<parameter name="Notification" value="pass" />
	</step>
	<step type="JAVA" name="Click SideMenu" description="Performs - Click SideMenu " severity="Blocker">
		<component name="link"   action="click"      xpath="sidemenu.operations.batchprocessing" />
	</step>
	<step type="JAVA" name="Create Batch"  description="Performs - Create Batch " linkFile="src/test/jmeter/ph_6.4/regression/batch/CreateEventBatchRunOnceWithFilter.xml" severity="Blocker">
	<parameter name="Notification" value="pass" />
	</step>
	<step type="DS" name="Perform Boot Operation in DS" description="Performs - Boot Operation in DS " severity="Blocker">
		<component operation="sendEvent" name="Boot"/>
	</step>
	<step type="JAVA" name="Click SideMenu" description="Performs - Click SideMenu " severity="Blocker">
		<component name="link" xpath="sidemenu.operations.batchprocessing" action="click" />
	</step>
	<step type="JAVA" name="Search Batch With Name"  linkFile="src/test/jmeter/ph_6.4/regression/batch/SearchBatchWithName.xml" description="Performs - Search Batch With Name " severity="Blocker">
	</step>
	<step type="JAVA" name="Verify Batch"  description="Performs - Verify Batch " severity="Blocker">
		<!-- <component name="wait" value=""  /> -->
		
		<component name="button" action="click" xpath="operations.batch.table.batchname" xpathInput="$$batchName"  />
		<component name="timer" value="1" />
		
		<component name=""       action="validate" xpath="operations.batch.details.totaldevices" 	 compareWith="0" valdesc="Verify Total Devices" valkey="Total Devices"/>
		<component name=""       action="validate" xpath="operations.batch.details.completeddevices" compareWith="0" valdesc="Verify No of Runs" valkey="No of Run" />
		<component name=""       action="validate" xpath="operations.batch.details.successratio" compareWith="0" 	 valdesc="Verify success %" valkey="Success %"/>
		<component name=""       action="validate" xpath="operations.batch.details.failureratio" compareWith="0"   valdesc="Verify failure %" valkey="Failure %"/>
	</step>
	
	<step type="JAVA" name="Click SideMenu" description="Performs - Click SideMenu " severity="Blocker">
		<component name="link" xpath="sidemenu.operations.batchprocessing" action="click" />
	</step>
	<step type="JAVA" name="Search Batch With Name" description="Performs - Search Batch With Name "  linkFile="src/test/jmeter/ph_6.4/regression/batch/SearchBatchWithName.xml" severity="Blocker">
	</step>
	<step type="JAVA" name="Wait for 3 Min" description="Performs - Wait for 3 Min " severity="Blocker">
		<component name="timer" value="180" />
	</step>
	<step type="DS" name="Perform Boot Operation in DS" description="Performs - Boot Operation in DS " severity="Blocker">
		<component operation="sendEvent" name="Boot"/>
	
	</step>
	
	<step type="JAVA" name="Verify Batch" description="Performs - Verify Batch " severity="Blocker">
		<!-- <component name="wait" value=""  /> -->
		<component name="timer" value="10" />
		
		<component name="button" action="click" xpath="operations.batch.table.batchname" xpathInput="$$batchName"  />
		<component name="timer" value="1" />
		
		<component name=""       action="validate" xpath="operations.batch.details.totaldevices" 	 compareWith="1" valdesc="Verify Total Devices" valkey="Total Devices"/>
		<component name=""       action="validate" xpath="operations.batch.details.completeddevices" compareWith="1" valdesc="Verify No of Runs" valkey="No of Run" />
		<component name=""       action="validate" xpath="operations.batch.details.successratio" compareWith="100" 	 valdesc="Verify success %" valkey="Success %"/>
		<component name=""       action="validate" xpath="operations.batch.details.failureratio" compareWith="0"   valdesc="Verify failure %" valkey="Failure %"/>
		
	</step>
	<step type="DS" name="Verify Value in DS" description="Performs - Verify Value in DS " severity="Blocker">
	
		<component operation="gpv" name="$$parameterName_1" saveTo="DSValue_SSID" compareWith="$$parameterValue_1" valdesc="Check Parameter Value Change in DS" valkey="Value"/>
		<component operation="gpv" name="$$parameterName_2" saveTo="DSValue_RADIO_ENABLED" compareWith="$$parameterValue_2"  valdesc="Check Parameter Value Change in DS" valkey="Value"/>
	</step>
	
	<step type="JAVA" name="Verify Value in UI" description="Performs - Verify Value in UI " severity="Blocker">
	
		<component name="textbox"  action="entervalue" xpath="advancedsearch.textbox" value="$$DEVICE_ID"/>
		<component name="button"  action="click" xpath="advancedsearch.findbutton" />
		<component name="timer" value="5" />
		
		<component name=""       action="validate" xpath="deviceview.devicepage.deviceview.apname" compareWith="$$parameterValue_1" valdesc="Check Parameter Value Change in UI" valkey="Value" />
		<component name=""       action="validate" xpath="deviceview.devicepage.deviceview.wifiap" compareWith="Disabled" valdesc="Check Parameter Value Change in UI" valkey="Value" />
		
	</step>
	
	<step type="DS" name="Perform Boot Operation in DS" description="Performs - Boot Operation in DS  " severity="Blocker">
		<component operation="sendEvent" name="Boot"/>
	</step>
	<step type="JAVA" name="Click Tab" description="Performs - Click Tab  " severity="Blocker">
		<component name="link"   action="click"      xpath="tab.operations" />
		<component name="timer" value="2" />
	</step> 
	<step type="JAVA" name="Click SideMenu" description="Performs - Click SideMenu " severity="Blocker">
		<component name="link" xpath="sidemenu.operations.batchprocessing" action="click" />
	</step>
	<step type="JAVA" name="Search Batch With Name"  linkFile="src/test/jmeter/ph_6.4/regression/batch/SearchBatchWithName.xml" description="Performs - Search Batch With Name " severity="Blocker">
	</step>
	<step type="JAVA" name="Verify Batch" description="Performs - Verify Batch " severity="Blocker">
		<!-- <component name="wait" value=""  /> -->
		
		<component name="button" action="click" xpath="operations.batch.table.batchname" xpathInput="$$batchName"  />
		<component name="timer" value="1" />
		
		<component name=""       action="validate" xpath="operations.batch.details.totaldevices" 	 compareWith="1" valdesc="Verify Total Devices" valkey="Total Devices"/>
		<component name=""       action="validate" xpath="operations.batch.details.completeddevices" compareWith="1" valdesc="Verify No of Runs" valkey="No of Run" />
		<component name=""       action="validate" xpath="operations.batch.details.successratio" compareWith="100" 	 valdesc="Verify success %" valkey="Success %"/>
		<component name=""       action="validate" xpath="operations.batch.details.failureratio" compareWith="0"   valdesc="Verify failure %" valkey="Failure %"/>

	</step>
	
	<step type="JAVA" name="Click SideMenu" description="Performs - Click SideMenu  " severity="Blocker">
		<component name="link" xpath="sidemenu.operations.batchprocessing" action="click" />
	</step>
	<step type="JAVA" name="Search Batch With Name"  linkFile="src/test/jmeter/ph_6.4/regression/batch/SearchBatchWithName.xml" description="Performs -Search Batch With Name  " severity="Blocker">
	</step>
	<step type="JAVA" name="Cancel Batch"  linkFile="src/test/jmeter/ph_6.4/regression/batch/CancelBatch.xml" description="Performs -  Cancel Batch" severity="Blocker">
	</step>
	<step type="JAVA" name="Delete Batch"  linkFile="src/test/jmeter/ph_6.4/regression/batch/DeleteBatch.xml" description="Performs - Delete Batch " severity="Blocker">
	<parameter name="Notification" value="pass" />
	</step>
	<step type="JAVA" name="Click SideMenu" description="Performs -  Click SideMenu" severity="Blocker">
		<component name="link"   action="click"      xpath="sidemenu.operations.groups" />
	</step>
	<step type="JAVA" name="Delete Group"  linkFile="src/test/jmeter/ph_6.4/regression/group/DeleteGroup.xml" description="Performs - Delete Group  " severity="Blocker">
	<parameter name="Notification" value="pass" />
	</step>
	
</steps>

