<steps name="TC9250_Unprovision_Not_Connected_Devices" description="Validate the Unprovision Not Connected Devices Btach" severity="Blocker">

	<step type="START-MULTI-DS" name="Start Multiple DS" online="0" offline="11">
		<parameter name="ACS_IP" value="props::ACS_IP" />
		<parameter name="DEVICE_DATA_MODEL_NAME" value="props::DEVICE_DATA_MODEL_NAME" /> 
		<parameter name="DEVICE_PRE" value="props::DEVICE_PRE" />
		<parameter name="batchName" value="Unprovision not connected devices" />
	</step>
	
	<!-- Login  -->
	
	<step type="JAVA" name="Login" description="Performs - Login" severity="Blocker">
		<component name="textbox"  action="entervalue" xpath="login.username" value="props::PH_LOGIN_USERNAME"/>
		<component name="textbox"  action="entervalue" xpath="login.password" value="props::PH_LOGIN_PASSWORD" />
		<component name="button" action="click" xpath="login.submit"  />
	</step> 
	
	
	<!-- Click on Operations Tab in Device Management -->
	
	<step type="JAVA" name="Navigate to Device Management in SideMenu" description="Performs - Click SideMenu" severity="Blocker">
		<component name="link"   action="click"  xpath="tab.operations" />
		<component name="link"   action="click"  xpath="sidemenu.operations.devicemanagement" />
	</step>
	
	<!-- Go to Query Box --> 
	
	<step type="JAVA" name="Enter in Query Box" description="Performs - Enter in Query Box" severity="Blocker">
		<component name="textbox"  action="entervalue" xpath="operations.devicemanagement.query" value="'Last Connected' UP UNTIL 1d" />
		<component name="button"  action="click" xpath="operations.devicemanagement.query.find" />
		<component name="timer" value="2" />
	</step>
	
	<!-- Create Dynamic Group Icon -->
	
	<step type="JAVA" name="Create Dynamic Group" description="Performs - Create Dynamic Group" linkFile="src/test/jmeter/ph_6.4/regression/group/CreateDynamicGroup.xml"  severity="Blocker">
		<parameter name="dynamicGroupName" value="TC9250-group" />
		<parameter name="dynamicGroupDesc" value="TC9250 description" />
		<parameter name="Notification" value="pass" />	
		<component name="timer" value="2" />
	</step>
	
	<!-- Navigate to Batch Processing Tab -->
	
	<step type="JAVA" name="Navigate to BatchProcessing in SideMenu" description="Performs - Click SideMenu " severity="Blocker">
		<component name="link"   action="click"  xpath="tab.operations" />
		<component name="link"   action="click"  xpath="sidemenu.operations.batchprocessing" />
	</step>
	
	<!-- Create Batch with Action -->
	
	<step type="JAVA" name="Create Batch with Action" description="Performs - Batch with Action" linkFile="src/test/jmeter/ph_6.4/regression/batch/CreateTimeBasedBatchWithAction.xml"  severity="Blocker">
		<parameter name="batchName" value="TC9250-batch" />
		<parameter name="batchDesc" value="Batch that deletes not connected devices" />
		<parameter name="incrementTime" value="3" />
		<parameter name="filterStartTime" value="4" />
		<parameter name="filterEndTime" value="60" />
		<component name="timer" value="2" />
	</step>
	
	<!-- Click on Operations Tab in Device Management -->
	
	<step type="JAVA" name="Navigate to Device Management in SideMenu" description="Performs - Click SideMenu" severity="Blocker">
		<component name="link"   action="click"  xpath="tab.operations" />
		<component name="link"   action="click"  xpath="sidemenu.operations.devicemanagement" />
	</step>
	
	<!--  Validate the unavailability of the devcies --> 
	
	<step type="JAVA" name="Validate the Unavailability of the devcies" description="Performs - Validate the Unavailability of the devcies" severity="Blocker">
		<component name="textbox"  action="entervalue" xpath="operations.devicemanagement.query" value="'Last Connected' UP UNTIL 1d" />
		<component name="button"  action="click" xpath="operations.devicemanagement.query.find" />
		<component name="timer" value="2" />
		<component name=""  action="element-availability"  xpath="operations.devicemanagement.records.info" saveTo="infoAvailability" compareWith="Element present" valdesc="Check Element availability" valkey="Presence" />
		<component name="timer" value="2" />
	</step>
	
	<!-- Click Tab -->
	
	<step type="JAVA" name="Navigate to BatchProcessing in  Tab"  description="Performs - Click Tab" severity="Blocker">
		<component name="link"   action="click" xpath="tab.operations" />
		<component name="link" action="click" xpath="sidemenu.operations.batchprocessing" />
	</step>
	
	<!-- Delete Batch -->
	
	<step type="JAVA" name="Delete Batch"  linkFile="src/test/jmeter/ph_6.4/regression/batch/Cancel_DeleteBatch.xml" description="Performs -Delete Batch" severity="Blocker">
		<parameter name="batchNames" value="$$batchName"/>
	</step>
	
	<!--Delete Group-->
	
	<step type="JAVA" name="Delete Group" description="Performs -  Delete Group " severity="Blocker">
		<component name="link"   action="click"  xpath="tab.operations" />
		<component name="link"   action="click"  xpath="sidemenu.operations.groups" />
		<component name="textbox" action="entervalue" xpath="operaions.group.search.group.inputbox" value ="$$dynamicGroupName" />
		<component name="button" action="click" xpath="operaions.group.select.group.delete.icon" xpathInput="$$dynamicGroupName" />
		<component name="button" action="click" xpath="operaions.group.select.group.delete.confirm" />
		<parameter name="Notification" value="pass" />
			<if value1="$$Notification" value2="pass" condition="equals">
				<component name="notification" action="validate" xpath="notification.message" compareWith="Deleted successfully" valdesc="Group deletion" valkey="Group deletion"/>		
			</if>
	</step>
	

</steps>