<steps>
	<step type="START-DS" name="Start DS" description="Performs - Start DS " severity="Blocker">
		<parameter name="DEVICE_ID" value="device-9210" />
		<parameter name="ACS_IP" value="props::ACS_IP" />
		<parameter name="DEVICE_DATA_MODEL_NAME" value="props::DEVICE_DATA_MODEL_NAME" />
	</step>
	<step type="JAVA" name="Login" description="Performs - Login" severity="Blocker">
		<component name="textbox"  action="entervalue" xpath="login.username" value="props::PH_LOGIN_USERNAME"/>
		<component name="textbox"  action="entervalue" xpath="login.password" value="props::PH_LOGIN_PASSWORD" />
		<component name="button" action="click" 	 xpath="login.submit"  />
	</step>
	<step type="JAVA" name="Click Tab" description="Performs - Click Tab" severity="Blocker">
		<component name="link"   action="click"      xpath="tab.operations" />
	</step>
	<step type="JAVA" name="Click SideMenu" description="Performs - Click SideMenu" severity="Blocker">
		<component name="link"   action="click"      xpath="sidemenu.operations.groups" />
	</step>
	<step type="JAVA" name="Create Group" linkFile="src/test/jmeter/ph_6.4/regression/group/CreateGroup.xml" description="Performs - Create Group" severity="Blocker">
		<parameter name="groupName" value="group-9210" />
		<parameter name="groupDesc" value="group-9210 description" />
		<parameter name="Notification" value="pass" />
	</step>
	<step type="JAVA" name="Click SideMenu" description="Performs - Click SideMenu" severity="Blocker">
		<component name="link"   action="click"      xpath="sidemenu.operations.batchprocessing" />
	</step>
	<step type="JAVA" name="Create Batch" linkFile="src/test/jmeter/ph_6.4/regression/batch/CreateEventBatchExcludeGroupRunOnce.xml" description="Performs - Create Batch" severity="Blocker">	
		<parameter name="group" value="All" />	
		<parameter name="batchName" value="batch-9210" />
		<parameter name="batchDesc" value="batch-9210 Description" />
		<parameter name="parameterName_1" value="InternetGatewayDevice.LANDevice.1.WLANConfiguration.1.SSID" />
		<parameter name="parameterValue_1" value="ATT76A3New" />
		<parameter name="Notification" value="pass" />
	</step>
	<step type="DS" name="Send Boot Event" description="Performs - Send Boot Event" severity="Blocker">
		<component operation="sendEvent" name="Boot"/>	
	</step>
	<step type="JAVA" name="Click SideMenu" description="Performs - Click SideMenu" severity="Blocker">
		<component name="link" xpath="sidemenu.operations.batchprocessing" action="click" />
	</step>
	
	<step type="JAVA" name="Search Batch With Name"  linkFile="src/test/jmeter/ph_6.4/regression/batch/SearchBatchWithName.xml" description="Performs - Search Batch With Name" severity="Blocker">
	</step>
	<step type="JAVA" name="Verify Batch - Device Count" description="Performs - Verify Batch - Device Count" severity="Blocker">
		<component name=""       action="waitandvalidate" xpath="operations.batch.table.statustext" xpathInput="$$batchName" compareWith="running" maxwaittime="300" refreshinterval="10"/>
		<component name="button" action="click" xpath="operations.batch.table.batchname" xpathInput="$$batchName"  />
		<component name="timer" value="6" />
		<component name=""       action="validate" xpath="operations.batch.details.totaldevices" 	 compareWith="0" valdesc="Verify Total Devices" valkey="Total Devices"/>
		<component name=""       action="validate" xpath="operations.batch.details.completeddevices" compareWith="0" valdesc="Verify No of Runs" valkey="No of Run" />
		<component name=""       action="validate" xpath="operations.batch.details.successratio" compareWith="0" 	 valdesc="Verify success %" valkey="Success %"/>
		<component name=""       action="validate" xpath="operations.batch.details.failureratio" compareWith="0"   valdesc="Verify failure %" valkey="Failure %"/>		
		<component name="timer" value="2" />		
	</step>
	<step type="DS" name="Verify Value in DS" description="Performs - Verify Value in DS" severity="Blocker">
		<component operation="gpv" name="$$parameterName_1" saveTo="DSValue_SSID" compareWith="ATT76A3" valdesc="Verify SSID is DS" valkey="SSID"/>
	</step>
	<step type="JAVA" name="Verify Value in UI" description="Performs - Verify Value in UI" severity="Blocker">
		<component name="textbox"  action="entervalue" xpath="advancedsearch.textbox" value="$$DEVICE_ID"/>
		<component name="button"  action="click" xpath="advancedsearch.findbutton" />
		<component name="timer" value="10" />		
		<component name=""       action="validate" xpath="deviceview.devicepage.deviceview.apname" compareWith="ATT76A3" valdesc="Verify SSID is UI" valkey="SSID"/>
	</step>
	<step type="JAVA" name="Click Tab" description="Performs - Click Tab" severity="Blocker">
		<component name="link"   action="click"      xpath="tab.operations" />
	</step>
	<step type="JAVA" name="Click SideMenu" description="Performs - Click SideMenu" severity="Blocker">
		<component name="link"   action="click"      xpath="sidemenu.operations.batchprocessing" />
	</step>
	<step type="JAVA" name="Cancel Batch"  linkFile="src/test/jmeter/ph_6.4/regression/batch/CancelBatch.xml" description="Performs-Cancel Batch" severity="Blocker">
	</step>
</steps>

