<steps>
	<step type="START-DS" name="Start DS" description="Starts the Device Simulator with the device serial number and sends the Bootstrap event." severity="Blocker" >
		<parameter name="DEVICE_ID" value="device-9208" />
		<parameter name="ACS_IP" value="props::ACS_IP" />
		<parameter name="DEVICE_DATA_MODEL_NAME" value="props::DEVICE_DATA_MODEL_NAME" />
	</step>
	<step type="JAVA" name="Login" description="Login to PH using the provided credentials." severity="Blocker" >
		<component name="textbox"  action="entervalue" xpath="login.username" value="props::PH_LOGIN_USERNAME"/>
		<component name="textbox"  action="entervalue" xpath="login.password" value="props::PH_LOGIN_PASSWORD" />
		<component name="button" action="click" 	 xpath="login.submit"  />
	</step>
	<step type="JAVA" name="Click Tab" description="Clicks the TAB." severity="Blocker" >
		<component name="link"   action="click"      xpath="tab.operations" />
	</step>
	<step type="JAVA" name="Click SideMenu" description="Clicks the SideMenu" severity="Blocker" >
		<component name="link"   action="click"      xpath="sidemenu.operations.groups" />
	</step>
	<step type="JAVA" name="Create Group" linkFile="src/test/jmeter/ph_6.4/regression/group/CreateGroup.xml" description="Creates the Group with the provided details." severity="Blocker" >
		<parameter name="groupName" value="group-9208" />
		<parameter name="groupDesc" value="group-9208 description" />
		<parameter name="Notification" value="pass" />
	</step>
	<step type="JAVA" name="Click SideMenu" description="Clicks the SideMenu" severity="Blocker" >
		<component name="link"   action="click"      xpath="sidemenu.operations.batchprocessing" />
	</step>
	<step type="JAVA" name="Create Batch" linkFile="src/test/jmeter/ph_6.4/regression/batch/CreateEventBatch_2_Events_SPV.xml" description="Create the run-once Batch with Multiple SPV action and Event based triggering" severity="Blocker" >
		<parameter name="batchName" value="batch-9208" />
		<parameter name="batchDesc" value="batch-9208 Description" />
		<parameter name="parameterName_1" value="InternetGatewayDevice.LANDevice.1.WLANConfiguration.1.SSID" />
		<parameter name="parameterValue_1" value="ATT76A3New" />
		<parameter name="parameterName_2" value="InternetGatewayDevice.LANDevice.1.WLANConfiguration.1.RadioEnabled" />
		<parameter name="parameterValue_2" value="0" />
		<parameter name="Notification" value="pass" />
	</step>
	<step type="DS" name="Set parameter as Not writeable" description="Sets the parameter as not writeable in the Data model." severity="Blocker" >
		<component operation="changeWritable" name="$$parameterName_1" value="false" />
	</step>
	
	<!-- First Event -->
	<step type="DS" name="Send Boot Event" description="Sends Boot event from the Device Simulator to PH." severity="Blocker" >
		<component operation="sendEvent" name="Boot"/>
	</step>
	
	<step type="JAVA" name="Click SideMenu" description="Clicks the SideMenu" severity="Blocker" >
		<component name="link" xpath="sidemenu.operations.batchprocessing" action="click" />
	</step>
	<step type="JAVA" name="Search Batch With Name"  linkFile="src/test/jmeter/ph_6.4/regression/batch/SearchBatchWithName.xml" description="Search Batch With Name" severity="Blocker">
	</step>
	<step type="JAVA" name="Verify Batch - Device count" description="Verifies the Batch information - Device count, No. of Runs, Success and Failure %." severity="Blocker" >
		<component name="button" action="click" xpath="operations.batch.table.batchname" xpathInput="$$batchName"  />
		<component name="timer" value="1" />
		
		<component name=""       action="validate" xpath="operations.batch.details.totaldevices" 	 compareWith="1" valdesc="Verify Total Devices" valkey="Total Devices"/>
		<component name=""       action="validate" xpath="operations.batch.details.completeddevices" compareWith="1" valdesc="Verify No of Runs" valkey="No of Run" />
		<component name=""       action="validate" xpath="operations.batch.details.successratio" compareWith="0" 	 valdesc="Verify success %" valkey="Success %"/>
		<component name=""       action="validate" xpath="operations.batch.details.failureratio" compareWith="100"   valdesc="Verify failure %" valkey="Failure %"/>
		<component name="timer" value="300" />
	</step>
	
	<step type="DS" name="Set parameter as writeable" description="Sets the parameter as writeable in the Data model." severity="Blocker" >
		<component operation="changeWritable" name="$$parameterName_1" value="true" />
	</step>
	
	<!-- Second Event -->
	<step type="DS" name="Send Boot Event" description="Sends Boot event from the Device Simulator to PH." severity="Blocker" >
		<component operation="sendEvent" name="Boot"/>
	</step>
	
	<step type="JAVA" name="Click SideMenu" description="Clicks the SideMenu" severity="Blocker" >
		<component name="link" xpath="sidemenu.operations.batchprocessing" action="click" />
	</step>
	<step type="JAVA" name="Search Batch With Name"  linkFile="src/test/jmeter/ph_6.4/regression/batch/SearchBatchWithName.xml" description="Search Batch With Name" severity="Blocker">
	</step>

	<step type="JAVA" name="Verify Batch - Device count" description="Verifies the Batch information - Device count, No. of Runs, Success and Failure %." severity="Blocker" >
		<component name="button" action="click" xpath="operations.batch.table.batchname" xpathInput="$$batchName"  />
		<component name="timer" value="1" />
		
		<component name=""       action="validate" xpath="operations.batch.details.totaldevices" 	 compareWith="1" valdesc="Verify Total Devices" valkey="Total Devices"/>
		<component name=""       action="validate" xpath="operations.batch.details.completeddevices" compareWith="2" valdesc="Verify No of Runs" valkey="No of Run" />
		<component name=""       action="validate" xpath="operations.batch.details.successratio" compareWith="100"   valdesc="Verify success %" valkey="Success %"/>
		<component name=""       action="validate" xpath="operations.batch.details.failureratio" compareWith="0"     valdesc="Verify failure %" valkey="Failure %"/>
		<component name="timer" value="300" />
	</step>
	
	<!-- Third Event -->
	<step type="DS" name="Send Boot Event" description="Sends Boot event from the Device Simulator to PH." severity="Blocker" >
		<component operation="sendEvent" name="Boot"/>
	</step>
	
	<step type="JAVA" name="Click SideMenu" description="Clicks the SideMenu" severity="Blocker" >
		<component name="link" xpath="sidemenu.operations.batchprocessing" action="click" />
	</step>
	<step type="JAVA" name="Search Batch With Name"  linkFile="src/test/jmeter/ph_6.4/regression/batch/SearchBatchWithName.xml" description="Search Batch With Name" severity="Blocker">
	</step>
	<step type="JAVA" name="Verify Batch - Device count" description="Verifies the Batch information - Device count, No. of Runs, Success and Failure %." severity="Blocker" >
		<component name="button" action="click" xpath="operations.batch.table.batchname" xpathInput="$$batchName"  />
		<component name="timer" value="1" />
		
		<component name=""       action="validate" xpath="operations.batch.details.totaldevices" 	 compareWith="1" valdesc="Verify Total Devices" valkey="Total Devices"/>
		<component name=""       action="validate" xpath="operations.batch.details.completeddevices" compareWith="2" valdesc="Verify No of Runs" valkey="No of Run" />
		<component name=""       action="validate" xpath="operations.batch.details.successratio" compareWith="100"   valdesc="Verify success %" valkey="Success %"/>
		<component name=""       action="validate" xpath="operations.batch.details.failureratio" compareWith="0"     valdesc="Verify failure %" valkey="Failure %"/>
	</step>
	
	<step type="JAVA" name="Verify Value in UI" description="Compares the value in UI with the provided value." severity="Blocker" >
		<component name="textbox"  action="entervalue" xpath="advancedsearch.textbox" value="$$DEVICE_ID"/>
		<component name="button"  action="click" xpath="advancedsearch.findbutton" />
		<component name="timer" value="5" />
		
		<component name=""       action="validate" xpath="deviceview.devicepage.deviceview.apname" compareWith="$$parameterValue_1" valdesc="Verify SSID is UI" valkey="SSID"/>
		<component name=""       action="validate" xpath="deviceview.devicepage.deviceview.wifiap" compareWith="Disabled" valdesc="Verify AP Enabled is UI" valkey="AP Enabled"/>
	</step>
	
	<step type="DS" name="Verify Value in DS" description="Compares the value in DS with the provided value." severity="Blocker" >
		<component operation="gpv" name="$$parameterName_1" compareWith="$$parameterValue_1" valdesc="Verify SSID is DS" valkey="SSID"/>
		<component operation="gpv" name="$$parameterName_2" compareWith="$$parameterValue_2" valdesc="Verify AP Enabled is DS" valkey="AP Enabled"/>
	</step>
</steps>

