<steps name="TC9253_Attach_Suspend_Fw_Upgrade_Tag" description="Validate the Suspend Frame ware Tag"  severity="Blocker">

	<step type="START-DS" name="Start DS" description="Performs-Start DS" severity="Blocker">
		<parameter name="DEVICE_ID" value="device-9253" />
		<parameter name="ACS_IP" value="props::ACS_IP" />
		<parameter name="DEVICE_DATA_MODEL_NAME" value="props::DEVICE_DATA_MODEL_NAME" />
	</step>
	
	<!-- Login  -->
	
	<step type="JAVA" name="Login" description="Performs - Login" severity="Blocker">
		<component name="textbox"  action="entervalue" xpath="login.username" value="props::PH_LOGIN_USERNAME"/>
		<component name="textbox"  action="entervalue" xpath="login.password" value="props::PH_LOGIN_PASSWORD" />
		<component name="button" action="click" xpath="login.submit"  />
	</step> 
	
	<!-- Send Boot event  -->
	
	<step type="DS" name="Send Boot Event" description="Performs - Send Boot Event" severity="Blocker">
		<component operation="sendEvent" name="Boot"/>
		<component name="timer" value="2" />
	</step>
	
	<!-- Check  Availability of Tag -->
	
	<step type="JAVA" name="Validate Availability of Tag " description="Performs - Validate Availability of Tag" severity="Blocker">
		<component name="link"   action="click"  xpath="tab.operations" />
		<component name="link"   action="click"  xpath="sidemenu.operations.devicemanagement" />
		<component name="textbox"  action="entervalue" xpath="operations.devicemanagement.query" value="JMETERREP::'Serial Number' LIKE $$DEVICE_ID$$" />
		<component name="button"  action="click" xpath="operations.devicemanagement.query.find" />
		<component name="timer" value="2" />
		<component name=""  action="element-availability" xpath="operations.devicemanagement.device.tag.availability"   saveTo="tagAvailability" compareWith="Element present" valdesc="Check Element availability" valkey="Presence"/>
		<component name="timer" value="2" />
	</step>
	
	<!-- Check  Availability of Device -->
	
	<step type="JAVA" name="Validate Availability of Device" description="Performs - Validate Availability of Tag" severity="Blocker">
		<component name="textbox"  action="entervalue" xpath="operations.devicemanagement.query" value="'Birth Certificate status' IN (Error, 'In Progress') AND 'Serial Number' = device-9253" />
		<component name="button"  action="click" xpath="operations.devicemanagement.query.find" />
		<component name="timer" value="2" />
		<component name=""  action="element-availability"  xpath="operations.devicemanagement.availability.device" xpathInput="JMETERREP::$$DEVICE_ID$$" saveTo="deviceAvailability" compareWith="Element present" valdesc="Check Element availability" valkey="Presence"/>
	</step>
	
</steps>