<steps>
	<step type="START-DS" name="Start DS" description="Starts the Device Simulator with the device serial number and sends the Bootstrap event." severity="Blocker" >
		<parameter name="DEVICE_ID" value="device-9214" />
		<parameter name="ACS_IP" value="props::ACS_IP" />
		<parameter name="DEVICE_DATA_MODEL_NAME" value="props::DEVICE_DATA_MODEL_NAME" />
		
		<parameter name="retrySeconds" value="300" />
	</step>
	<step type="JAVA" name="Login" description="Login to PH using the provided credentials." severity="Blocker" >
		<component name="textbox"  action="entervalue" xpath="login.username" value="props::PH_LOGIN_USERNAME"/>
		<component name="textbox"  action="entervalue" xpath="login.password" value="props::PH_LOGIN_PASSWORD" />
		<component name="button" action="click" 	 xpath="login.submit"  />
	</step>
	<step type="JAVA" name="Click Tab" description="Clicks the TAB." severity="Blocker" >
		<component name="link"   action="click"      xpath="tab.operations" />
	</step>
	<step type="JAVA" name="Click SideMenu" description="Clicks the SideMenu" severity="Blocker" >
		<component name="link"   action="click"      xpath="sidemenu.operations.groups" />
	</step>
	<step type="JAVA" name="Create Group" linkFile="src/test/jmeter/ph_6.4/regression/group/CreateGroup.xml" description="Creates the Group with the provided details." severity="Blocker" >
		<parameter name="groupName" value="group-9214" />
		<parameter name="groupDesc" value="group-9214 description" />
		<parameter name="Notification" value="pass" />
	</step>
	<step type="JAVA" name="Click SideMenu" description="Clicks the SideMenu" severity="Blocker" >
		<component name="link"   action="click"      xpath="sidemenu.operations.batchprocessing" />
	</step>
	<step type="JAVA" name="Create Batch" linkFile="src/test/jmeter/ph_6.4/regression/batch/CreateEventBatch_SingleEvent_SPV_Retry.xml" description="Create the retry on failure Batch with Multiple SPV action and Event based triggering" severity="Blocker" >
		<parameter name="Notification" value="pass" />
		<parameter name="batchName" value="batch-9214" />
		<parameter name="retryLimit" value="2" />
		<parameter name="batchDesc" value="eventRetry Batch Description" />
		<parameter name="parameterName_1" value="InternetGatewayDevice.LANDevice.1.WLANConfiguration.1.SSID" />
		<parameter name="parameterValue_1" value="ATT76A3New" />
	</step>
	<step type="DS" name="Set parameter as Not writeable" description="Sets the parameter as not writeable in the Data model." severity="Blocker" >
		<component operation="changeWritable" name="$$parameterName_1" value="false" />
	</step>
	
	<!-- First Event -->
	<step type="DS" name="Send Boot Event" description="Sends Boot event from the Device Simulator to PH." severity="Blocker" >
		<component operation="sendEvent" name="Boot"/>
	</step>
	
	<step type="JAVA" name="Click SideMenu" description="Clicks the SideMenu" severity="Blocker" >
		<component name="link" xpath="sidemenu.operations.batchprocessing" action="click" />
	</step>
	<step type="JAVA" name="Search Batch With Name"  linkFile="src/test/jmeter/ph_6.4/regression/batch/SearchBatchWithName.xml" severity="Blocker" description="Search Batch With Name">
	</step>
	<step type="JAVA" name="Verify Batch - Device count" description="Verifies the Batch information - Device count, No. of Runs, Success and Failure %." severity="Blocker" >
		<component name="button" action="click" xpath="operations.batch.table.batchname" xpathInput="$$batchName"  />
		<component name="timer" value="1" />
		
		<component name=""       action="validate" xpath="operations.batch.details.totaldevices" 	 compareWith="1" valdesc="Verify Total Devices" valkey="Total Devices"/>
		<component name=""       action="validate" xpath="operations.batch.details.completeddevices" compareWith="1" valdesc="Verify No of Runs" valkey="No of Run" />
		<component name=""       action="validate" xpath="operations.batch.details.successratio" compareWith="0" 	 valdesc="Verify success %" valkey="Success %"/>
		<component name=""       action="validate" xpath="operations.batch.details.failureratio" compareWith="100"   valdesc="Verify failure %" valkey="Failure %"/>
	</step>
	
	<!-- Second Event - Periodic. Nothing should happen as this is less than the retry seconds time. -->
	<step type="DS" name="Send Periodic Event" description="Sends Periodic event from the Device Simulator to PH." severity="Blocker" >
		<component operation="sendEvent" name="Periodic"/>
	</step>
	
	<step type="JAVA" name="Click SideMenu" description="Clicks the SideMenu" severity="Blocker" >
		<component name="link" xpath="sidemenu.operations.batchprocessing" action="click" />
	</step>
	<step type="JAVA" name="Search Batch With Name"  linkFile="src/test/jmeter/ph_6.4/regression/batch/SearchBatchWithName.xml" severity="Blocker" description="Search Batch With Name">
	</step>
	<step type="JAVA" name="Verify Batch - Device count" description="Verifies the Batch information - Device count, No. of Runs, Success and Failure %." severity="Blocker" >
		<component name="button" action="click" xpath="operations.batch.table.batchname" xpathInput="$$batchName"  />
		<component name="timer" value="1" />
		
		<component name=""       action="validate" xpath="operations.batch.details.totaldevices" 	 compareWith="1" valdesc="Verify Total Devices" valkey="Total Devices"/>
		<component name=""       action="validate" xpath="operations.batch.details.completeddevices" compareWith="1" valdesc="Verify No of Runs" valkey="No of Run" />
		<component name=""       action="validate" xpath="operations.batch.details.successratio" compareWith="0" 	 valdesc="Verify success %" valkey="Success %"/>
		<component name=""       action="validate" xpath="operations.batch.details.failureratio" compareWith="100"   valdesc="Verify failure %" valkey="Failure %"/>
		<component name="timer" value="$$retrySeconds" />
		<component name="timer" value="10" />
	</step>
	
	<!-- Third Event - First retry-->
	<step type="DS" name="Send Periodic Event" description="Sends Periodic event from the Device Simulator to PH." severity="Blocker" >
		<component operation="sendEvent" name="Periodic"/>
	</step>
	
	<step type="JAVA" name="Click SideMenu" description="Clicks the SideMenu" severity="Blocker" >
		<component name="link" xpath="sidemenu.operations.batchprocessing" action="click" />
	</step>
		<step type="JAVA" name="Search Batch With Name"  linkFile="src/test/jmeter/ph_6.4/regression/batch/SearchBatchWithName.xml" description="Search Batch With Name." severity="Blocker">
	</step>

	<step type="JAVA" name="Verify Batch - Device count" description="Verifies the Batch information - Device count, No. of Runs, Success and Failure %." severity="Blocker" >
		<component name="button" action="click" xpath="operations.batch.table.batchname" xpathInput="$$batchName"  />
		<component name="timer" value="1" />
		
		<component name=""       action="validate" xpath="operations.batch.details.totaldevices" 	 compareWith="1" valdesc="Verify Total Devices" valkey="Total Devices"/>
		<component name=""       action="validate" xpath="operations.batch.details.completeddevices" compareWith="2" valdesc="Verify No of Runs" valkey="No of Run" />
		<component name=""       action="validate" xpath="operations.batch.details.successratio" compareWith="0"   valdesc="Verify success %" valkey="Success %"/>
		<component name=""       action="validate" xpath="operations.batch.details.failureratio" compareWith="100"     valdesc="Verify failure %" valkey="Failure %"/>
		<component name="timer" value="$$retrySeconds" />
		<component name="timer" value="10" />
	</step>
	
	<!-- Fourth Event - Second retry-->
	<step type="DS" name="Send Periodic Event" description="Sends Periodic event from the Device Simulator to PH." severity="Blocker" >
		<component operation="sendEvent" name="Periodic"/>
	</step>
	
	<step type="JAVA" name="Click SideMenu" description="Clicks the SideMenu" severity="Blocker" >
		<component name="link" xpath="sidemenu.operations.batchprocessing" action="click" />
	</step>
	<step type="JAVA" name="Search Batch With Name"  linkFile="src/test/jmeter/ph_6.4/regression/batch/SearchBatchWithName.xml" description="Search Batch With Name." severity="Blocker">
	</step>
	<step type="JAVA" name="Verify Batch - No of runs" description="Verifies the Batch information - Device count, No. of Runs, Success and Failure %." severity="Blocker" >
		<component name="button" action="click" xpath="operations.batch.table.batchname" xpathInput="$$batchName"  />
		<component name="timer" value="1" />
		
		<component name=""       action="validate" xpath="operations.batch.details.totaldevices" 	 compareWith="1" valdesc="Verify Total Devices" valkey="Total Devices"/>
		<component name=""       action="validate" xpath="operations.batch.details.completeddevices" compareWith="3" valdesc="Verify No of Runs" valkey="No of Run" />
		<component name=""       action="validate" xpath="operations.batch.details.successratio" compareWith="0"   valdesc="Verify success %" valkey="Success %"/>
		<component name=""       action="validate" xpath="operations.batch.details.failureratio" compareWith="100"     valdesc="Verify failure %" valkey="Failure %"/>
		<component name="timer" value="$$retrySeconds" />
		<component name="timer" value="10" />
	</step>
	
	<!-- Fifth Event - Third retry - should not happen as the retry count is 2.-->
	<step type="DS" name="Send Periodic Event" description="Sends Periodic event from the Device Simulator to PH." severity="Blocker" >
		<component operation="sendEvent" name="Periodic"/>
	</step>
	
	<step type="JAVA" name="Click SideMenu" description="Clicks the SideMenu" severity="Blocker" >
		<component name="link" xpath="sidemenu.operations.batchprocessing" action="click" />
	</step>
	<step type="JAVA" name="Search Batch With Name"  linkFile="src/test/jmeter/ph_6.4/regression/batch/SearchBatchWithName.xml" description="Search Batch With Name." severity="Blocker">
	</step>
	<step type="JAVA" name="Verify Batch - No of runs" description="Verifies the Batch information - Device count, No. of Runs, Success and Failure %." severity="Blocker" >
		<component name="button" action="click" xpath="operations.batch.table.batchname" xpathInput="$$batchName"  />
		<component name="timer" value="1" />
		
		<component name=""       action="validate" xpath="operations.batch.details.totaldevices" 	 compareWith="1" valdesc="Verify Total Devices" valkey="Total Devices"/>
		<component name=""       action="validate" xpath="operations.batch.details.completeddevices" compareWith="3" valdesc="Verify No of Runs" valkey="No of Run" />
		<component name=""       action="validate" xpath="operations.batch.details.successratio" compareWith="0"   valdesc="Verify success %" valkey="Success %"/>
		<component name=""       action="validate" xpath="operations.batch.details.failureratio" compareWith="100"     valdesc="Verify failure %" valkey="Failure %"/>
		<component name="timer" value="$$retrySeconds" />
		<component name="timer" value="10" />
	</step>
</steps>

