<steps>
	<step type="START-DS" name="Start DS" description="Starts the Device Simulator with the device serial number and sends the Bootstrap event." severity="Blocker" >
		<parameter name="DEVICE_ID" value="device-9349" />
		<parameter name="ACS_IP" value="props::ACS_IP" />
		<parameter name="DEVICE_DATA_MODEL_NAME" value="props::DEVICE_DATA_MODEL_NAME" />
		
		
	</step>
	<step type="JAVA" name="Login" description="Login to PH using the provided credentials." severity="Blocker" >
		<component name="textbox"  action="entervalue" xpath="login.username" value="props::PH_LOGIN_USERNAME"/>
		<component name="textbox"  action="entervalue" xpath="login.password" value="props::PH_LOGIN_PASSWORD" />
		<component name="button" action="click" 	 xpath="login.submit"  />
	</step>
	<step type="JAVA" name="Click Tab" description="Clicks the TAB." severity="Blocker" >
		<component name="link"   action="click"      xpath="tab.operations" />
	</step>
	<step type="JAVA" name="Click SideMenu" description="Clicks the SideMenu" severity="Blocker" >
		<component name="link"   action="click"      xpath="sidemenu.operations.groups" />
	</step>
	<step type="JAVA" name="Create Group" linkFile="src/test/jmeter/ph_6.4/regression/group/CreateGroup.xml" description="Creates the Group with the provided details." severity="Blocker" >
		<parameter name="groupName" value="group-9349" />
		<parameter name="groupDesc" value="group-9349 description" />
	</step>
	
	<step type="JAVA" name="Click SideMenu" description="Clicks the SideMenu" severity="Blocker" >
		<component name="link"   action="click"      xpath="sidemenu.operations.batchprocessing" />
	</step>
	<step type="JAVA" name="Create Batch" linkFile="src/test/jmeter/ph_6.4/regression/batch/CreateImmediateBatch_Workflow.xml" description="Create the Immediate Batch and action as Set Parameter Value for TR069 Parameter ." severity="Blocker" >
		<parameter name="batchName" value="batch-9349" />
		<parameter name="batchDesc" value="Batch Description" />
		<parameter name="actionName" value="Send Device Commands" />
		
		<!-- GPNV -->
		<parameter name="GPNVParameterName_1" value="GPNV1" />
		<parameter name="GPNVParameterName_2" value="GPNV2" />
		
		<!-- GPV -->
		<parameter name="GPVParameterName_1" value="GPV1" />
		<parameter name="GPVParameterName_2" value="InternetGatewayDevice.LANDevice.1.WLANConfiguration.1.SSID" />
		<parameter name="GPVParameterName_3" value="InternetGatewayDevice.LANDevice.1.WLANConfiguration.1.SSID" />
		
		<!-- SPN -->
		<parameter name="SPNParameterName_1" value="InternetGatewayDevice.LANDevice.1.WLANConfiguration.1.SSID" />
		<parameter name="SPNParameterName_2" value="SPN2" />
		<parameter name="SPNParameterName_3" value="InternetGatewayDevice.LANDevice.1.WLANConfiguration.1.SSID" />
		
		<parameter name="SPNNotification_1" value="PASSIVE" />
		<parameter name="SPNNotification_2" value="PASSIVE" />
		<parameter name="SPNNotification_3" value="PASSIVE" />
		
		<!-- SPV -->
		<parameter name="SPVParameterName_1" value="InternetGatewayDevice.LANDevice.1.WLANConfiguration.1.SSID" />
		<parameter name="SPVParameterName_2" value="InternetGatewayDevice.LANDevice.1.WLANConfiguration.1.SSID" />
		<parameter name="SPVParameterName_3" value="SPV3" />
		
		<parameter name="SPVParameterValue_1" value="SPV Value1" />
		<parameter name="SPVParameterValue_2" value="SPV Value2" />
		<parameter name="SPVParameterValue_3" value="SPV Value3" />
	</step>
	
	
</steps>

