<steps>
	<step type="START-DS" name="Start DS" description="Starts the Device Simulator with the device serial number and sends the Bootstrap event." severity="Blocker" >
		<parameter name="DEVICE_ID" value="device-9769" />
		<parameter name="ACS_IP" value="props::ACS_IP" />
		<parameter name="DEVICE_DATA_MODEL_NAME" value="props::DEVICE_DATA_MODEL_NAME" />
		<parameter name="batchNameImmRemoveObject" value="batch-9769-imm-block" />
		
		
	</step>
	<step type="JAVA" name="Login" description="Login to PH using the provided credentials." severity="Blocker" >
		<component name="textbox"  action="entervalue" xpath="login.username" value="props::PH_LOGIN_USERNAME"/>
		<component name="textbox"  action="entervalue" xpath="login.password" value="props::PH_LOGIN_PASSWORD" />
		<component name="button" action="click" 	 xpath="login.submit"  />
	</step>
	
	<step type="JAVA" name="Get the number of ethernet devices available" description="Reads the number of ethernet devices from the Device View Portlet." severity="Blocker" >
		<component name="textbox"  action="entervalue" xpath="advancedsearch.textbox" value="$$DEVICE_ID"/>
		<component name="button"  action="click" xpath="advancedsearch.findbutton" />
		<component name="timer" value="15" />
		
		<!-- <component name=""  action="save" xpath="deviceview.device.status" saveTo="deviceOnline" attrName="class" compareWith="dvCircle circle-green" valdesc="Device View Portlet : Device Status" valkey="Device Status"/> -->
		
		<component name=""   action="save" xpath="deviceview.devicepage.homeview.ethernet.count" attrName="data-devices" xpathInput="2" saveTo="noOfEthernetDevicesBefore" />
	</step>
	
	<step type="JAVA" name="Click Tab" description="Clicks the TAB." severity="Blocker" >
		<component name="link"   action="click"      xpath="tab.operations" />
	</step>
	<step type="JAVA" name="Click SideMenu" description="Clicks the SideMenu" severity="Blocker" >
		<component name="link"   action="click"      xpath="sidemenu.operations.groups" />
	</step>
	<step type="JAVA" name="Create Group" linkFile="src/test/jmeter/ph_6.4/regression/group/CreateGroup.xml" description="Creates the Group with the provided details." severity="Blocker" >
		<parameter name="groupName" value="group-9769" />
		<parameter name="groupDesc" value="group-9769 description" />
	</step>
	
	<!-- ================= Immediate Batch ========================= -->
	<!-- Create Immediate Batch for Remove Object -->
	<step type="JAVA" name="Click SideMenu" description="Clicks the SideMenu" severity="Blocker" >
		<component name="link"   action="click"      xpath="sidemenu.operations.batchprocessing" />
	</step>
	
	<step type="JAVA" name="Create Batch" linkFile="src/test/jmeter/ph_6.4/regression/batch/CreateImmediateBatch_Workflow.xml" description="Performs - Create Batch to Remove Object in Ethernet LAN Host entry." severity="Blocker">		
		<parameter name="batchName" value="$$batchNameImmRemoveObject" />
		<parameter name="batchDesc" value="New Batch Description" />
		<parameter name="actionName" value="Remove object" />
		<parameter name="parameterName" value="InternetGatewayDevice.LANDevice.1.Hosts.Host.1." />
	</step>
	
	<!-- Validate the Block Device - Immediate Batch executes -->
	<step type="JAVA" name="Click SideMenu" description="Clicks the SideMenu" severity="Blocker" >
		<component name="link" xpath="sidemenu.operations.batchprocessing" action="click" />
	</step>
	<step type="JAVA" name="Search Batch With Name"  linkFile="src/test/jmeter/ph_6.4/regression/batch/SearchBatchWithName.xml" description="Search Batch With Name" severity="Blocker">
		<parameter name="batchName" value="$$batchNameImmRemoveObject" />
	</step>
	<step type="JAVA" name="Verify Batch - Device count" description="Verifies the Batch information - Device count, No. of Runs, Success and Failure %." severity="Blocker" >
		<component name="" xpath="operations.batch.table.statustext" action="waitandvalidate" refreshinterval="10" maxwaittime="300" compareWith="completed" xpathInput="$$batchNameImmRemoveObject"/>
		<component name="button" action="click" xpath="operations.batch.table.batchname" xpathInput="$$batchNameImmRemoveObject"  />
		<component name="timer" value="1" />
		
		<component name=""       action="validate" xpath="operations.batch.details.totaldevices" 	 compareWith="1" valdesc="Verify Total Devices" valkey="Total Devices"/>
		<component name=""       action="validate" xpath="operations.batch.details.completeddevices" compareWith="1" valdesc="Verify No of Runs" valkey="No of Run" />
		<component name=""       action="validate" xpath="operations.batch.details.successratio" compareWith="100" 	 valdesc="Verify success %" valkey="Success %"/>
		<component name=""       action="validate" xpath="operations.batch.details.failureratio" compareWith="0"   valdesc="Verify failure %" valkey="Failure %"/>
	</step>
	
	<!-- Verify the Ethernet Devices Count is changed. -->
	<step type="JAVA" name="Verify the Ethernet LAN Hosts count" description="Verifies that the Ethernet LAN Hosts Count is decreased by one." severity="Blocker" >
		<component name="textbox"  action="entervalue" xpath="advancedsearch.textbox" value="$$DEVICE_ID"/>
		<component name="button"  action="click" xpath="advancedsearch.findbutton" />
		<component name="timer" value="15" />

		<!-- <component name=""  action="save" xpath="deviceview.device.status" saveTo="deviceOnline" attrName="class" compareWith="dvCircle circle-green" valdesc="Device View Portlet : Device Status" valkey="Device Status"/> -->
		
		<component name=""   action="save" xpath="deviceview.devicepage.homeview.ethernet.count" attrName="data-devices" xpathInput="2" saveTo="noOfEthernetDevicesAfter" />
		<component name="calculate" action="subtract" value="$$noOfEthernetDevicesBefore" calcInput="1" saveTo="noOfEthernetDevicesBefore"/>
		<component name=""   action="validatevalues" value="$$noOfEthernetDevicesAfter" compareWith="$$noOfEthernetDevicesBefore"  valkey="Ethernet LAN Hosts Count" valdesc="Check Ethernet LAN Hosts count"/>
	</step>	
	
	<!-- Delete Batch -->
	<step type="JAVA" name="Click Tab" description="Clicks the TAB." severity="Blocker" >
		<component name="link"   action="click"      xpath="tab.operations" />
	</step>
	
	<step type="JAVA" name="Click Batch Processing SideMenu" description="click Batch Processing sidemenu" severity="Blocker">
		<component name="link" action="click" xpath="sidemenu.operations.batchprocessing" />
	</step>
	
	<step type="JAVA" name="Delete batch" linkFile="src/test/jmeter/ph_6.4/regression/batch/Cancel_DeleteBatch.xml" description="Batch deletion" severity="Blocker">
		<parameter name="batchName" value="$$batchNameImmRemoveObject" />
	</step>
	
	<!-- Delete Group -->
	<step type="JAVA" name="Click Groups SideMenu" description="Click Groups SideMenu" severity="Blocker">
		<component name="link"   action="click"      xpath="sidemenu.operations.groups" />
	</step>
	
	<step type="JAVA" name="Delete Group" linkFile="src/test/jmeter/ph_6.4/regression/group/DeleteGroup.xml" description="Delete Group" severity="Blocker">
	</step>
</steps>