<steps>
	<step type="START-DS" name="Start DS" description="Starts the Device Simulator with the device serial number and sends the Bootstrap event." severity="Blocker" >
		<parameter name="DEVICE_ID" value="device-9771" />
		<parameter name="ACS_IP" value="props::ACS_IP" />
		<parameter name="DEVICE_DATA_MODEL_NAME" value="props::DEVICE_DATA_MODEL_NAME" />
		
		<parameter name="actionName" value="Send Device Configuration Workflow" />
		<parameter name="initialValue" value="ATT76A3" />
		<parameter name="configName" value="configset-9771" />
		<parameter name="batchNameFalse1" value="batch-9771-false-1" />
		<parameter name="batchNameFalse2" value="batch-9771-false-2" />
		<parameter name="batchNameFalse3" value="batch-9771-false-3" />
		<parameter name="batchNameTrue" value="batch-9771-true" />
		
		<parameter name="parameterName" value="InternetGatewayDevice.LANDevice.1.WLANConfiguration.1.SSID" />
		<parameter name="parameterValueCSET" value="ATT76A3CSET" />
		<parameter name="parameterValueBackEnd" value="ATT76A3BackEnd" />
	</step>
	<step type="JAVA" name="Login" description="Login to PH using the provided credentials." severity="Blocker" >
		<component name="textbox"  action="entervalue" xpath="login.username" value="props::PH_LOGIN_USERNAME"/>
		<component name="textbox"  action="entervalue" xpath="login.password" value="props::PH_LOGIN_PASSWORD" />
		<component name="button" action="click" 	 xpath="login.submit"  />
	</step>
	<step type="JAVA" name="Click Tab" description="Clicks the TAB." severity="Blocker" >
		<component name="link"   action="click"      xpath="tab.operations" />
	</step>
	<step type="JAVA" name="Click SideMenu" description="Clicks the SideMenu" severity="Blocker" >
		<component name="link"   action="click"      xpath="sidemenu.operations.groups" />
	</step>
	<step type="JAVA" name="Create Group" linkFile="src/test/jmeter/ph_6.4/regression/group/CreateGroup.xml" description="Creates the Group with the provided details." severity="Blocker" >
		<parameter name="groupName" value="group-9771" />
		<parameter name="groupDesc" value="group-9771 description" />
	</step>
	
	<!-- Create Immediate Batch and check the value is default value-->
	<step type="JAVA" name="Click SideMenu" description="Clicks the SideMenu" severity="Blocker" >
		<component name="link"   action="click"      xpath="sidemenu.operations.batchprocessing" />
	</step>
	
	<step type="JAVA" name="Create Batch" linkFile="src/test/jmeter/ph_6.4/regression/batch/CreateImmediateBatch_Workflow.xml" description="Create the Immediate Batch and action as Send Device Configuration Workflow and Apply Configuration as false." severity="Blocker" >
		<parameter name="batchName" value="$$batchNameFalse1" />
		<parameter name="applyConfiguration" value="False" />
	</step>
	
	<step type="JAVA" name="Click SideMenu" description="Clicks the SideMenu" severity="Blocker" >
		<component name="link" xpath="sidemenu.operations.batchprocessing" action="click" />
	</step>
	<step type="JAVA" name="Search Batch With Name"  linkFile="src/test/jmeter/ph_6.4/regression/batch/SearchBatchWithName.xml" description="Search Batch With Name" severity="Blocker"> 
	</step>
	<step type="JAVA" name="Verify Batch - Device count" description="Verifies the Batch information - Device count, No. of Runs, Success and Failure %." severity="Blocker" >
		<component name="" xpath="operations.batch.table.statustext" action="waitandvalidate" refreshinterval="10" maxwaittime="300" compareWith="completed" xpathInput="$$batchName"/>
		<component name="button" action="click" xpath="operations.batch.table.batchname" xpathInput="$$batchName"  />
		<component name="timer" value="1" />
		
		<component name=""       action="validate" xpath="operations.batch.details.totaldevices" 	 compareWith="1" valdesc="Verify Total Devices" valkey="Total Devices"/>
		<component name=""       action="validate" xpath="operations.batch.details.completeddevices" compareWith="1" valdesc="Verify No of Completed Devices" valkey="No of completed Devices" />
		<component name=""       action="validate" xpath="operations.batch.details.successratio" compareWith="100"   valdesc="Verify success %" valkey="Success %"/>
		<component name=""       action="validate" xpath="operations.batch.details.failureratio" compareWith="0"     valdesc="Verify failure %" valkey="Failure %"/>
	</step>
	
	<step type="JAVA" name="Verify Value in UI" description="Compares the value in UI with the provided value." severity="Blocker" >
		<component name="textbox"  action="entervalue" xpath="advancedsearch.textbox" value="$$DEVICE_ID"/>
		<component name="button"  action="click" xpath="advancedsearch.findbutton" />
		<component name="timer" value="5" />
		
		<component name=""       action="validate" xpath="deviceview.devicepage.deviceview.apname" compareWith="$$initialValue" valdesc="Verify SSID is UI" valkey="SSID"/>
	</step>
	
	<!-- Create Configuration Set and activate -->
	<step type="JAVA" name="Click Oerations Tab" description="Click Oerations Tab" severity="Blocker">
		<component name="link"   action="click"      xpath="tab.operations" />
	</step>
	<step type="JAVA" name="Click Configuration Sets SideMenu" description="Click Configuration Sets SideMenu" severity="Blocker">
		<component name="link"   action="click"      xpath="sidemenu.operations.configurationset" />
	</step>	
	
	<step type="JAVA" name="Create Config Set at the Root Level" linkFile="src/test/jmeter/ph_6.4/regression/configurationsets/ConfigurationSet.xml" description="configuration set creation on root level" severity="Blocker">
		<!-- <parameter name="configName" value="$$configSetName" /> -->
		<parameter name="configDesc" value="New Config set decription" />
	</step>
	
	<step type="JAVA" name="Configuration Set Group association on root level" linkFile="src/test/jmeter/ph_6.4/regression/configurationsets/ConfigurationSet_AssocGroup.xml" description="group association with config set on root level" severity="Blocker">
		<!-- <parameter name="configName" value="$$configSetName" /> -->
		<!-- <parameter name="groupName" value="group-9771" /> -->
	</step>
	
	<step type="JAVA" name="Associate Configuration to CSET" linkFile="src/test/jmeter/ph_6.4/regression/configurationsets/ConfigurationSet_Configuration.xml" description="Associate configuration parameter to config set" severity="Blocker">
		<parameter name="overrideConfiguration" value="false" />
		<!-- <parameter name="configName" value="configset_R-##" /> -->
		<!-- <parameter name="parameterName" value="InternetGatewayDevice.LANDevice.1.WLANConfiguration.1.SSID" /> -->
		<parameter name="parameterValue" value="$$parameterValueCSET" />
		<parameter name="parameterStatus" value="Enable" />
	</step>
	
	<step type="JAVA" name="Activate Config Set at Root Level" linkFile="src/test/jmeter/ph_6.4/regression/configurationsets/ActivateConfigurationSet.xml" description="activate configuration set on root level" severity="Blocker">
		<!-- <parameter name="configName" value="$$configSetName" />	 -->
	</step>
	
	<!-- Create Immediate Batch and check the value is pushed by the batch since CSET is changed for the device -->
	<step type="JAVA" name="Click Oerations Tab" description="Click Oerations Tab" severity="Blocker">
		<component name="link"   action="click"      xpath="tab.operations" />
	</step>
	<step type="JAVA" name="Click SideMenu" description="Clicks the SideMenu" severity="Blocker" >
		<component name="link"   action="click"      xpath="sidemenu.operations.batchprocessing" />
	</step>
	
	<step type="JAVA" name="Create Batch" linkFile="src/test/jmeter/ph_6.4/regression/batch/CreateImmediateBatch_Workflow.xml" description="Create the Immediate Batch and action as Send Device Configuration Workflow and Apply Configuration as false." severity="Blocker" >
		<parameter name="batchName" value="$$batchNameFalse2" />
		<parameter name="applyConfiguration" value="False" />
	</step>
	
	<step type="JAVA" name="Click SideMenu" description="Clicks the SideMenu" severity="Blocker" >
		<component name="link" xpath="sidemenu.operations.batchprocessing" action="click" />
	</step>
	<step type="JAVA" name="Search Batch With Name"  linkFile="src/test/jmeter/ph_6.4/regression/batch/SearchBatchWithName.xml" description="Search Batch With Name" severity="Blocker"> 
	</step>
	<step type="JAVA" name="Verify Batch - Device count" description="Verifies the Batch information - Device count, No. of Runs, Success and Failure %." severity="Blocker" >
		<component name="" xpath="operations.batch.table.statustext" action="waitandvalidate" refreshinterval="10" maxwaittime="300" compareWith="completed" xpathInput="$$batchName"/>
		<component name="button" action="click" xpath="operations.batch.table.batchname" xpathInput="$$batchName"  />
		<component name="timer" value="1" />
		
		<component name=""       action="validate" xpath="operations.batch.details.totaldevices" 	 compareWith="1" valdesc="Verify Total Devices" valkey="Total Devices"/>
		<component name=""       action="validate" xpath="operations.batch.details.completeddevices" compareWith="1" valdesc="Verify No of Completed Devices" valkey="No of completed Devices" />
		<component name=""       action="validate" xpath="operations.batch.details.successratio" compareWith="100"   valdesc="Verify success %" valkey="Success %"/>
		<component name=""       action="validate" xpath="operations.batch.details.failureratio" compareWith="0"     valdesc="Verify failure %" valkey="Failure %"/>
	</step>
	
	<step type="JAVA" name="Verify Value in UI" description="Compares the value in UI with the provided value." severity="Blocker" >
		<component name="textbox"  action="entervalue" xpath="advancedsearch.textbox" value="$$DEVICE_ID"/>
		<component name="button"  action="click" xpath="advancedsearch.findbutton" />
		<component name="timer" value="5" />
		
		<component name=""       action="validate" xpath="deviceview.devicepage.deviceview.apname" compareWith="$$parameterValueCSET" valdesc="Verify SSID is UI" valkey="SSID"/>
	</step>
	
	<!-- ======================== Change SSID value in the DS - Temporary step ======================================================== -->
	<step type="DS" name="Verify Value in DS" description="Performs - Value change in DS" severity="Blocker" >
		<component operation="spv" name="$$parameterName" value="$$parameterValueBackEnd"/>
		<component operation="gpv" name="$$parameterName" saveTo="DSValue_SSID" compareWith="$$parameterValueBackEnd" valdesc="Confirm SSID is changed in DS" valkey="SSID"/>
	</step>

	<!-- Create Immediate Batch and check the value is not pushed by the batch since CSET is not modified since the last change -->
	<step type="JAVA" name="Click Oerations Tab" description="Click Oerations Tab" severity="Blocker">
		<component name="link"   action="click"      xpath="tab.operations" />
	</step>
	<step type="JAVA" name="Click SideMenu" description="Clicks the SideMenu" severity="Blocker" >
		<component name="link"   action="click"      xpath="sidemenu.operations.batchprocessing" />
	</step>
	
	<step type="JAVA" name="Create Batch" linkFile="src/test/jmeter/ph_6.4/regression/batch/CreateImmediateBatch_Workflow.xml" description="Create the Immediate Batch and action as Send Device Configuration Workflow and Apply Configuration as false." severity="Blocker" >
		<parameter name="batchName" value="$$batchNameFalse3" />
		<parameter name="applyConfiguration" value="False" />
	</step>
	
	<step type="JAVA" name="Click SideMenu" description="Clicks the SideMenu" severity="Blocker" >
		<component name="link" xpath="sidemenu.operations.batchprocessing" action="click" />
	</step>
	<step type="JAVA" name="Search Batch With Name"  linkFile="src/test/jmeter/ph_6.4/regression/batch/SearchBatchWithName.xml" description="Search Batch With Name" severity="Blocker"> 
	</step>
	<step type="JAVA" name="Verify Batch - Device count" description="Verifies the Batch information - Device count, No. of Runs, Success and Failure %." severity="Blocker" >
		<component name="" xpath="operations.batch.table.statustext" action="waitandvalidate" refreshinterval="10" maxwaittime="300" compareWith="completed" xpathInput="$$batchName"/>
		<component name="button" action="click" xpath="operations.batch.table.batchname" xpathInput="$$batchName"  />
		<component name="timer" value="1" />
		
		<component name=""       action="validate" xpath="operations.batch.details.totaldevices" 	 compareWith="1" valdesc="Verify Total Devices" valkey="Total Devices"/>
		<component name=""       action="validate" xpath="operations.batch.details.completeddevices" compareWith="1" valdesc="Verify No of Completed Devices" valkey="No of completed Devices" />
		<component name=""       action="validate" xpath="operations.batch.details.successratio" compareWith="100"   valdesc="Verify success %" valkey="Success %"/>
		<component name=""       action="validate" xpath="operations.batch.details.failureratio" compareWith="0"     valdesc="Verify failure %" valkey="Failure %"/>
	</step>
	
	<step type="JAVA" name="Verify Value in UI" description="Compares the value in UI with the provided value." severity="Blocker" >
		<component name="textbox"  action="entervalue" xpath="advancedsearch.textbox" value="$$DEVICE_ID"/>
		<component name="button"  action="click" xpath="advancedsearch.findbutton" />
		<component name="timer" value="5" />
		
		<component name=""       action="validate" xpath="deviceview.devicepage.deviceview.apname" compareWith="$$parameterValueBackEnd" valdesc="Verify SSID is UI" valkey="SSID"/>
	</step>
	
	<!-- Create Immediate Batch and check the value is pushed by the batch eventhough CSET is not changed for the device because Apply Configuration is true -->
	<step type="JAVA" name="Click Oerations Tab" description="Click Oerations Tab" severity="Blocker">
		<component name="link"   action="click"      xpath="tab.operations" />
	</step>
	<step type="JAVA" name="Click SideMenu" description="Clicks the SideMenu" severity="Blocker" >
		<component name="link"   action="click"      xpath="sidemenu.operations.batchprocessing" />
	</step>
	
	<step type="JAVA" name="Create Batch" linkFile="src/test/jmeter/ph_6.4/regression/batch/CreateImmediateBatch_Workflow.xml" description="Create the Immediate Batch and action as Send Device Configuration Workflow and Apply Configuration as false." severity="Blocker" >
		<parameter name="batchName" value="$$batchNameTrue" />
		<parameter name="applyConfiguration" value="True" />
	</step>
	
	<step type="JAVA" name="Click SideMenu" description="Clicks the SideMenu" severity="Blocker" >
		<component name="link" xpath="sidemenu.operations.batchprocessing" action="click" />
	</step>
	<step type="JAVA" name="Search Batch With Name"  linkFile="src/test/jmeter/ph_6.4/regression/batch/SearchBatchWithName.xml" description="Search Batch With Name" severity="Blocker"> 
	</step>
	<step type="JAVA" name="Verify Batch - Device count" description="Verifies the Batch information - Device count, No. of Runs, Success and Failure %." severity="Blocker" >
		<component name="" xpath="operations.batch.table.statustext" action="waitandvalidate" refreshinterval="10" maxwaittime="300" compareWith="completed" xpathInput="$$batchName"/>
		<component name="button" action="click" xpath="operations.batch.table.batchname" xpathInput="$$batchName"  />
		<component name="timer" value="1" />
		
		<component name=""       action="validate" xpath="operations.batch.details.totaldevices" 	 compareWith="1" valdesc="Verify Total Devices" valkey="Total Devices"/>
		<component name=""       action="validate" xpath="operations.batch.details.completeddevices" compareWith="1" valdesc="Verify No of Completed Devices" valkey="No of completed Devices" />
		<component name=""       action="validate" xpath="operations.batch.details.successratio" compareWith="100"   valdesc="Verify success %" valkey="Success %"/>
		<component name=""       action="validate" xpath="operations.batch.details.failureratio" compareWith="0"     valdesc="Verify failure %" valkey="Failure %"/>
	</step>
	
	<step type="JAVA" name="Verify Value in UI" description="Compares the value in UI with the provided value." severity="Blocker" >
		<component name="textbox"  action="entervalue" xpath="advancedsearch.textbox" value="$$DEVICE_ID"/>
		<component name="button"  action="click" xpath="advancedsearch.findbutton" />
		<component name="timer" value="5" />
		
		<component name=""       action="validate" xpath="deviceview.devicepage.deviceview.apname" compareWith="$$parameterValueCSET" valdesc="Verify SSID is UI" valkey="SSID"/>
	</step>
	
	<!-- Delete Batch -->
	<step type="JAVA" name="Click Tab" description="Clicks the TAB." severity="Blocker" >
		<component name="link"   action="click"      xpath="tab.operations" />
	</step>
	
	<step type="JAVA" name="Click Batch Processing SideMenu" description="click Batch Processing sidemenu" severity="Blocker">
		<component name="link" action="click" xpath="sidemenu.operations.batchprocessing" />
	</step>
	
	<step type="JAVA" name="Delete batch" linkFile="src/test/jmeter/ph_6.4/regression/batch/Cancel_DeleteBatch.xml" description="Batch deletion" severity="Blocker">
		<parameter name="batchName" value="$$batchNameFalse1" />
	</step>
	
	<step type="JAVA" name="Click Batch Processing SideMenu" description="click Batch Processing sidemenu" severity="Blocker">
		<component name="link" action="click" xpath="sidemenu.operations.batchprocessing" />
	</step>
	
	<step type="JAVA" name="Delete batch" linkFile="src/test/jmeter/ph_6.4/regression/batch/Cancel_DeleteBatch.xml" description="Batch deletion" severity="Blocker">
		<parameter name="batchName" value="$$batchNameFalse2" />
	</step>
	
	<step type="JAVA" name="Click Batch Processing SideMenu" description="click Batch Processing sidemenu" severity="Blocker">
		<component name="link" action="click" xpath="sidemenu.operations.batchprocessing" />
	</step>
	
	<step type="JAVA" name="Delete batch" linkFile="src/test/jmeter/ph_6.4/regression/batch/Cancel_DeleteBatch.xml" description="Batch deletion" severity="Blocker">
		<parameter name="batchName" value="$$batchNameFalse3" />
	</step>
	
	<step type="JAVA" name="Click Batch Processing SideMenu" description="click Batch Processing sidemenu" severity="Blocker">
		<component name="link" action="click" xpath="sidemenu.operations.batchprocessing" />
	</step>
	
	<step type="JAVA" name="Delete batch" linkFile="src/test/jmeter/ph_6.4/regression/batch/Cancel_DeleteBatch.xml" description="Batch deletion" severity="Blocker">
		<parameter name="batchName" value="$$batchNameTrue" />
	</step>
	
	<!-- Delete CSET -->
	<step type="JAVA" name="Click Configuration Sets SideMenu" description="click configuration set sidemenu" severity="Blocker">
		<component name="link" action="click" xpath="sidemenu.operations.configurationset" />
	</step>
	
	<step type="JAVA" name="Delete Config Set" linkFile="src/test/jmeter/ph_6.4/regression/configurationsets/DeleteCSET.xml" description="configuration set deletion" severity="Blocker">
	</step>
	
	<!-- Delete Group -->
	<step type="JAVA" name="Click Groups SideMenu" description="Click Groups SideMenu" severity="Blocker">
		<component name="link"   action="click"      xpath="sidemenu.operations.groups" />
	</step>
	
	<step type="JAVA" name="Delete Group" linkFile="src/test/jmeter/ph_6.4/regression/group/DeleteGroup.xml" description="Delete Group" severity="Blocker">
	</step>
</steps>