<steps>
	<step type="START-DS" name="Start DS" description="Performs - Start DS " severity="Blocker">
		<parameter name="DEVICE_ID" value="device-9774-1" />
		<parameter name="ACS_IP" value="props::ACS_IP" />
		<parameter name="DEVICE_DATA_MODEL_NAME" value="props::DEVICE_DATA_MODEL_NAME" />
	</step>
	<step type="JAVA" name="Login" description="Performs - Login" severity="Blocker">
		<component name="textbox"  action="entervalue" xpath="login.username" value="props::PH_LOGIN_USERNAME"/>
		<component name="textbox"  action="entervalue" xpath="login.password" value="props::PH_LOGIN_PASSWORD" />
		<component name="button" action="click" 	 xpath="login.submit"  />
	</step>
	<step type="JAVA" name="Click Tab" description="Performs - Click Tab" severity="Blocker">
		<component name="link"   action="click"      xpath="tab.operations" />
	</step>
	<step type="JAVA" name="Click SideMenu" description="Performs - Click SideMenu" severity="Blocker">
		<component name="link"   action="click"      xpath="sidemenu.operations.groups" />
	</step>
	<step type="JAVA" name="Create Group" linkFile="src/test/jmeter/ph_6.4/regression/group/CreateGroup.xml" description="Performs - Create Group" severity="Blocker">
		<parameter name="groupName" value="group-9774-1" />
		<parameter name="groupDesc" value="group-9774-1 description" />
	</step>
	<step type="JAVA" name="Click SideMenu" description="Performs - Click SideMenu" severity="Blocker">
		<component name="link"   action="click"      xpath="sidemenu.operations.batchprocessing" />
	</step>
	<step type="JAVA" name="Create Batch" linkFile="src/test/jmeter/ph_6.4/regression/batch/CreateImmediateBatch_Workflow.xml" description="Performs - Create Batch" severity="Blocker">		
		<parameter name="batchName" value="batch-9774-1" />
		<parameter name="batchDesc" value="New Batch Description" />
		<parameter name="actionName" value="Unprovision Device" />
		<parameter name="deleteDevice" value="False" />
	</step>
	
	<step type="JAVA" name="Click SideMenu" description="Performs - Click SideMenu" severity="Blocker">
		<component name="link" xpath="sidemenu.operations.batchprocessing" action="click" />
	</step>
	<step type="JAVA" name="Search Batch With Name"  linkFile="src/test/jmeter/ph_6.4/regression/batch/SearchBatchWithName.xml" description="Performs - Search Batch With Name" severity="Blocker">
	</step>
	<step type="JAVA" name="Verify Batch - Device Count" description="Performs - Verify Batch - Device Count" severity="Blocker">
		<component name=""       action="waitandvalidate" xpath="operations.batch.table.statustext" xpathInput="$$batchName" compareWith="running" maxwaittime="300" refreshinterval="10"/>
		<component name="button" action="click" xpath="operations.batch.table.batchname" xpathInput="$$batchName"  />
		<component name="timer" value="2" />
		
		<component name=""       action="validate" xpath="operations.batch.details.totaldevices" 	 compareWith="1" valdesc="Verify Total Devices" valkey="Total Devices"/>
		<component name=""       action="validate" xpath="operations.batch.details.completeddevices" compareWith="1" valdesc="Verify No of Runs" valkey="No of Run" />
		<component name=""       action="validate" xpath="operations.batch.details.successratio" compareWith="100" 	 valdesc="Verify success %" valkey="Success %"/>
		<component name=""       action="validate" xpath="operations.batch.details.failureratio" compareWith="0"   valdesc="Verify failure %" valkey="Failure %"/>		
	</step>
	
	<step type="JAVA" name="Verify the device in DB" description="verifies that the device is present in the DB in Device table" severity="Blocker">
		<component name="db"   action="extract" query="JMETERREP::select count(*) from device where serial='$$DEVICE_ID$$'" saveTo="valueList"/>
		<component name="db"   action="validatevalues" value="JMETEROBJ::valueList" row="1" column="1" compareWith="1"  valkey="Count" valdesc="Check device"/>		
	</step>
	
	<step type="JAVA" name="Verify the device in DB" description="verifies that the device is present in the DB in PROVISIONING_IDENTITY table" severity="Blocker">
		<component name="db"   action="extract" query="JMETERREP::select count(*) from PROVISIONING_IDENTITY where PARAMETER_VALUE='$$DEVICE_ID$$'" saveTo="valueList"/>
		<component name="db"   action="validatevalues" value="JMETEROBJ::valueList" row="1" column="1" compareWith="0"  valkey="Count" valdesc="Check device"/>		
	</step>
	
	<step type="JAVA" name="Verify the device in DB" description="verifies that the device is present in the DB in PROVISIONING_RECORD table" severity="Blocker">
		<component name="db"   action="extract" query="JMETERREP::select count(*) from PROVISIONING_RECORD where DEVICE_ID in (select ID from device where serial ='$$DEVICE_ID$$')" saveTo="valueList"/>
		<component name="db"   action="validatevalues" value="JMETEROBJ::valueList" row="1" column="1" compareWith="0"  valkey="Count" valdesc="Check device"/>		
	</step>
	
	<step type="JAVA" name="Click Batch Processing SideMenu" description="click Batch Processing sidemenu" severity="Blocker">
		<component name="link" action="click" xpath="sidemenu.operations.batchprocessing" />
	</step>
	
	<step type="JAVA" name="Delete batch" linkFile="src/test/jmeter/ph_6.4/regression/batch/Cancel_DeleteBatch.xml" description="Batch deletion" severity="Blocker">
	</step>
	
	<step type="JAVA" name="Click Groups SideMenu" description="Click Groups SideMenu" severity="Blocker">
		<component name="link"   action="click"      xpath="sidemenu.operations.groups" />
	</step>
	
	<step type="JAVA" name="Delete Group" linkFile="src/test/jmeter/ph_6.4/regression/group/DeleteGroup.xml" description="Delete Group" severity="Blocker">
	</step>
</steps>

