<steps>
	<step type="START-DS" name="Start DS" description="Starts the Device Simulator with the device serial number and sends the Bootstrap event." severity="Blocker" >
		<parameter name="DEVICE_ID" value="device-9762" />
		<parameter name="ACS_IP" value="props::ACS_IP" />
		<parameter name="DEVICE_DATA_MODEL_NAME" value="props::DEVICE_DATA_MODEL_NAME" />
		
		<parameter name="tagNameNormal" value="tag-9762-normal" />
		<parameter name="tagNameHidden" value="tag-9762-hidden" />
		<parameter name="tagNameMrktArea" value="tag-9762-mrktarea" />
		
		
		<parameter name="batchNameAddNormalTag" value="batch-9762-add-normal" />
		<parameter name="batchNameAddHiddenTag" value="batch-9762-add-hidden" />
		<parameter name="batchNameAddMrktAreaTag" value="batch-9762-add-mrktarea" />
		<parameter name="batchNameRemoveAllTags" value="batch-9762-remove-all" />
		<parameter name="batchNameAddAllTags" value="batch-9762-add-all" />
		
		<parameter name="actionName" value="Attach / Remove Tags" />
		
	</step>
	<step type="JAVA" name="Login" description="Login to PH using the provided credentials." severity="Blocker" >
		<component name="textbox"  action="entervalue" xpath="login.username" value="props::PH_LOGIN_USERNAME"/>
		<component name="textbox"  action="entervalue" xpath="login.password" value="props::PH_LOGIN_PASSWORD" />
		<component name="button" action="click" 	 xpath="login.submit"  />
	</step>
	
	<!-- Create Group for Batch -->
	<step type="JAVA" name="Click Tab" description="Clicks the TAB." severity="Blocker" >
		<component name="link"   action="click"      xpath="tab.operations" />
	</step>
	<step type="JAVA" name="Click SideMenu" description="Clicks the SideMenu" severity="Blocker" >
		<component name="link"   action="click"      xpath="sidemenu.operations.groups" />
	</step>
	<step type="JAVA" name="Create Group" linkFile="src/test/jmeter/ph_6.4/regression/group/CreateGroup.xml" description="Creates the Group with the provided details." severity="Blocker" >
		<parameter name="groupName" value="group-9762" />
		<parameter name="groupDesc" value="group-9762 description" />
	</step>
	
	<!-- Create Tags -->
	<step type="JAVA" name="Click SideMenu" description="Clicks the SideMenu" severity="Blocker" >
		<component name="link"   action="click"      xpath="sidemenu.operations.tags" />
	</step>
	
	<!-- Normal tag -->
	<step type="JAVA" name="Create Normal Tag" description="Creates normal Tag" linkFile="src/test/jmeter/ph_6.4/regression/tags/CreateTag.xml" severity="Blocker">
		<parameter name="TagName" value="$$tagNameNormal" />
		<parameter name="Category" value="Default" />
		<parameter name="Visibility" value="visible" />
		<parameter name="Color" value="false" />
		<parameter name="Notification" value="pass" />
	</step>
	
	<!-- Hidden tag -->
	<step type="JAVA" name="Create Hidden Tag" description="Creates hidden Tag" linkFile="src/test/jmeter/ph_6.4/regression/tags/CreateTag.xml" severity="Blocker">
		<parameter name="TagName" value="$$tagNameHidden" />
		<parameter name="Category" value="Default" />
		<parameter name="Visibility" value="hidden" />
		<parameter name="Color" value="false" />
		<parameter name="Notification" value="pass" />
	</step>
	
	<!-- Market Area tag -->
	<step type="JAVA" name="Create Market Area Tag" description="Creates Market Area Tag" linkFile="src/test/jmeter/ph_6.4/regression/tags/CreateTag.xml" severity="Blocker">
		<parameter name="TagName" value="$$tagNameMrktArea" />
		<parameter name="Category" value="Market Area" />
		<parameter name="Visibility" value="visible" />
		<parameter name="Color" value="false" />
		<parameter name="Notification" value="pass" />
	</step>
	
	<!-- ================= Immediate Batch ========================= -->
	<step type="JAVA" name="Click SideMenu" description="Clicks the SideMenu" severity="Blocker" >
		<component name="link"   action="click"      xpath="sidemenu.operations.batchprocessing" />
	</step>
	
	<!-- For adding normal tag -->
	<step type="JAVA" name="Create Batch" linkFile="src/test/jmeter/ph_6.4/regression/batch/CreateImmediateBatch_Workflow.xml" description="Performs - Create Batch to Block device." severity="Blocker">		
		<parameter name="batchName" value="$$batchNameAddNormalTag" />
		<parameter name="batchDesc" value="New Batch Description" />
		<parameter name="tagOperation_1" value="Add" />
		<parameter name="tagName_1" value="$$tagNameNormal" />
	</step>
	
	<!-- Validate the Add Tag - Immediate Batch executes -->
	<step type="JAVA" name="Click SideMenu" description="Clicks the SideMenu" severity="Blocker" >
		<component name="link" xpath="sidemenu.operations.batchprocessing" action="click" />
	</step>
	<step type="JAVA" name="Search Batch With Name"  linkFile="src/test/jmeter/ph_6.4/regression/batch/SearchBatchWithName.xml" description="Search Batch With Name" severity="Blocker">
		<parameter name="batchName" value="$$batchNameAddNormalTag" />
	</step>
	<step type="JAVA" name="Verify Batch - Device count" description="Verifies the Batch information - Device count, No. of Runs, Success and Failure %." severity="Blocker" >
		<component name="" xpath="operations.batch.table.statustext" action="waitandvalidate" refreshinterval="10" maxwaittime="300" compareWith="completed" xpathInput="$$batchNameAddNormalTag"/>
		<component name="button" action="click" xpath="operations.batch.table.batchname" xpathInput="$$batchNameAddNormalTag"  />
		<component name="timer" value="1" />
		
		<component name=""       action="validate" xpath="operations.batch.details.totaldevices" 	 compareWith="1" valdesc="Verify Total Devices" valkey="Total Devices"/>
		<component name=""       action="validate" xpath="operations.batch.details.completeddevices" compareWith="1" valdesc="Verify No of Runs" valkey="No of Run" />
		<component name=""       action="validate" xpath="operations.batch.details.successratio" compareWith="100" 	 valdesc="Verify success %" valkey="Success %"/>
		<component name=""       action="validate" xpath="operations.batch.details.failureratio" compareWith="0"   valdesc="Verify failure %" valkey="Failure %"/>
	</step>
	
	<!-- Check the number of devices in the tag in Device Management portlet, Search-->
	<step type="JAVA" name="Navigates to DeviceManagement side menu" description="Navigates to DeviceManagement side menu" severity="Blocker">
		<component name="link"   action="click"      xpath="sidemenu.operations.devicemanagement" />
	</step>
	
	<step type="JAVA" name="Get the number of devices in the tag" description="Enter Query and clicks find in search and gets the number of devices in the tag" severity="Major">
		<component name="textbox"  action="entervalue" xpath="operations.devicemanagement.query" value="JMETERREP::Tag = $$tagNameNormal$$"/>
		<component name="button" action="click" xpath="operations.devicemanagement.query.find"  />
		<component name="timer" value="3" />
		
		<component name="" action="validate" xpath="operations.devicemanagement.devicecount" compareWith="1" valkey="Device count" valdesc="Number of devices in the tag"/>
	</step>
	
	<!-- For adding hidden tag -->
	<step type="JAVA" name="Click SideMenu" description="Clicks the SideMenu" severity="Blocker" >
		<component name="link" xpath="sidemenu.operations.batchprocessing" action="click" />
	</step>
	
	<step type="JAVA" name="Create Batch" linkFile="src/test/jmeter/ph_6.4/regression/batch/CreateImmediateBatch_Workflow.xml" description="Performs - Create Batch to Block device." severity="Blocker">		
		<parameter name="batchName" value="$$batchNameAddHiddenTag" />
		<parameter name="batchDesc" value="New Batch Description" />
		<parameter name="tagOperation_1" value="Add" />
		<parameter name="tagName_1" value="$$tagNameHidden" />
	</step>
	
	<!-- Validate the Add Tag - Immediate Batch executes -->
	<step type="JAVA" name="Click SideMenu" description="Clicks the SideMenu" severity="Blocker" >
		<component name="link" xpath="sidemenu.operations.batchprocessing" action="click" />
	</step>
	<step type="JAVA" name="Search Batch With Name"  linkFile="src/test/jmeter/ph_6.4/regression/batch/SearchBatchWithName.xml" description="Search Batch With Name" severity="Blocker">
		<parameter name="batchName" value="$$batchNameAddHiddenTag" />
	</step>
	<step type="JAVA" name="Verify Batch - Device count" description="Verifies the Batch information - Device count, No. of Runs, Success and Failure %." severity="Blocker" >
		<component name="" xpath="operations.batch.table.statustext" action="waitandvalidate" refreshinterval="10" maxwaittime="300" compareWith="completed" xpathInput="$$batchNameAddHiddenTag"/>
		<component name="button" action="click" xpath="operations.batch.table.batchname" xpathInput="$$batchNameAddHiddenTag"  />
		<component name="timer" value="1" />
		
		<component name=""       action="validate" xpath="operations.batch.details.totaldevices" 	 compareWith="1" valdesc="Verify Total Devices" valkey="Total Devices"/>
		<component name=""       action="validate" xpath="operations.batch.details.completeddevices" compareWith="1" valdesc="Verify No of Runs" valkey="No of Run" />
		<component name=""       action="validate" xpath="operations.batch.details.successratio" compareWith="100" 	 valdesc="Verify success %" valkey="Success %"/>
		<component name=""       action="validate" xpath="operations.batch.details.failureratio" compareWith="0"   valdesc="Verify failure %" valkey="Failure %"/>
	</step>
	
	<!-- Check the number of devices in the tag in Device Management portlet, Search-->
	<step type="JAVA" name="Navigates to DeviceManagement side menu" description="Navigates to DeviceManagement side menu" severity="Blocker">
		<component name="link"   action="click"      xpath="sidemenu.operations.devicemanagement" />
	</step>
	
	<step type="JAVA" name="Get the number of devices in the tag" description="Enter Query and clicks find in search and gets the number of devices in the tag" severity="Major">
		<component name="textbox"  action="entervalue" xpath="operations.devicemanagement.query" value="JMETERREP::Tag = $$tagNameHidden$$"/>
		<component name="button" action="click" xpath="operations.devicemanagement.query.find"  />
		<component name="timer" value="3" />
		
		<component name="" action="validate" xpath="operations.devicemanagement.devicecount" compareWith="1" valkey="Device count" valdesc="Number of devices in the tag"/>
	</step>
	
	<!-- For adding Market Area tag -->
	<step type="JAVA" name="Click SideMenu" description="Clicks the SideMenu" severity="Blocker" >
		<component name="link"   action="click"      xpath="sidemenu.operations.batchprocessing" />
	</step>
	
	<step type="JAVA" name="Create Batch" linkFile="src/test/jmeter/ph_6.4/regression/batch/CreateImmediateBatch_Workflow.xml" description="Performs - Create Batch to Block device." severity="Blocker">		
		<parameter name="batchName" value="$$batchNameAddMrktAreaTag" />
		<parameter name="batchDesc" value="New Batch Description" />
		<parameter name="tagOperation_1" value="Add" />
		<parameter name="tagName_1" value="$$tagNameMrktArea" />
	</step>
	
	<!-- Validate the Add Tag - Immediate Batch executes -->
	<step type="JAVA" name="Click SideMenu" description="Clicks the SideMenu" severity="Blocker" >
		<component name="link" xpath="sidemenu.operations.batchprocessing" action="click" />
	</step>
	<step type="JAVA" name="Search Batch With Name"  linkFile="src/test/jmeter/ph_6.4/regression/batch/SearchBatchWithName.xml" description="Search Batch With Name" severity="Blocker">
		<parameter name="batchName" value="$$batchNameAddMrktAreaTag" />
	</step>
	<step type="JAVA" name="Verify Batch - Device count" description="Verifies the Batch information - Device count, No. of Runs, Success and Failure %." severity="Blocker" >
		<component name="" xpath="operations.batch.table.statustext" action="waitandvalidate" refreshinterval="10" maxwaittime="300" compareWith="completed" xpathInput="$$batchNameAddMrktAreaTag"/>
		<component name="button" action="click" xpath="operations.batch.table.batchname" xpathInput="$$batchNameAddMrktAreaTag"  />
		<component name="timer" value="1" />
		
		<component name=""       action="validate" xpath="operations.batch.details.totaldevices" 	 compareWith="1" valdesc="Verify Total Devices" valkey="Total Devices"/>
		<component name=""       action="validate" xpath="operations.batch.details.completeddevices" compareWith="1" valdesc="Verify No of Runs" valkey="No of Run" />
		<component name=""       action="validate" xpath="operations.batch.details.successratio" compareWith="100" 	 valdesc="Verify success %" valkey="Success %"/>
		<component name=""       action="validate" xpath="operations.batch.details.failureratio" compareWith="0"   valdesc="Verify failure %" valkey="Failure %"/>
	</step>
	
	<!-- Check the number of devices in the tag in Device Management portlet, Search-->
	<step type="JAVA" name="Navigates to DeviceManagement side menu" description="Navigates to DeviceManagement side menu" severity="Blocker">
		<component name="link"   action="click"      xpath="sidemenu.operations.devicemanagement" />
	</step>
	
	<step type="JAVA" name="Get the number of devices in the tag" description="Enter Query and clicks find in search and gets the number of devices in the tag" severity="Major">
		<component name="textbox"  action="entervalue" xpath="operations.devicemanagement.query" value="JMETERREP::Tag = $$tagNameMrktArea$$"/>
		<component name="button" action="click" xpath="operations.devicemanagement.query.find"  />
		<component name="timer" value="3" />
		
		<component name="" action="validate" xpath="operations.devicemanagement.devicecount" compareWith="1" valkey="Device count" valdesc="Number of devices in the tag"/>
	</step>
	
	
	<!-- For Removing All Tags -->
	<step type="JAVA" name="Click SideMenu" description="Clicks the SideMenu" severity="Blocker" >
		<component name="link"   action="click"      xpath="sidemenu.operations.batchprocessing" />
	</step>
	
	<step type="JAVA" name="Create Batch" linkFile="src/test/jmeter/ph_6.4/regression/batch/CreateImmediateBatch_Workflow_3.xml" description="Performs - Create Batch to Block device." severity="Blocker">		
		<parameter name="batchName" value="$$batchNameRemoveAllTags" />
		<parameter name="batchDesc" value="New Batch Description" />
		<parameter name="tagOperation_1" value="Remove" />
		<parameter name="tagName_1" value="$$tagNameNormal" />
		<parameter name="tagOperation_2" value="Remove" />
		<parameter name="tagName_2" value="$$tagNameHidden" />
		<parameter name="tagOperation_3" value="Remove" />
		<parameter name="tagName_3" value="$$tagNameMrktArea" />
	</step>
	
	<!-- Validate the Add Tag - Immediate Batch executes -->
	<step type="JAVA" name="Click SideMenu" description="Clicks the SideMenu" severity="Blocker" >
		<component name="link" xpath="sidemenu.operations.batchprocessing" action="click" />
	</step>
	<step type="JAVA" name="Search Batch With Name"  linkFile="src/test/jmeter/ph_6.4/regression/batch/SearchBatchWithName.xml" description="Search Batch With Name" severity="Blocker">
		<parameter name="batchName" value="$$batchNameRemoveAllTags" />
	</step>
	<step type="JAVA" name="Verify Batch - Device count" description="Verifies the Batch information - Device count, No. of Runs, Success and Failure %." severity="Blocker" >
		<!-- <component name="" xpath="operations.batch.table.statustext" action="waitandvalidate" refreshinterval="10" maxwaittime="300" compareWith="completed" xpathInput="$$batchNameRemoveAllTags"/> -->
		<component name="button" action="click" xpath="operations.batch.table.batchname" xpathInput="$$batchNameRemoveAllTags"  />
		<component name="timer" value="1" />
		
		<component name=""       action="validate" xpath="operations.batch.details.totaldevices" 	 compareWith="1" valdesc="Verify Total Devices" valkey="Total Devices"/>
		<component name=""       action="validate" xpath="operations.batch.details.completeddevices" compareWith="1" valdesc="Verify No of Runs" valkey="No of Run" />
		<component name=""       action="validate" xpath="operations.batch.details.successratio" compareWith="100" 	 valdesc="Verify success %" valkey="Success %"/>
		<component name=""       action="validate" xpath="operations.batch.details.failureratio" compareWith="0"   valdesc="Verify failure %" valkey="Failure %"/>
	</step>
	
	<!-- Check the number of devices in the tag in Device Management portlet, Search-->
	<step type="JAVA" name="Navigates to DeviceManagement side menu" description="Navigates to DeviceManagement side menu" severity="Blocker">
		<component name="link"   action="click"      xpath="sidemenu.operations.devicemanagement" />
	</step>
	
	<step type="JAVA" name="Get the number of devices in the tag" description="Enter Query and clicks find in search and gets the number of devices in the tag" severity="Major">
		<component name="textbox"  action="entervalue" xpath="operations.devicemanagement.query" value="JMETERREP::Tag IN ($$tagNameNormal$$, $$tagNameHidden$$, $$tagNameMrktArea$$)"/>
		<component name="button" action="click" xpath="operations.devicemanagement.query.find"  />
		<component name="timer" value="3" />
		
		<component name="" action="validate" xpath="operations.devicemanagement.devicecount" compareWith="0" valkey="Device count" valdesc="Number of devices in the tag"/>
	</step>
	
	
	<!-- For Adding All Tags -->
	<step type="JAVA" name="Click SideMenu" description="Clicks the SideMenu" severity="Blocker" >
		<component name="link"   action="click"      xpath="sidemenu.operations.batchprocessing" />
	</step>
	
	<step type="JAVA" name="Create Batch" linkFile="src/test/jmeter/ph_6.4/regression/batch/CreateImmediateBatch_Workflow_3.xml" description="Performs - Create Batch to Block device." severity="Blocker">		
		<parameter name="batchName" value="$$batchNameAddAllTags" />
		<parameter name="batchDesc" value="New Batch Description" />
		<parameter name="tagOperation_1" value="Add" />
		<parameter name="tagName_1" value="$$tagNameNormal" />
		<parameter name="tagOperation_2" value="Add" />
		<parameter name="tagName_2" value="$$tagNameHidden" />
		<parameter name="tagOperation_3" value="Add" />
		<parameter name="tagName_3" value="$$tagNameMrktArea" />
	</step>
	
	<!-- Validate the Add Tag - Immediate Batch executes -->
	<step type="JAVA" name="Click SideMenu" description="Clicks the SideMenu" severity="Blocker" >
		<component name="link" xpath="sidemenu.operations.batchprocessing" action="click" />
	</step>
	<step type="JAVA" name="Search Batch With Name"  linkFile="src/test/jmeter/ph_6.4/regression/batch/SearchBatchWithName.xml" description="Search Batch With Name" severity="Blocker">
		<parameter name="batchName" value="$$batchNameAddAllTags" />
	</step>
	<step type="JAVA" name="Verify Batch - Device count" description="Verifies the Batch information - Device count, No. of Runs, Success and Failure %." severity="Blocker" >
		<component name="" xpath="operations.batch.table.statustext" action="waitandvalidate" refreshinterval="10" maxwaittime="300" compareWith="completed" xpathInput="$$batchNameAddAllTags"/>
		<component name="button" action="click" xpath="operations.batch.table.batchname" xpathInput="$$batchNameAddAllTags"  />
		<component name="timer" value="1" />
		
		<component name=""       action="validate" xpath="operations.batch.details.totaldevices" 	 compareWith="1" valdesc="Verify Total Devices" valkey="Total Devices"/>
		<component name=""       action="validate" xpath="operations.batch.details.completeddevices" compareWith="1" valdesc="Verify No of Runs" valkey="No of Run" />
		<component name=""       action="validate" xpath="operations.batch.details.successratio" compareWith="100" 	 valdesc="Verify success %" valkey="Success %"/>
		<component name=""       action="validate" xpath="operations.batch.details.failureratio" compareWith="0"   valdesc="Verify failure %" valkey="Failure %"/>
	</step>
		
	<!-- Check the number of devices in the tag in Device Management portlet, Search-->
	<step type="JAVA" name="Navigates to DeviceManagement side menu" description="Navigates to DeviceManagement side menu" severity="Blocker">
		<component name="link"   action="click"      xpath="sidemenu.operations.devicemanagement" />
	</step>
	
	<step type="JAVA" name="Get the number of devices in the tag" description="Enter Query and clicks find in search and gets the number of devices in the tag" severity="Major">
		<component name="textbox"  action="entervalue" xpath="operations.devicemanagement.query" value="JMETERREP::(Tag = $$tagNameNormal$$ AND Tag = $$tagNameHidden$$ AND Tag = $$tagNameMrktArea$$)"/>
		<component name="button" action="click" xpath="operations.devicemanagement.query.find"  />
		<component name="timer" value="3" />
		
		<component name="" action="validate" xpath="operations.devicemanagement.devicecount" compareWith="1" valkey="Device count" valdesc="Number of devices in the tag"/>
	</step>
	
	
	<!-- Delete Batch -->
	<step type="JAVA" name="Click Tab" description="Clicks the TAB." severity="Blocker" >
		<component name="link"   action="click"      xpath="tab.operations" />
	</step>
	
	<step type="JAVA" name="Click Batch Processing SideMenu" description="click Batch Processing sidemenu" severity="Blocker">
		<component name="link" action="click" xpath="sidemenu.operations.batchprocessing" />
	</step>
	
	<step type="JAVA" name="Delete batch" linkFile="src/test/jmeter/ph_6.4/regression/batch/Cancel_DeleteBatch.xml" description="Batch deletion" severity="Blocker">
		<parameter name="batchName" value="$$batchNameAddNormalTag" />
	</step>
	
	<step type="JAVA" name="Click Batch Processing SideMenu" description="click Batch Processing sidemenu" severity="Blocker">
		<component name="link" action="click" xpath="sidemenu.operations.batchprocessing" />
	</step>
	
	<step type="JAVA" name="Delete batch" linkFile="src/test/jmeter/ph_6.4/regression/batch/Cancel_DeleteBatch.xml" description="Batch deletion" severity="Blocker">
		<parameter name="batchName" value="$$batchNameAddHiddenTag" />
	</step>
	
	<step type="JAVA" name="Click Batch Processing SideMenu" description="click Batch Processing sidemenu" severity="Blocker">
		<component name="link" action="click" xpath="sidemenu.operations.batchprocessing" />
	</step>
	
	<step type="JAVA" name="Delete batch" linkFile="src/test/jmeter/ph_6.4/regression/batch/Cancel_DeleteBatch.xml" description="Batch deletion" severity="Blocker">
		<parameter name="batchName" value="$$batchNameAddMrktAreaTag" />
	</step>
	
	<step type="JAVA" name="Click Batch Processing SideMenu" description="click Batch Processing sidemenu" severity="Blocker">
		<component name="link" action="click" xpath="sidemenu.operations.batchprocessing" />
	</step>
	
	<step type="JAVA" name="Delete batch" linkFile="src/test/jmeter/ph_6.4/regression/batch/Cancel_DeleteBatch.xml" description="Batch deletion" severity="Blocker">
		<parameter name="batchName" value="$$batchNameRemoveAllTags" />
	</step>
	
	<step type="JAVA" name="Click Batch Processing SideMenu" description="click Batch Processing sidemenu" severity="Blocker">
		<component name="link" action="click" xpath="sidemenu.operations.batchprocessing" />
	</step>
	
	<step type="JAVA" name="Delete batch" linkFile="src/test/jmeter/ph_6.4/regression/batch/Cancel_DeleteBatch.xml" description="Batch deletion" severity="Blocker">
		<parameter name="batchName" value="$$batchNameAddAllTags" />
	</step>
	
	<!-- Delete Group -->
	<step type="JAVA" name="Click Groups SideMenu" description="Click Groups SideMenu" severity="Blocker">
		<component name="link"   action="click"      xpath="sidemenu.operations.groups" />
	</step>
	
	<step type="JAVA" name="Delete Group" linkFile="src/test/jmeter/ph_6.4/regression/group/DeleteGroup.xml" description="Delete Group" severity="Blocker">
	</step>
	
	<!-- Delete Tags -->
	<step type="JAVA" name="Click Groups SideMenu" description="Click Groups SideMenu" severity="Blocker">
		<component name="link"   action="click"      xpath="sidemenu.operations.tags" />
	</step>
	
	<step type="JAVA" name="Delete Tags - Associate to CPE" linkFile="src/test/jmeter/ph_6.4/regression/tags/DeleteTag.xml" description="Delete Operations Tag." severity="Blocker">
		<parameter name="TagName" value="$$tagNameNormal" /> 	
		<parameter name="DeviceAssoc" value="true" /> 		
		<parameter name="Notification" value="pass" />		
	</step>
	
	<step type="JAVA" name="Click Groups SideMenu" description="Click Groups SideMenu" severity="Blocker">
		<component name="link"   action="click"      xpath="sidemenu.operations.tags" />
	</step>
	
	<step type="JAVA" name="Delete Tags - Associate to CPE" linkFile="src/test/jmeter/ph_6.4/regression/tags/DeleteTag.xml" description="Delete Operations Tag." severity="Blocker">
		<parameter name="TagName" value="$$tagNameHidden" /> 	
		<parameter name="DeviceAssoc" value="true" /> 		
		<parameter name="Notification" value="pass" />		
	</step>
	
	<step type="JAVA" name="Click Groups SideMenu" description="Click Groups SideMenu" severity="Blocker">
		<component name="link"   action="click"      xpath="sidemenu.operations.tags" />
	</step>
	
	<step type="JAVA" name="Delete Tags - Associate to CPE" linkFile="src/test/jmeter/ph_6.4/regression/tags/DeleteTag.xml" description="Delete Operations Tag." severity="Blocker">
		<parameter name="TagName" value="$$tagNameMrktArea" /> 	
		<parameter name="DeviceAssoc" value="true" /> 		
		<parameter name="Notification" value="pass" />		
	</step>
</steps>