<steps>
	<step type="START-DS" name="Start DS" description="Starts the Device Simulator with the device serial number and sends the Bootstrap event." severity="Blocker" >
		<parameter name="DEVICE_ID" value="device-9772-1" />
		<parameter name="ACS_IP" value="props::ACS_IP" />
		<parameter name="DEVICE_DATA_MODEL_NAME" value="props::DEVICE_DATA_MODEL_NAME" />
	</step>
	<step type="JAVA" name="Login" description="Login to PH using the provided credentials." severity="Blocker" >
		<component name="textbox"  action="entervalue" xpath="login.username" value="props::PH_LOGIN_USERNAME"/>
		<component name="textbox"  action="entervalue" xpath="login.password" value="props::PH_LOGIN_PASSWORD" />
		<component name="button" action="click" 	 xpath="login.submit"  />
	</step>
	<step type="JAVA" name="Click Tab" description="Clicks the TAB." severity="Blocker" >
		<component name="link"   action="click"      xpath="tab.operations" />
	</step>
	<step type="JAVA" name="Click SideMenu" description="Clicks the SideMenu" severity="Blocker" >
		<component name="link"   action="click"      xpath="sidemenu.operations.groups" />
	</step>
	<step type="JAVA" name="Create Group" linkFile="src/test/jmeter/ph_6.4/regression/group/CreateGroup.xml" description="Creates the Group with the provided details." severity="Blocker" >
		<parameter name="groupName" value="group-9772-1" />
		<parameter name="groupDesc" value="group-9772-1 description" />
	</step>
	<step type="JAVA" name="Click SideMenu" description="Clicks the SideMenu" severity="Blocker" >
		<component name="link"   action="click"      xpath="sidemenu.operations.batchprocessing" />
	</step>
	<step type="JAVA" name="Create Batch" linkFile="src/test/jmeter/ph_6.4/regression/batch/CreateImmediateBatch_Workflow.xml" description="Create the Immediate Batch and action as Set Notification  for TR069 Parameter ." severity="Blocker" >
		<parameter name="batchName" value="batch-9772-1-tr069" />
		<parameter name="batchDesc" value="Batch Description" />
		<parameter name="actionName" value="Set notification" />
		<parameter name="parameterName_1" value="InternetGatewayDevice.ManagementServer.Username" />
		<parameter name="notification_1" value="Active" />
	</step>
	
	<step type="JAVA" name="Click SideMenu" description="Clicks the SideMenu" severity="Blocker" >
		<component name="link" xpath="sidemenu.operations.batchprocessing" action="click" />
	</step>
	<step type="JAVA" name="Search Batch With Name"  linkFile="src/test/jmeter/ph_6.4/regression/batch/SearchBatchWithName.xml" description="Search Batch With Name" severity="Blocker"> 
	</step>
	<step type="JAVA" name="Verify Batch - Device count" description="Verifies the Batch information - Device count, No. of Runs, Success and Failure %." severity="Blocker" >
		<component name="button" action="click" xpath="operations.batch.table.batchname" xpathInput="$$batchName"  />
		<component name="timer" value="1" />
		
		<component name=""       action="validate" xpath="operations.batch.details.totaldevices" 	 compareWith="1" valdesc="Verify Total Devices" valkey="Total Devices"/>
		<component name=""       action="validate" xpath="operations.batch.details.completeddevices" compareWith="1" valdesc="Verify No of Runs" valkey="No of Run" />
		<component name=""       action="validate" xpath="operations.batch.details.successratio" compareWith="100"   valdesc="Verify success %" valkey="Success %"/>
		<component name=""       action="validate" xpath="operations.batch.details.failureratio" compareWith="0"     valdesc="Verify failure %" valkey="Failure %"/>
	</step>
	
	<step type="JAVA" name="Verify Value in UI" description="Compares the value in UI with the provided value." severity="Blocker" >
		<component name="textbox"  action="entervalue" xpath="advancedsearch.textbox" value="$$DEVICE_ID"/>
		<component name="button"  action="click" xpath="advancedsearch.findbutton" />
		<component name="timer" value="5" />
		
		<component name="link" xpath="sidemenu.deviceview.parameters" action="click" />
		
		<component name="textbox"  action="entervalue" xpath="deviceview.devicepage.parameters.search.text" value="$$parameterName_1"/>
		<component name="timer" value="2" />
		<component name="link" xpath="deviceview.devicepage.parameters.search.text.select" xpathInput="$$parameterName_1" action="click" />
		<component name="timer" value="2" />
		
		<component name=""   action="save" xpath="deviceview.devicepage.parameters.notification" attrName="value" saveTo="notificationAfter" />
		<component name=""   action="save" xpath="deviceview.devicepage.parameters.name" attrName="value" saveTo="parameterNameFromUI" />
		
		<component name=""   action="validatevalues" value="$$parameterNameFromUI" compareWith="$$parameterName_1"  valkey="Name" valdesc="Validates that script traversed to correct parameter in the Parameters tab."/>
		<component name=""   action="validatevalues" value="$$notificationAfter" compareWith="$$notification_1"  valkey="Notification" valdesc="Validates the Notifcation in the Parameters tab."/>
	</step>
	
	<!-- Alias Batch -->
	<step type="JAVA" name="Click Tab" description="Clicks the TAB." severity="Blocker" >
		<component name="link"   action="click"      xpath="tab.operations" />
	</step>
	<step type="JAVA" name="Click SideMenu" description="Clicks the SideMenu" severity="Blocker" >
		<component name="link"   action="click"      xpath="sidemenu.operations.batchprocessing" />
	</step>
	<step type="JAVA" name="Create Batch" linkFile="src/test/jmeter/ph_6.4/regression/batch/CreateImmediateBatch_Workflow.xml" description="Create the Immediate Batch and action as Set Notification for Parameter Alias." severity="Blocker" >
		<parameter name="batchName" value="batch-9772-1-alias" />
		<parameter name="batchDesc" value="Batch Description" />
		<parameter name="actionName" value="Set notification" />
		<parameter name="parameterName_1" value="DeviceInfoManufacturerOUI" />
		<parameter name="parameterTR_1" value="InternetGatewayDevice.DeviceInfo.ManufacturerOUI" />
		<parameter name="notification_1" value="Active" />
	</step>
	
	<step type="JAVA" name="Click SideMenu" description="Clicks the SideMenu" severity="Blocker" >
		<component name="link" xpath="sidemenu.operations.batchprocessing" action="click" />
	</step>
	<step type="JAVA" name="Search Batch With Name"  linkFile="src/test/jmeter/ph_6.4/regression/batch/SearchBatchWithName.xml" description="Search Batch With Name" severity="Blocker"> 
	</step>
	<step type="JAVA" name="Verify Batch - Device count" description="Verifies the Batch information - Device count, No. of Runs, Success and Failure %." severity="Blocker" >
		<component name="button" action="click" xpath="operations.batch.table.batchname" xpathInput="$$batchName"  />
		<component name="timer" value="1" />
		
		<component name=""       action="validate" xpath="operations.batch.details.totaldevices" 	 compareWith="1" valdesc="Verify Total Devices" valkey="Total Devices"/>
		<component name=""       action="validate" xpath="operations.batch.details.completeddevices" compareWith="1" valdesc="Verify No of Runs" valkey="No of Run" />
		<component name=""       action="validate" xpath="operations.batch.details.successratio" compareWith="100"   valdesc="Verify success %" valkey="Success %"/>
		<component name=""       action="validate" xpath="operations.batch.details.failureratio" compareWith="0"     valdesc="Verify failure %" valkey="Failure %"/>
	</step>
	
	<step type="JAVA" name="Verify Value in UI" description="Compares the value in UI with the provided value." severity="Blocker" >
		<component name="textbox"  action="entervalue" xpath="advancedsearch.textbox" value="$$DEVICE_ID"/>
		<component name="button"  action="click" xpath="advancedsearch.findbutton" />
		<component name="timer" value="5" />
		
		<component name="link" xpath="sidemenu.deviceview.parameters" action="click" />
		<component name="timer" value="3" />
		<component name="textbox"  action="entervalue" xpath="deviceview.devicepage.parameters.search.text" value="$$parameterTR_1"/>
		<component name="timer" value="2" />
		<component name="link" xpath="deviceview.devicepage.parameters.search.text.select" xpathInput="$$parameterTR_1" action="click" />
		<component name="timer" value="2" />
		
		<component name=""   action="save" xpath="deviceview.devicepage.parameters.notification" attrName="value" saveTo="notificationAfter" />
		<component name=""   action="save" xpath="deviceview.devicepage.parameters.name" attrName="value" saveTo="parameterNameFromUI" />
		
		<component name=""   action="validatevalues" value="$$parameterNameFromUI" compareWith="$$parameterTR_1"  valkey="Name" valdesc="Validates that script traversed to correct parameter in the Parameters tab."/>
		<component name=""   action="validatevalues" value="$$notificationAfter" compareWith="$$notification_1"  valkey="Notification" valdesc="Validates the Notifcation in the Parameters tab."/>
	</step>
</steps>

