<steps>
	<step type="START-DS" name="Start DS" description="Starts the Device Simulator with the device serial number and sends the Bootstrap event." severity="Blocker" >
		<parameter name="DEVICE_ID" value="device-9767" />
		<parameter name="ACS_IP" value="props::ACS_IP" />
		<parameter name="DEVICE_DATA_MODEL_NAME" value="props::DEVICE_DATA_MODEL_NAME" />
		
		<parameter name="actionName" value="Get parameter value" />
		<parameter name="batchNameTR" value="batch-9767-tr069" />
		<parameter name="batchNameAlias" value="batch-9767-alias" />
		<parameter name="batchNameTR-2-2" value="batch-9767-tr-2-2" />
		<parameter name="batchNameTR-1-2" value="batch-9767-tr-1-2" />
		<parameter name="batchNameTR-2-1" value="batch-9767-tr-2-1" />
	</step>
	<step type="JAVA" name="Login" description="Login to PH using the provided credentials." severity="Blocker" >
		<component name="textbox"  action="entervalue" xpath="login.username" value="props::PH_LOGIN_USERNAME"/>
		<component name="textbox"  action="entervalue" xpath="login.password" value="props::PH_LOGIN_PASSWORD" />
		<component name="button" action="click" 	 xpath="login.submit"  />
	</step>
	<step type="JAVA" name="Click Tab" description="Clicks the TAB." severity="Blocker" >
		<component name="link"   action="click"      xpath="tab.operations" />
	</step>
	<step type="JAVA" name="Click SideMenu" description="Clicks the SideMenu" severity="Blocker" >
		<component name="link"   action="click"      xpath="sidemenu.operations.groups" />
	</step>
	<step type="JAVA" name="Create Group" linkFile="src/test/jmeter/ph_6.4/regression/group/CreateGroup.xml" description="Creates the Group with the provided details." severity="Blocker" >
		<parameter name="groupName" value="group-9767" />
		<parameter name="groupDesc" value="group-9767 description" />
	</step>
	<step type="JAVA" name="Click SideMenu" description="Clicks the SideMenu" severity="Blocker" >
		<component name="link"   action="click"      xpath="sidemenu.operations.batchprocessing" />
	</step>
	
	<!-- Create an Immediate Batch. This step will save the Batch submit time into the variable BATCH_SAVE_TIME -->
	<step type="JAVA" name="Create Batch" linkFile="src/test/jmeter/ph_6.4/regression/batch/CreateImmediateBatch_Workflow.xml" description="Create the Immediate Batch and action as Get Parameter Value for TR069 Parameter ." severity="Blocker" >
		<parameter name="batchName" value="$$batchNameTR" />
		<parameter name="batchDesc" value="Batch Description" />
		<parameter name="parameterName_1" value="InternetGatewayDevice.DeviceInfo.Manufacturer" />
	</step>
	
	<step type="JAVA" name="Click SideMenu" description="Clicks the SideMenu" severity="Blocker" >
		<component name="link" xpath="sidemenu.operations.batchprocessing" action="click" />
	</step>
	<step type="JAVA" name="Search Batch With Name"  linkFile="src/test/jmeter/ph_6.4/regression/batch/SearchBatchWithName.xml" description="Search Batch With Name" severity="Blocker"> 
	</step>
	<step type="JAVA" name="Verify Batch - Device count" description="Verifies the Batch information - Device count, No. of Runs, Success and Failure %." severity="Blocker" >
		<component name="" xpath="operations.batch.table.statustext" action="waitandvalidate" refreshinterval="10" maxwaittime="300" compareWith="completed" xpathInput="$$batchName"/>
		<component name="button" action="click" xpath="operations.batch.table.batchname" xpathInput="$$batchName"  />
		<component name="timer" value="1" />
		
		<component name=""       action="validate" xpath="operations.batch.details.totaldevices" 	 compareWith="1" valdesc="Verify Total Devices" valkey="Total Devices"/>
		<component name=""       action="validate" xpath="operations.batch.details.completeddevices" compareWith="1" valdesc="Verify No of Runs" valkey="No of Run" />
		<component name=""       action="validate" xpath="operations.batch.details.successratio" compareWith="100"   valdesc="Verify success %" valkey="Success %"/>
		<component name=""       action="validate" xpath="operations.batch.details.failureratio" compareWith="0"     valdesc="Verify failure %" valkey="Failure %"/>
	</step>
	
	<step type="JAVA" name="Verify Parameters in GPV Inform" description="Verifies that the parameters in the GPV inform are the expected and the response contains fault or not." severity="Blocker" >
		<component name="ds-log-parser"   action="validate" informName="GPV" informParameters="$$parameterName_1"  informTime="$$BATCH_SAVE_TIME" expectFault="false" valkey="Parameters" valdesc="Validates the parameters in the Inform."/>
	</step>
	
	<!-- Alias Batch -->
	<step type="JAVA" name="Click Tab" description="Clicks the TAB." severity="Blocker" >
		<component name="link"   action="click"      xpath="tab.operations" />
	</step>
	<step type="JAVA" name="Click SideMenu" description="Clicks the SideMenu" severity="Blocker" >
		<component name="link"   action="click"      xpath="sidemenu.operations.batchprocessing" />
	</step>
	<step type="JAVA" name="Create Batch" linkFile="src/test/jmeter/ph_6.4/regression/batch/CreateImmediateBatch_Workflow.xml" description="Create the Immediate Batch and action as Get Parameter value for Parameter Alias." severity="Blocker" >
		<parameter name="batchName" value="$$batchNameAlias" />
		<parameter name="batchDesc" value="Batch Description" />
		<parameter name="parameterTR_1" value="InternetGatewayDevice.DeviceInfo.SerialNumber" />
		<parameter name="parameterName_1" value="DeviceInfoSerialNumber" />
	</step>
	
	<step type="JAVA" name="Click SideMenu" description="Clicks the SideMenu" severity="Blocker" >
		<component name="link" xpath="sidemenu.operations.batchprocessing" action="click" />
	</step>
	<step type="JAVA" name="Search Batch With Name"  linkFile="src/test/jmeter/ph_6.4/regression/batch/SearchBatchWithName.xml" description="Search Batch With Name" severity="Blocker"> 
	</step>
	<step type="JAVA" name="Verify Batch - Device count" description="Verifies the Batch information - Device count, No. of Runs, Success and Failure %." severity="Blocker" >
		<component name="" xpath="operations.batch.table.statustext" action="waitandvalidate" refreshinterval="10" maxwaittime="300" compareWith="completed" xpathInput="$$batchName"/>
		<component name="button" action="click" xpath="operations.batch.table.batchname" xpathInput="$$batchName"  />
		<component name="timer" value="1" />		
		<component name=""       action="validate" xpath="operations.batch.details.totaldevices" 	 compareWith="1" valdesc="Verify Total Devices" valkey="Total Devices"/>
		<component name=""       action="validate" xpath="operations.batch.details.completeddevices" compareWith="1" valdesc="Verify No of Runs" valkey="No of Run" />
		<component name=""       action="validate" xpath="operations.batch.details.successratio" compareWith="100"   valdesc="Verify success %" valkey="Success %"/>
		<component name=""       action="validate" xpath="operations.batch.details.failureratio" compareWith="0"     valdesc="Verify failure %" valkey="Failure %"/>
	</step>
	
	<step type="JAVA" name="Verify Parameters in GPV Inform" description="Verifies that the parameters in the GPV inform are the expected and the response contains fault or not." severity="Blocker" >
		<component name="ds-log-parser"   action="validate" informName="GPV" informParameters="$$parameterTR_1"  informTime="$$BATCH_SAVE_TIME" expectFault="false" valkey="Parameters" valdesc="Validates the parameters in the Inform."/>
	</step>
	
	<!-- GPV with 2 TR parameter and 2 alias. -->
	<step type="JAVA" name="Click Tab" description="Clicks the TAB." severity="Blocker" >
		<component name="link"   action="click"      xpath="tab.operations" />
	</step>
	<step type="JAVA" name="Click SideMenu" description="Clicks the SideMenu" severity="Blocker" >
		<component name="link"   action="click"      xpath="sidemenu.operations.batchprocessing" />
	</step>
	<step type="JAVA" name="Create Batch" linkFile="src/test/jmeter/ph_6.4/regression/batch/CreateImmediateBatch_Workflow_4.xml" description="Create the Immediate Batch and action as Get Parameter value for 2 TR069 parameter and 2 Parameter Alias." severity="Blocker" >
		<parameter name="batchName" value="$$batchNameTR-2-2" />
		<parameter name="batchDesc" value="Batch Description" />
		
		<parameter name="parameterName_1" value="InternetGatewayDevice.LANDevice.1.WLANConfiguration.1.SSID" />
		<parameter name="parameterName_2" value="InternetGatewayDevice.LANDevice.1.WLANConfiguration.1.RadioEnabled" />
		
		<parameter name="parameterTR_3" value="InternetGatewayDevice.DeviceInfo.Manufacturer" />
		<parameter name="parameterName_3" value="DeviceInfoManufacturer" />
		
		<parameter name="parameterTR_4" value="InternetGatewayDevice.DeviceInfo.SerialNumber" />
		<parameter name="parameterName_4" value="DeviceInfoSerialNumber" />
		
	</step>
	
	<step type="JAVA" name="Click SideMenu" description="Clicks the SideMenu" severity="Blocker" >
		<component name="link" xpath="sidemenu.operations.batchprocessing" action="click" />
	</step>
	<step type="JAVA" name="Search Batch With Name"  linkFile="src/test/jmeter/ph_6.4/regression/batch/SearchBatchWithName.xml" description="Search Batch With Name" severity="Blocker"> 
	</step>
	<step type="JAVA" name="Verify Batch - Device count" description="Verifies the Batch information - Device count, No. of Runs, Success and Failure %." severity="Blocker" >
		<component name="" xpath="operations.batch.table.statustext" action="waitandvalidate" refreshinterval="10" maxwaittime="300" compareWith="completed" xpathInput="$$batchName"/>
		<component name="button" action="click" xpath="operations.batch.table.batchname" xpathInput="$$batchName"  />
		<component name="timer" value="1" />		
		<component name=""       action="validate" xpath="operations.batch.details.totaldevices" 	 compareWith="1" valdesc="Verify Total Devices" valkey="Total Devices"/>
		<component name=""       action="validate" xpath="operations.batch.details.completeddevices" compareWith="1" valdesc="Verify No of Runs" valkey="No of Run" />
		<component name=""       action="validate" xpath="operations.batch.details.successratio" compareWith="100"   valdesc="Verify success %" valkey="Success %"/>
		<component name=""       action="validate" xpath="operations.batch.details.failureratio" compareWith="0"     valdesc="Verify failure %" valkey="Failure %"/>
	</step>
	
	<step type="JAVA" name="Verify Parameters in GPV Inform" description="Verifies that the parameters in the GPV inform are the expected and the response contains fault or not." severity="Blocker" >
		<component name="ds-log-parser"   action="validate" informName="GPV" informParameters="JMETERREP::$$parameterName_1$$,$$parameterName_2$$,$$parameterTR_3$$,$$parameterTR_4$$"  informTime="$$BATCH_SAVE_TIME" expectFault="false" valkey="Parameters" valdesc="Validates the parameters in the Inform."/>
	</step>
	
	
	<!-- GPV with 2 TR parameter and 2 alias. 1 TR is not present in device-->
	<step type="JAVA" name="Click Tab" description="Clicks the TAB." severity="Blocker" >
		<component name="link"   action="click"      xpath="tab.operations" />
	</step>
	<step type="JAVA" name="Click SideMenu" description="Clicks the SideMenu" severity="Blocker" >
		<component name="link"   action="click"      xpath="sidemenu.operations.batchprocessing" />
	</step>
	<step type="JAVA" name="Create Batch" linkFile="src/test/jmeter/ph_6.4/regression/batch/CreateImmediateBatch_Workflow_4.xml" description="Create the Immediate Batch and action as Get Parameter value for 2 TR069 parameter and 2 Parameter Alias (1 TR069 parameter is not in device)." severity="Blocker" >
		<parameter name="batchName" value="$$batchNameTR-1-2" />
		<parameter name="batchDesc" value="Batch Description" />
		
		<parameter name="parameterName_1" value="InternetGatewayDevice.LANDevice.1.WLANConfiguration.1.SSID123" />
		<parameter name="parameterName_2" value="InternetGatewayDevice.LANDevice.1.WLANConfiguration.1.RadioEnabled" />
		
		<parameter name="parameterTR_3" value="InternetGatewayDevice.DeviceInfo.Manufacturer" />
		<parameter name="parameterName_3" value="DeviceInfoManufacturer" />
		
		<parameter name="parameterTR_4" value="InternetGatewayDevice.DeviceInfo.SerialNumber" />
		<parameter name="parameterName_4" value="DeviceInfoSerialNumber" />
		
	</step>
	
	<step type="JAVA" name="Click SideMenu" description="Clicks the SideMenu" severity="Blocker" >
		<component name="link" xpath="sidemenu.operations.batchprocessing" action="click" />
	</step>
	<step type="JAVA" name="Search Batch With Name"  linkFile="src/test/jmeter/ph_6.4/regression/batch/SearchBatchWithName.xml" description="Search Batch With Name" severity="Blocker"> 
	</step>
	<step type="JAVA" name="Verify Batch - Device count" description="Verifies the Batch information - Device count, No. of Runs, Success and Failure %." severity="Blocker" >
		<component name="" xpath="operations.batch.table.statustext" action="waitandvalidate" refreshinterval="10" maxwaittime="300" compareWith="completed" xpathInput="$$batchName"/>
		<component name="button" action="click" xpath="operations.batch.table.batchname" xpathInput="$$batchName"  />
		<component name="timer" value="1" />		
		<component name=""       action="validate" xpath="operations.batch.details.totaldevices" 	 compareWith="1" valdesc="Verify Total Devices" valkey="Total Devices"/>
		<component name=""       action="validate" xpath="operations.batch.details.completeddevices" compareWith="1" valdesc="Verify No of Runs" valkey="No of Run" />
		<component name=""       action="validate" xpath="operations.batch.details.successratio" compareWith="0"   valdesc="Verify success %" valkey="Success %"/>
		<component name=""       action="validate" xpath="operations.batch.details.failureratio" compareWith="100"     valdesc="Verify failure %" valkey="Failure %"/>
	</step>
	
	<step type="JAVA" name="Verify Parameters in GPV Inform" description="Verifies that the parameters in the GPV inform are the expected and the response contains fault or not." severity="Blocker" >
		<component name="ds-log-parser"   action="validate" informName="GPV" informParameters="JMETERREP::$$parameterName_1$$,$$parameterName_2$$,$$parameterTR_3$$,$$parameterTR_4$$"  informTime="$$BATCH_SAVE_TIME" expectFault="true" valkey="Parameters" valdesc="Validates the parameters in the Inform."/>
	</step>
	
	<!-- GPV with 2 TR parameter and 2 alias. 1 alias is not part of device -->
	<step type="JAVA" name="Click Tab" description="Clicks the TAB." severity="Blocker" >
		<component name="link"   action="click"      xpath="tab.operations" />
	</step>
	<step type="JAVA" name="Click SideMenu" description="Clicks the SideMenu" severity="Blocker" >
		<component name="link"   action="click"      xpath="sidemenu.operations.batchprocessing" />
	</step>
	<step type="JAVA" name="Create Batch" linkFile="src/test/jmeter/ph_6.4/regression/batch/CreateImmediateBatch_Workflow_4.xml" description="Create the Immediate Batch and action as Get Parameter value for 2 TR069 parameter and 2 Parameter Alias (1 alias is not in device)." severity="Blocker" >
		<parameter name="batchName" value="$$batchNameTR-2-1" />
		<parameter name="batchDesc" value="Batch Description" />
		
		<parameter name="parameterName_1" value="InternetGatewayDevice.LANDevice.1.WLANConfiguration.1.SSID" />
		<parameter name="parameterName_2" value="InternetGatewayDevice.LANDevice.1.WLANConfiguration.1.RadioEnabled" />
		
		<parameter name="parameterTR_3" value="InternetGatewayDevice.DeviceInfo.Manufacturer" />
		<parameter name="parameterName_3" value="DeviceInfoManufacturer" />
		
		<parameter name="parameterTR_4" value="InternetGatewayDevice.DeviceInfo.SerialNumber" />
		<parameter name="parameterName_4" value="DeviceInfoSerialNumber123" />
		
	</step>
	
	<step type="JAVA" name="Click SideMenu" description="Clicks the SideMenu" severity="Blocker" >
		<component name="link" xpath="sidemenu.operations.batchprocessing" action="click" />
	</step>
	<step type="JAVA" name="Search Batch With Name"  linkFile="src/test/jmeter/ph_6.4/regression/batch/SearchBatchWithName.xml" description="Search Batch With Name" severity="Blocker"> 
	</step>
	<step type="JAVA" name="Verify Batch - Device count" description="Verifies the Batch information - Device count, No. of Runs, Success and Failure %." severity="Blocker" >
		<component name="" xpath="operations.batch.table.statustext" action="waitandvalidate" refreshinterval="10" maxwaittime="300" compareWith="completed" xpathInput="$$batchName"/>
		<component name="button" action="click" xpath="operations.batch.table.batchname" xpathInput="$$batchName"  />
		<component name="timer" value="1" />		
		<component name=""       action="validate" xpath="operations.batch.details.totaldevices" 	 compareWith="1" valdesc="Verify Total Devices" valkey="Total Devices"/>
		<component name=""       action="validate" xpath="operations.batch.details.completeddevices" compareWith="1" valdesc="Verify No of Runs" valkey="No of Run" />
		<component name=""       action="validate" xpath="operations.batch.details.successratio" compareWith="100"   valdesc="Verify success %" valkey="Success %"/>
		<component name=""       action="validate" xpath="operations.batch.details.failureratio" compareWith="0"     valdesc="Verify failure %" valkey="Failure %"/>
	</step>
	
	<step type="JAVA" name="Verify Parameters in GPV Inform" description="Verifies that the parameters in the GPV inform are the expected and the response contains fault or not." severity="Blocker" >
		<component name="ds-log-parser"   action="validate" informName="GPV" informParameters="JMETERREP::$$parameterName_1$$,$$parameterName_2$$,$$parameterTR_3$$" informTime="$$BATCH_SAVE_TIME" expectFault="false" valkey="Parameters" valdesc="Validates the parameters in the Inform."/>
	</step>
	
	<!-- Delete Batch -->
	<step type="JAVA" name="Click Tab" description="Clicks the TAB." severity="Blocker" >
		<component name="link"   action="click"      xpath="tab.operations" />
	</step>

	<step type="JAVA" name="Click Batch Processing SideMenu" description="click Batch Processing sidemenu" severity="Blocker">
		<component name="link" action="click" xpath="sidemenu.operations.batchprocessing" />
	</step>

	<step type="JAVA" name="Delete batch" linkFile="src/test/jmeter/ph_6.4/regression/batch/Cancel_DeleteBatch.xml" description="Batch deletion" severity="Blocker" repeat="$$batchNames">
		<parameter name="batchNames" value="JMETERREP::$$batchNameTR$$,$$batchNameAlias$$,$$batchNameTR-2-2$$,$$batchNameTR-1-2$$,$$batchNameTR-2-1$$" saveAsType="array" />
		<parameter name="batchName" value="fromArray::batchNames" />
	</step>
	
	<!-- Delete Group -->
	<step type="JAVA" name="Click Groups SideMenu" description="Click Groups SideMenu" severity="Blocker">
		<component name="link"   action="click"      xpath="sidemenu.operations.groups" />
	</step>
	
	<step type="JAVA" name="Delete Group" linkFile="src/test/jmeter/ph_6.4/regression/group/DeleteGroup.xml" description="Delete Group" severity="Blocker">
	</step>
</steps>