<steps>
	<step type="START-DS" name="Start DS" description="Starts the Device Simulator with the device serial number and sends the Bootstrap event." severity="Blocker" >
		<parameter name="DEVICE_ID" value="device-9763" />
		<parameter name="ACS_IP" value="props::ACS_IP" />
		<parameter name="DEVICE_DATA_MODEL_NAME" value="props::DEVICE_DATA_MODEL_NAME" />
		<parameter name="batchNameImmBlock" value="batch-9763-imm-block" />
		<parameter name="batchNameImmUnBlock" value="batch-9763-imm-unblock" />
		<parameter name="batchNameEventBlock" value="batch-9763-event-block" />
		<parameter name="batchNameEventUnBlock" value="batch-9763-event-unblock" />
		<parameter name="batchNameImmUnBlockFinal" value="batch-9763-imm-unblock-final" />
		
		<parameter name="actionName" value="Block / Un-Block Device" />
		
	</step>
	<step type="JAVA" name="Login" description="Login to PH using the provided credentials." severity="Blocker" >
		<component name="textbox"  action="entervalue" xpath="login.username" value="props::PH_LOGIN_USERNAME"/>
		<component name="textbox"  action="entervalue" xpath="login.password" value="props::PH_LOGIN_PASSWORD" />
		<component name="button" action="click" 	 xpath="login.submit"  />
	</step>
	<step type="JAVA" name="Click Tab" description="Clicks the TAB." severity="Blocker" >
		<component name="link"   action="click"      xpath="tab.operations" />
	</step>
	<step type="JAVA" name="Click SideMenu" description="Clicks the SideMenu" severity="Blocker" >
		<component name="link"   action="click"      xpath="sidemenu.operations.groups" />
	</step>
	<step type="JAVA" name="Create Group" linkFile="src/test/jmeter/ph_6.4/regression/group/CreateGroup.xml" description="Creates the Group with the provided details." severity="Blocker" >
		<parameter name="groupName" value="group-9763" />
		<parameter name="groupDesc" value="group-9763 description" />
	</step>
	
	<!-- ================= Immediate - Block ========================= -->
	<!-- Create Immediate Batch for Block Device -->
	<step type="JAVA" name="Click SideMenu" description="Clicks the SideMenu" severity="Blocker" >
		<component name="link"   action="click"      xpath="sidemenu.operations.batchprocessing" />
	</step>
	
	<step type="JAVA" name="Create Batch" linkFile="src/test/jmeter/ph_6.4/regression/batch/CreateImmediateBatch_Workflow.xml" description="Performs - Create Batch to Block device." severity="Blocker">		
		<parameter name="batchName" value="$$batchNameImmBlock" />
		<parameter name="batchDesc" value="New Batch Description" />
		<parameter name="blockDevice" value="Blocked" />
	</step>
	
	<!-- Validate the Block Device - Immediate Batch executes -->
	<step type="JAVA" name="Click SideMenu" description="Clicks the SideMenu" severity="Blocker" >
		<component name="link" xpath="sidemenu.operations.batchprocessing" action="click" />
	</step>
	<step type="JAVA" name="Search Batch With Name"  linkFile="src/test/jmeter/ph_6.4/regression/batch/SearchBatchWithName.xml" description="Search Batch With Name" severity="Blocker">
		<parameter name="batchName" value="$$batchNameImmBlock" />
	</step>
	<step type="JAVA" name="Verify Batch - Device count" description="Verifies the Batch information - Device count, No. of Runs, Success and Failure %." severity="Blocker" >
		<component name="" xpath="operations.batch.table.statustext" action="waitandvalidate" refreshinterval="10" maxwaittime="300" compareWith="completed" xpathInput="$$batchNameImmBlock"/>
		<component name="button" action="click" xpath="operations.batch.table.batchname" xpathInput="$$batchNameImmBlock"  />
		<component name="timer" value="1" />
		
		<component name=""       action="validate" xpath="operations.batch.details.totaldevices" 	 compareWith="1" valdesc="Verify Total Devices" valkey="Total Devices"/>
		<component name=""       action="validate" xpath="operations.batch.details.completeddevices" compareWith="1" valdesc="Verify No of Runs" valkey="No of Run" />
		<component name=""       action="validate" xpath="operations.batch.details.successratio" compareWith="100" 	 valdesc="Verify success %" valkey="Success %"/>
		<component name=""       action="validate" xpath="operations.batch.details.failureratio" compareWith="0"   valdesc="Verify failure %" valkey="Failure %"/>
	</step>
	
	<!-- Verify the device is blocked. -->
	<step type="JAVA" name="Verify the device status" description="Verifies that the device is Blocked." severity="Blocker" >
		<component name="textbox"  action="entervalue" xpath="advancedsearch.textbox" value="$$DEVICE_ID"/>
		<component name="button"  action="click" xpath="advancedsearch.findbutton" />
		<component name="timer" value="15" />
		
		<component name="notification" action="validate" xpath="notification.message" compareWith="Device View:The device was blocked by the system administrator" valdesc="Verify the notofication" valkey="Msg"/>
		<component name=""  action="save" xpath="deviceview.device.status" saveTo="deviceOnline" attrName="class" compareWith="dvCircle circle-red" valdesc="Device View Portlet : Device Status" valkey="Device Status"/>
	</step>	
	
	<!-- ================= Immediate - UnBlock ========================= -->
	<!-- Create Immediate Batch for UnBlock Device -->
	<step type="JAVA" name="Click Tab" description="Clicks the TAB." severity="Blocker" >
		<component name="link"   action="click"      xpath="tab.operations" />
	</step>
	
	<step type="JAVA" name="Click SideMenu" description="Clicks the SideMenu" severity="Blocker" >
		<component name="link"   action="click"      xpath="sidemenu.operations.batchprocessing" />
	</step>
	
	<step type="JAVA" name="Create Batch" linkFile="src/test/jmeter/ph_6.4/regression/batch/CreateImmediateBatch_Workflow.xml" description="Performs - Create Immediate Batch to UnBlock the device." severity="Blocker">		
		<parameter name="batchName" value="$$batchNameImmUnBlock" />
		<parameter name="batchDesc" value="New Batch Description" />
		<parameter name="blockDevice" value="Unblocked" />
	</step>
	
	<!-- Validate the Un-Block Device - Immediate Batch executes -->
	<step type="JAVA" name="Click SideMenu" description="Clicks the SideMenu" severity="Blocker" >
		<component name="link" xpath="sidemenu.operations.batchprocessing" action="click" />
	</step>
	<step type="JAVA" name="Search Batch With Name"  linkFile="src/test/jmeter/ph_6.4/regression/batch/SearchBatchWithName.xml" description="Search Batch With Name" severity="Blocker">
		<parameter name="batchName" value="$$batchNameImmUnBlock" />
	</step>
	<step type="JAVA" name="Verify Batch - Device count" description="Verifies the Batch information - Device count, No. of Runs, Success and Failure %." severity="Blocker" >
		<component name="" xpath="operations.batch.table.statustext" action="waitandvalidate" refreshinterval="10" maxwaittime="300" compareWith="completed" xpathInput="$$batchNameImmUnBlock"/>
		<component name="button" action="click" xpath="operations.batch.table.batchname" xpathInput="$$batchNameImmUnBlock"  />
		<component name="timer" value="1" />
		
		<component name=""       action="validate" xpath="operations.batch.details.totaldevices" 	 compareWith="1" valdesc="Verify Total Devices" valkey="Total Devices"/>
		<component name=""       action="validate" xpath="operations.batch.details.completeddevices" compareWith="1" valdesc="Verify No of Runs" valkey="No of Run" />
		<component name=""       action="validate" xpath="operations.batch.details.successratio" compareWith="100" 	 valdesc="Verify success %" valkey="Success %"/>
		<component name=""       action="validate" xpath="operations.batch.details.failureratio" compareWith="0"   valdesc="Verify failure %" valkey="Failure %"/>
	</step>
	
	<!-- Verify the device is un-blocked. -->
	<step type="JAVA" name="Verify the device status" description="Verifies that the device is Online." severity="Blocker" >
		<component name="textbox"  action="entervalue" xpath="advancedsearch.textbox" value="$$DEVICE_ID"/>
		<component name="button"  action="click" xpath="advancedsearch.findbutton" />
		<component name="timer" value="5" />
		
		<component name=""  action="save" xpath="deviceview.device.status" saveTo="deviceOnline" attrName="class" compareWith="dvCircle circle-green" valdesc="Device View Portlet : Device Status" valkey="Device Status"/>
	</step>
	
	
	
	<!-- ================= Event Based - Boot - Block ========================= -->
	<!-- Create Event Batch for Block Device -->
	<step type="JAVA" name="Click Tab" description="Clicks the TAB." severity="Blocker" >
		<component name="link"   action="click"      xpath="tab.operations" />
	</step>
	
	<step type="JAVA" name="Click SideMenu" description="Clicks the SideMenu" severity="Blocker" >
		<component name="link"   action="click"      xpath="sidemenu.operations.batchprocessing" />
	</step>
	
	<step type="JAVA" name="Create Batch" linkFile="src/test/jmeter/ph_6.4/regression/batch/CreateEventBatch_Workflow.xml" description="Performs - Create Event Batch (with trigger as Boot) to Block the device." severity="Blocker">		
		<parameter name="batchName" value="$$batchNameEventBlock" />
		<parameter name="batchDesc" value="New Batch Description" />
		<parameter name="blockDevice" value="Blocked" />
	</step>
	
	<!-- Send Boot Event -->
	<step type="DS" name="Send Boot Event" description="Sends Boot event from the Device Simulator to PH." severity="Blocker" >
		<component operation="sendEvent" name="Boot"/>
	</step>
	
	<!-- Validate the Block Device - Event Batch executes -->
	<step type="JAVA" name="Click SideMenu" description="Clicks the SideMenu" severity="Blocker" >
		<component name="link" xpath="sidemenu.operations.batchprocessing" action="click" />
	</step>
	<step type="JAVA" name="Search Batch With Name"  linkFile="src/test/jmeter/ph_6.4/regression/batch/SearchBatchWithName.xml" description="Search Batch With Name" severity="Blocker">
		<parameter name="batchName" value="$$batchNameEventBlock" />
	</step>
	<step type="JAVA" name="Verify Batch - Device count" description="Verifies the Batch information - Device count, No. of Runs, Success and Failure %." severity="Blocker" >
		<component name="timer" value="5" />
		<component name="button" action="click" xpath="operations.batch.table.batchname" xpathInput="$$batchNameEventBlock"  />
		<component name="timer" value="1" />
		
		<component name=""       action="validate" xpath="operations.batch.details.totaldevices" 	 compareWith="1" valdesc="Verify Total Devices" valkey="Total Devices"/>
		<component name=""       action="validate" xpath="operations.batch.details.completeddevices" compareWith="1" valdesc="Verify No of Runs" valkey="No of Run" />
		<component name=""       action="validate" xpath="operations.batch.details.successratio" compareWith="100" 	 valdesc="Verify success %" valkey="Success %"/>
		<component name=""       action="validate" xpath="operations.batch.details.failureratio" compareWith="0"   valdesc="Verify failure %" valkey="Failure %"/>
	</step>
	
	<!-- Verify the device is blocked. -->
	<step type="JAVA" name="Verify the device status" description="Verifies that the device is Blocked." severity="Blocker" >
		<component name="textbox"  action="entervalue" xpath="advancedsearch.textbox" value="$$DEVICE_ID"/>
		<component name="button"  action="click" xpath="advancedsearch.findbutton" />
		<component name="timer" value="5" />
		
		<component name="notification" action="validate" xpath="notification.message" compareWith="Device View:The device was blocked by the system administrator" valdesc="Verify the notofication" valkey="Msg"/>
		<component name=""  action="save" xpath="deviceview.device.status" saveTo="deviceOnline" attrName="class" compareWith="dvCircle circle-red" valdesc="Device View Portlet : Device Status" valkey="Device Status"/>
	</step>
	
	
	<!-- ================= Event Batch - Boot - UnBlock ========================= -->
	<!-- Create Event Batch for UnBlock Device -->
	<step type="JAVA" name="Click Tab" description="Clicks the TAB." severity="Blocker" >
		<component name="link"   action="click"      xpath="tab.operations" />
	</step>
	
	<step type="JAVA" name="Click SideMenu" description="Clicks the SideMenu" severity="Blocker" >
		<component name="link"   action="click"      xpath="sidemenu.operations.batchprocessing" />
	</step>
	
	<step type="JAVA" name="Create Batch" linkFile="src/test/jmeter/ph_6.4/regression/batch/CreateEventBatch_Workflow.xml" description="Performs - Create Event Batch (with trigger as Boot) to UnBlock the device." severity="Blocker">		
		<parameter name="batchName" value="$$batchNameEventUnBlock" />
		<parameter name="batchDesc" value="New Batch Description" />
		<parameter name="blockDevice" value="Unblocked" />
	</step>
	
	<!-- Send Boot Event -->
	<step type="DS" name="Send Boot Event" description="Sends Boot event from the Device Simulator to PH." severity="Blocker" >
		<component operation="sendEvent" name="Boot"/>
	</step>
	
	<!-- Validate the Un-Block Device - Event Batch executes -->
	<step type="JAVA" name="Click SideMenu" description="Clicks the SideMenu" severity="Blocker" >
		<component name="link" xpath="sidemenu.operations.batchprocessing" action="click" />
	</step>
	<step type="JAVA" name="Search Batch With Name"  linkFile="src/test/jmeter/ph_6.4/regression/batch/SearchBatchWithName.xml" description="Search Batch With Name" severity="Blocker">
		<parameter name="batchName" value="$$batchNameEventUnBlock" />
	</step>
	<step type="JAVA" name="Verify Batch - Device count" description="Verifies the Batch information - Device count, No. of Runs, Success and Failure %." severity="Blocker" >
		<component name="timer" value="5" />
		<component name="button" action="click" xpath="operations.batch.table.batchname" xpathInput="$$batchNameEventUnBlock"  />
		<component name="timer" value="1" />
		
		<component name=""       action="validate" xpath="operations.batch.details.totaldevices" 	 compareWith="0" valdesc="Verify Total Devices" valkey="Total Devices"/>
		<component name=""       action="validate" xpath="operations.batch.details.completeddevices" compareWith="0" valdesc="Verify No of Runs" valkey="No of Run" />
		<component name=""       action="validate" xpath="operations.batch.details.successratio" compareWith="0" 	 valdesc="Verify success %" valkey="Success %"/>
		<component name=""       action="validate" xpath="operations.batch.details.failureratio" compareWith="0"   valdesc="Verify failure %" valkey="Failure %"/>
	</step>
	
	<!-- Verify the device is blocked. -->
	<step type="JAVA" name="Verify the device status" description="Verifies that the device is Blocked." severity="Blocker" >
		<component name="textbox"  action="entervalue" xpath="advancedsearch.textbox" value="$$DEVICE_ID"/>
		<component name="button"  action="click" xpath="advancedsearch.findbutton" />
		<component name="timer" value="5" />
		
		<component name="notification" action="validate" xpath="notification.message" compareWith="Device View:The device was blocked by the system administrator" valdesc="Verify the notofication" valkey="Msg"/>
		<component name=""  action="save" xpath="deviceview.device.status" saveTo="deviceOnline" attrName="class" compareWith="dvCircle circle-red" valdesc="Device View Portlet : Device Status" valkey="Device Status"/>
	</step>
	
	<!-- ================= Immediate - UnBlock - Finally UnBlock the device. ========================= -->
	<!-- Create Immediate Batch for UnBlock Device -->
	<step type="JAVA" name="Click Tab" description="Clicks the TAB." severity="Blocker" >
		<component name="link"   action="click"      xpath="tab.operations" />
	</step>
	
	<step type="JAVA" name="Click SideMenu" description="Clicks the SideMenu" severity="Blocker" >
		<component name="link"   action="click"      xpath="sidemenu.operations.batchprocessing" />
	</step>
	
	<step type="JAVA" name="Create Batch" linkFile="src/test/jmeter/ph_6.4/regression/batch/CreateImmediateBatch_Workflow.xml" description="Performs - Create Immediate Batch to UnBlock the device." severity="Blocker">		
		<parameter name="batchName" value="$$batchNameImmUnBlockFinal" />
		<parameter name="batchDesc" value="New Batch Description" />
		<parameter name="blockDevice" value="Unblocked" />
	</step>
	
	<!-- Final - Validate the Un-Block Device - Immediate Batch executes -->
	<step type="JAVA" name="Click SideMenu" description="Clicks the SideMenu" severity="Blocker" >
		<component name="link" xpath="sidemenu.operations.batchprocessing" action="click" />
	</step>
	<step type="JAVA" name="Search Batch With Name"  linkFile="src/test/jmeter/ph_6.4/regression/batch/SearchBatchWithName.xml" description="Search Batch With Name" severity="Blocker">
		<parameter name="batchName" value="$$batchNameImmUnBlockFinal" />
	</step>
	<step type="JAVA" name="Wait for Batch completion." description="Verifies the Batch to move to completed state." severity="Blocker" >
		<component name="" xpath="operations.batch.table.statustext" action="waitandvalidate" refreshinterval="10" maxwaittime="300" compareWith="completed" xpathInput="$$batchNameImmUnBlockFinal"/>
	</step>
	
	<!-- Delete Batch -->
	<step type="JAVA" name="Click Tab" description="Clicks the TAB." severity="Blocker" >
		<component name="link"   action="click"      xpath="tab.operations" />
	</step>
	
	<step type="JAVA" name="Click Batch Processing SideMenu" description="click Batch Processing sidemenu" severity="Blocker">
		<component name="link" action="click" xpath="sidemenu.operations.batchprocessing" />
	</step>
	
	<step type="JAVA" name="Delete batch" linkFile="src/test/jmeter/ph_6.4/regression/batch/Cancel_DeleteBatch.xml" description="Batch deletion" severity="Blocker">
		<parameter name="batchName" value="$$batchNameImmBlock" />
	</step>
	
	<step type="JAVA" name="Click Batch Processing SideMenu" description="click Batch Processing sidemenu" severity="Blocker">
		<component name="link" action="click" xpath="sidemenu.operations.batchprocessing" />
	</step>
	
	<step type="JAVA" name="Delete batch" linkFile="src/test/jmeter/ph_6.4/regression/batch/Cancel_DeleteBatch.xml" description="Batch deletion" severity="Blocker">
		<parameter name="batchName" value="$$batchNameImmUnBlock" />
	</step>
	
	<step type="JAVA" name="Click Batch Processing SideMenu" description="click Batch Processing sidemenu" severity="Blocker">
		<component name="link" action="click" xpath="sidemenu.operations.batchprocessing" />
	</step>
	
	<step type="JAVA" name="Delete batch" linkFile="src/test/jmeter/ph_6.4/regression/batch/Cancel_DeleteBatch.xml" description="Batch deletion" severity="Blocker">
		<parameter name="batchName" value="$$batchNameEventBlock" />
	</step>
	
	<step type="JAVA" name="Click Batch Processing SideMenu" description="click Batch Processing sidemenu" severity="Blocker">
		<component name="link" action="click" xpath="sidemenu.operations.batchprocessing" />
	</step>
	
	<step type="JAVA" name="Delete batch" linkFile="src/test/jmeter/ph_6.4/regression/batch/Cancel_DeleteBatch.xml" description="Batch deletion" severity="Blocker">
		<parameter name="batchName" value="$$batchNameEventUnBlock" />
	</step>
	
	<step type="JAVA" name="Click Batch Processing SideMenu" description="click Batch Processing sidemenu" severity="Blocker">
		<component name="link" action="click" xpath="sidemenu.operations.batchprocessing" />
	</step>
	
	<step type="JAVA" name="Delete batch" linkFile="src/test/jmeter/ph_6.4/regression/batch/Cancel_DeleteBatch.xml" description="Batch deletion" severity="Blocker">
		<parameter name="batchName" value="$$batchNameImmUnBlockFinal" />
	</step>
	
	<!-- Delete Group -->
	<step type="JAVA" name="Click Groups SideMenu" description="Click Groups SideMenu" severity="Blocker">
		<component name="link"   action="click"      xpath="sidemenu.operations.groups" />
	</step>
	
	<step type="JAVA" name="Delete Group" linkFile="src/test/jmeter/ph_6.4/regression/group/DeleteGroup.xml" description="Delete Group" severity="Blocker">
	</step>
</steps>