<steps name="TC9813_Logfile_monitor_header" description="Validate the header for ActiveMQ, tomcat and WildFly log files" severity="Major">
	<step type="SSH-COMMAND" name="perform SSH Command to extract TOMCAT CSV header" description="perform SSH command" severity="Major">
		<parameter name="sshHostName" value="props::PH_SL_HOSTNAME" />
		<parameter name="sshTimeOut" value="10000" />
		<parameter name="sshUserName" value="props::PH_SL_USERNAME" />
		<parameter name="sshPasswd" value="props::PH_SL_PWD" />
		<parameter name="sshCmd" value="cat /usr/local/panorama/var/log/monitor-tomcat.csv | head -1" />
		<parameter name="saveSSHResultTo" value="tomcatCSVHeader" />
	</step>
	<step type="SSH-COMMAND" name="perform SSH Command  to extract TOMCAT JSON header" description="perform SSH command" severity="Major">
		<parameter name="sshHostName" value="props::PH_SL_HOSTNAME" />
		<parameter name="sshTimeOut" value="10000" />
		<parameter name="sshUserName" value="props::PH_SL_USERNAME" />
		<parameter name="sshPasswd" value="props::PH_SL_PWD" />
		<parameter name="sshCmd" value="cat /usr/local/panorama/monitor/rules-tomcat.json" />
		<parameter name="saveSSHResultTo" value="tomcatRulesJsonHeader" />
	</step>
	<step type="JAVA" name="Perform TOMCAT JSON parsing on String" description="Perform JSON parsing on String to extract a 'Header' key" severity="Major">
		<component name=""  action="parseJSONStr" value="$$tomcatRulesJsonHeader" attrName="header" saveTo="tomcatJsonHeaderList" />
	</step>
	<step type="JAVA" name="Validate TOMCAT header list for condition contains" description="Perform 'contains' validation on the SSH output" severity="Major">
		<component name="" action="converttolist" value="$$tomcatCSVHeader" saveTo="tomcatCSVHeaderListStr"/>
		<component name="" action="validate" value="JMETEROBJ::tomcatCSVHeaderListStr"/>
		<component name=""  action="validatelist" value="JMETEROBJ::tomcatCSVHeaderListStr" compareWith="JMETEROBJ::tomcatJsonHeaderList" condition="inv-contains" valdesc="Verify TOMCAT headers list" valkey="tomcatRulesHeaderValidation" />
	</step>
	<step type="SSH-COMMAND" name="perform SSH Command to extract ACTIVEMQ CSV header" description="perform SSH command" severity="Major">
		<parameter name="sshHostName" value="props::PH_SL_HOSTNAME" />
		<parameter name="sshTimeOut" value="10000" />
		<parameter name="sshUserName" value="props::PH_SL_USERNAME" />
		<parameter name="sshPasswd" value="props::PH_SL_PWD" />
		<parameter name="sshCmd" value="cat /usr/local/panorama/var/log/monitor-activemq.csv | head -1" />
		<parameter name="saveSSHResultTo" value="activemqCSVHeader" />
	</step>
	<step type="SSH-COMMAND" name="perform SSH Command  to extract ACTIVEMQ JSON header" description="perform SSH command" severity="Major">
		<parameter name="sshHostName" value="props::PH_SL_HOSTNAME" />
		<parameter name="sshTimeOut" value="10000" />
		<parameter name="sshUserName" value="props::PH_SL_USERNAME" />
		<parameter name="sshPasswd" value="props::PH_SL_PWD" />
		<parameter name="sshCmd" value="cat /usr/local/panorama/monitor/rules-activemq.json" />
		<parameter name="saveSSHResultTo" value="activemqRulesJsonHeader" />
	</step>
	<step type="JAVA" name="Perform ACTIVEMQ JSON parsing on String" description="Perform JSON parsing on String to extract a 'Header' key" severity="Major">
		<component name=""  action="parseJSONStr" value="$$activemqRulesJsonHeader" attrName="header" saveTo="activemqJsonHeaderList" />
	</step>
	<step type="JAVA" name="Validate ACTIVEMQ header list for condition contains" description="Perform 'contains' validation on the SSH output" severity="Major">
		<component name="" action="converttolist" value="$$activemqCSVHeader" saveTo="activemqCSVHeaderListStr"/>
		<component name="" action="validate" value="JMETEROBJ::activemqCSVHeaderListStr"/>
		<component name=""  action="validatelist" value="JMETEROBJ::activemqCSVHeaderListStr" compareWith="JMETEROBJ::activemqJsonHeaderList" condition="inv-contains" valdesc="Verify ACTIVEMQ headers list" valkey="activemqRulesHeaderValidation" />
	</step>
	<step type="SSH-COMMAND" name="perform SSH Command to extract WILDFLY CSV header" description="perform SSH command" severity="Major">
		<parameter name="sshHostName" value="props::PH_SL_HOSTNAME" />
		<parameter name="sshTimeOut" value="10000" />
		<parameter name="sshUserName" value="props::PH_SL_USERNAME" />
		<parameter name="sshPasswd" value="props::PH_SL_PWD" />
		<parameter name="sshCmd" value="cat /usr/local/panorama/var/log/monitor-wildfly.csv | head -1" />
		<parameter name="saveSSHResultTo" value="wildflyCSVHeader" />
	</step>
	<step type="SSH-COMMAND" name="perform SSH Command  to extract WILDFLY JSON header" description="perform SSH command" severity="Major">
		<parameter name="sshHostName" value="props::PH_SL_HOSTNAME" />
		<parameter name="sshTimeOut" value="10000" />
		<parameter name="sshUserName" value="props::PH_SL_USERNAME" />
		<parameter name="sshPasswd" value="props::PH_SL_PWD" />
		<parameter name="sshCmd" value="cat /usr/local/panorama/monitor/rules-wildfly.json" />
		<parameter name="saveSSHResultTo" value="wildflyRulesJsonHeader" />
	</step>
	<step type="JAVA" name="Perform WILDFLY JSON parsing on String" description="Perform JSON parsing on String to extract a 'Header' key" severity="Major">
		<component name=""  action="parseJSONStr" value="$$wildflyRulesJsonHeader" attrName="header" saveTo="wildflyJsonHeaderList" />
	</step>
	<step type="JAVA" name="Validate WILDFLY header list for condition contains" description="Perform 'contains' validation on the SSH output" severity="Major">
		<component name="" action="converttolist" value="$$wildflyCSVHeader" saveTo="wildflyCSVHeaderListStr"/>
		<component name="" action="validate" value="JMETEROBJ::wildflyCSVHeaderListStr"/>
		<component name=""  action="validatelist" value="JMETEROBJ::wildflyCSVHeaderListStr" compareWith="JMETEROBJ::wildflyJsonHeaderList" condition="inv-contains" valdesc="Verify WILDFLY headers list" valkey="wildflyRulesHeaderValidation" />
	</step>
</steps>