<steps>
<step type="JAVA" name="Login" description="PrimeHome Login" severity="Blocker">
		<component name="textbox"  action="entervalue" xpath="login.username" value="props::PH_LOGIN_USERNAME"/>
		<component name="textbox"  action="entervalue" xpath="login.password" value="props::PH_LOGIN_PASSWORD" />
		<component name="button" action="click" 	 xpath="login.submit"  />
	</step>
	<step type="JAVA" name="Click Operations Tab" description="Click Operations Tab" severity="Blocker">
		<component name="link"   action="click"      xpath="tab.operations" />
	</step>
	<step type="JAVA" name="Click Groups SideMenu" description="Click Groups SideMenu" severity="Blocker">
		<component name="link"   action="click"      xpath="sidemenu.operations.groups" />
	</step>
	<step type="JAVA" name="Create Group" linkFile="src/test/jmeter/ph_6.4/regression/group/CreateGroup.xml" description="Create Group" severity="Blocker" repeat="4">
		<parameter name="DEVICE_ID" value="device-##" />
		<parameter name="groupName" value="group-##"/>
		<parameter name="groupDesc" value="group description" />
		<parameter name="Notification" value="pass" />
	</step>
	<step type="JAVA" name="Create Group" linkFile="src/test/jmeter/ph_6.4/regression/group/CreateGroup.xml" description="Create Group" severity="Blocker" >
		<parameter name="DEVICE_ID" value="device-1" />
		<parameter name="groupName" value="group-5"/>
		<parameter name="groupDesc" value="group description" />
		<parameter name="Notification" value="pass" />
	</step>
	<step type="JAVA" name="Create Group" linkFile="src/test/jmeter/ph_6.4/regression/group/CreateGroup.xml" description="Create Group" severity="Blocker" repeat="4">
		<parameter name="DEVICE_ID" value="device-1" />
		<parameter name="groupName" value="group-1-##"/>
		<parameter name="groupDesc" value="group description" />
		<parameter name="Notification" value="pass" />
	</step>
	<step type="JAVA" name="Create Group" linkFile="src/test/jmeter/ph_6.4/regression/group/CreateGroup.xml" description="Create Group" severity="Blocker" repeat="3">
		<parameter name="DEVICE_ID" value="device-2-##" />
		<parameter name="groupName" value="group-2-##"/>
		<parameter name="groupDesc" value="group description" />
		<parameter name="Notification" value="pass" />
	</step>
	<step type="JAVA" name="Create Group" linkFile="src/test/jmeter/ph_6.4/regression/group/CreateGroup.xml" description="Create Group" severity="Blocker" repeat="2">
		<parameter name="DEVICE_ID" value="device-3-##" />
		<parameter name="groupName" value="group-3-##"/>
		<parameter name="groupDesc" value="group description" />
		<parameter name="Notification" value="pass" />
	</step>
	<step type="JAVA" name="Create Group" linkFile="src/test/jmeter/ph_6.4/regression/group/CreateGroup.xml" description="Create Group" severity="Blocker" repeat="1">
		<parameter name="DEVICE_ID" value="device-4-##" />
		<parameter name="groupName" value="group-4-##"/>
		<parameter name="groupDesc" value="group description" />
		<parameter name="Notification" value="pass" />
	</step>
	<step type="JAVA" name="Create Group" linkFile="src/test/jmeter/ph_6.4/regression/group/CreateGroup.xml" description="Create Group" severity="Blocker">
		<parameter name="DEVICE_ID" value="device-1" />
		<parameter name="groupName" value="group-1-1-1"/>
		<parameter name="groupDesc" value="group description" />
		<parameter name="Notification" value="pass" />
	</step>
	<step type="JAVA" name="Create Group" linkFile="src/test/jmeter/ph_6.4/regression/group/CreateGroup.xml" description="Create Group" severity="Blocker" repeat="2">
		<parameter name="DEVICE_ID" value="device-2-1-##" />
		<parameter name="groupName" value="group-2-1-##"/>
		<parameter name="groupDesc" value="group description" />
		<parameter name="Notification" value="pass" />
	</step>
	<step type="JAVA" name="Create Group" linkFile="src/test/jmeter/ph_6.4/regression/group/CreateGroup.xml" description="Create Group" severity="Blocker" repeat="3">
		<parameter name="DEVICE_ID" value="device-3-1-##" />
		<parameter name="groupName" value="group-3-1-##"/>
		<parameter name="groupDesc" value="group description" />
		<parameter name="Notification" value="pass" />
	</step>
	<step type="JAVA" name="Create Group" linkFile="src/test/jmeter/ph_6.4/regression/group/CreateGroup.xml" description="Create Group" severity="Blocker" repeat="4">
		<parameter name="DEVICE_ID" value="device-4-1-##" />
		<parameter name="groupName" value="group-4-1-##"/>
		<parameter name="groupDesc" value="group description" />
		<parameter name="Notification" value="pass" />
	</step>
</steps>

