<steps>
	<step type="JAVA" name="Login" description=" " severity="Blocker">
		<component name="textbox"  action="entervalue" xpath="login.username" value="props::PH_LOGIN_USERNAME"/>
		<component name="textbox"  action="entervalue" xpath="login.password" value="props::PH_LOGIN_PASSWORD" />
		<component name="button" action="click" 	 xpath="login.submit"  />
	</step>
	<step type="JAVA" name="Click Tab" description=" " severity="Blocker">
		<component name="link"   action="click"      xpath="tab.operations" />
	</step>
	<step type="JAVA" name="Click SideMenu" description=" " severity="Blocker">
		<component name="link"   action="click"      xpath="sidemenu.operations.configurationset" />
	</step>	
	<step type="JAVA" name="Export Configuration Set" description=" " severity="Blocker">
		<parameter name="configName" value="nbics" />
		
		<component name="link"   action="click"      xpath="operations.configurationsets.configname.select" xpathInput="$$configName"/>
		<component name=""   action="menuselect"      xpath="operations.configurationsets.configname.arrow" xpathInput="$$configName" value="Export"/>
	</step>
</steps>