	<steps>
	<step type="START-DS" name="Start DS" description="Performs - START-DS " severity="Blocker">
		<parameter name="DEVICE_ID" value="dlc100-tc5510" />
		<parameter name="ACS_IP" value="props::ACS_IP" />
		<parameter name="DEVICE_DATA_MODEL_NAME" value="Gateway - DLC 100" />
	</step>
	<step type="DS" name="Set SoftwareVersion parameter to 1.02.66" description="Sets the parameter as not writeable in the Data model." severity="Blocker" >
			<parameter name="parameterName_1" value="InternetGatewayDevice.DeviceInfo.SoftwareVersion" />
			<component operation="changeWritable" name="$$parameterName_1" value="true" /> 
			<component name="timer" value="3" />
			<component operation="spv" name="$$parameterName_1"  value="1.02.66" /> 
			<component name="timer" value="3" />
			
	</step>
	<step type="DS" name="Set UpgradeStatus parameter to Uptodate" description="Sets the parameter as not writeable in the Data model." severity="Blocker" >
			<parameter name="parameterName_2" value="InternetGatewayDevice.DeviceInfo.X_CISCO_COM_Upgrade.ExternalDevice.9.UpgradeStatus" />
			<component operation="changeWritable" name="$$parameterName_2" value="true" /> 
			<component name="timer" value="3" />
			<component operation="spv" name="$$parameterName_2"  value="Uptodate" /> 
			<component name="timer" value="3" />
			
	</step>
	<step type="DS" name="Send Periodic Event" description="Performs - Send Periodic Event " severity="Blocker">
		<component operation="sendEvent" name="Periodic"/>
		<component name="timer" value="5" />
	</step>	
	<step type="JAVA" name="Login" description="PrimeHome Login" severity="Blocker">
		<component name="textbox"  action="entervalue" xpath="login.username" value="props::PH_LOGIN_USERNAME"/>
		<component name="textbox"  action="entervalue" xpath="login.password" value="props::PH_LOGIN_PASSWORD" />
		<component name="button" action="click" 	 xpath="login.submit"  />
	</step>	
	<step type="JAVA" name="Click Tab" description="Performs - Click Tab" severity="Blocker">
		<component name="link"   action="click"      xpath="tab.operations" />
	</step>
	<step type="JAVA" name="Click SideMenu" description="Performs - Click SideMenu" severity="Blocker">
		<component name="link"   action="click"      xpath="sidemenu.operations.groups" />
	</step>
	<step type="JAVA" name="Create Group" linkFile="src/test/jmeter/ph_6.4/regression/group/CreateGroup.xml" description="Performs - Create Group" severity="Blocker">
		<parameter name="groupName" value="group-tc5510" />
		<parameter name="groupDesc" value="group-tc5510 description" />
	</step>
	<step type="JAVA" name="Click File Management SideMenu" description="Click File Management SideMenu" severity="Blocker">
		<component name="link"   action="click"      xpath="sidemenu.operations.filemanagement" />
	</step>
	<step type="JAVA" name="Create FileManagement"  description="Performs - Create FileManagement" severity="Blocker" linkFile="src/test/jmeter/ph_6.4/regression/configurationsets/CreateFileManagement.xml">
		<parameter name="fmFileType" value="IPCAM 432 Firmware"/>
		<parameter name="fmTitle" value="dlc-frm-tc5510"/> 
		<parameter name="fmSoftwareVersion" value="1.02.68"/> 
		<parameter name="fmURL" value="https://host?version=1.02.68"/> 
	</step>
	<step type="JAVA" name="Click Configuration Sets SideMenu" description="Click Configuration Sets SideMenu" severity="Blocker">
		<component name="link"   action="click"      xpath="sidemenu.operations.configurationset" />
	</step>
	<step type="JAVA" name="Create Configuration Cset" linkFile="src/test/jmeter/ph_6.4/regression/configurationsets/ConfigurationSet.xml" description="Associate IPCAM 432 firmware to configuration set" severity="Blocker" repeat="1">
		<parameter name="configName" value="cset-tc5510" />		
		<parameter name="configDesc" value="This is tc5510 config set" />
		
	</step>
	<step type="JAVA" name="Associate a group with CSet" linkFile="src/test/jmeter/ph_6.4/regression/configurationsets/ConfigurationSet_AssocGroup.xml" description="Associate IPCAM 432 firmware to configuration set" severity="Blocker" repeat="1">
		<parameter name="configName" value="cset-tc5510" />		
		<parameter name="groupName" value="group-tc5510" />
		
	</step>
	<step type="JAVA" name="Associate File Management entry with Cset" linkFile="src/test/jmeter/ph_6.4/regression/configurationsets/ConfigurationSet_FileManagement.xml" description="Associate IPCAM 432 firmware to configuration set" severity="Blocker" repeat="1">
		<parameter name="configName" value="cset-tc5510" />		
		<parameter name="fileType" value="IPCAM 432 Firmware" />
		<parameter name="fileName" value="dlc-frm-tc5510" />
		<parameter name="fileStatus" value="Enable" />
	</step>
	<step type="JAVA" name="Activate Configuration Cset-TC5510" linkFile="src/test/jmeter/ph_6.4/regression/configurationsets/ActivateConfigurationSet.xml" description="Associate IPCAM 432 firmware to configuration set" severity="Blocker" repeat="1">
		<parameter name="configName" value="cset-tc5510" />				
	</step>
	
	<step type="JAVA" name="Click Device Management SideMenu" description="Performs - Click Device Management SideMenu" severity="Blocker">	
		<component name="link"   action="click"      xpath="sidemenu.operations.devicemanagement" />
	</step>
	
	<step type="JAVA" name="Navigate to device" description="Navigate to device" severity="Blocker">
		<parameter name="SerialNumber" value="'Serial Number'='dlc100-tc5510'" />	
		<component name="textbox"  action="entervalue" xpath="operations.devicemanagement.query" value="$$SerialNumber"/>
		<component name="button"  action="click" xpath="operations.devicemanagement.query.find" />
		<component name="timer" value="2" />
		<component name="button"  action="click" xpath="dashboard.searchdevices.quicksearch.device" xpathInput="$$DEVICE_ID"/>
		<component name="timer" value="10" />
	</step>
	<step type="JAVA" name="Force Firmware Upgrade" description="Force Firmware Upgrade" severity="Blocker">
		<component name="link"  action="click" xpath="operations.quick-actions.link" xpathInput="Force Firmware Upgrade"/>
		<component name="timer" value="1" />
		<component name="select"   action="entervalue" xpath="operations.quick-actions.select.dlcfirmware" type="regular" value="Prompted" />
		<component name="button" action="click" xpath="popup.message.ok"  />	
		<component name="timer" value="4" />
		<component name="notification" action="validate" xpath="notification.message" condition="contains" compareWith="Quick actions ( Force Firmware Upgrade ) : Operation completed successfully" valdesc="Force Firmware Upgrade" valkey="Force Firmware Upgrade" />
		<component name="timer" value="60" />
	</step>	
	<step type="JAVA" name="Click Software Inventory SideMenu" description="Performs - Click Software Inventory SideMenu" severity="Blocker">	
		<component name="link"  action="click" xpath="sidemenu.deviceview.softwareinventory" />
	</step>
	<step type="JAVA" name="Check Software Parameter change in Software Inventory " description="Performs - Click Software Inventory SideMenu" severity="Blocker">			
		<component name="button"  action="click" xpath="deviceview.devicepage.softwareinventory.tab" xpathInput="2"/>
		<component name="timer" value="3" />	
		<component name="textbox"  action="entervalue" xpath="deviceview.devicepage.softwareinventory.search.inputbox" value="ATT DLPP IP Camera 432"/>
		<component name="button" action="click" 	 xpath="deviceview.devicepage.softwareinventory.search.find.button"  />
		<component name="timer" value="6" />	
		<component name="" action="validate" xpath="deviceview.devicepage.softwareinventory.search.result.currentversion.locate" condition="equals" compareWith="1.02.68" valdesc="External device value in Current Version of Software Inventory" valkey="Current Version of IPCAM 432" />
		
	</step>
	<!-- parameters -->
	<step type="JAVA" name="Click Parameters SideMenu" description="Click Parameters SideMenu" severity="Blocker">
		<component name="link"   action="click"      xpath="sidemenu.deviceview.parameters" />
		<component name="timer" value="3" />
	</step>
	<step type="JAVA" name="Check Parameters" description="Check Parameters" severity="Blocker">	
		<component name="timer" value="3" />
		 
		<component name="select"  action="entervalue" xpath="deviceview.devicepage.parameters.search.input" value="InternetGatewayDevice.DeviceInfo.X_CISCO_COM_Upgrade.ExternalDevice.9.CurrentVersion" type="autocomplete"/>	
		
		<component name="timer" value="3" />
		
		<component name=""   action="extract" type="string" xpath="deviceview.devicepage.parameters.search.parameter.value" xpathInput="2,2"  saveTo="CurrentVersion" />
		
		<component name=""   action="validatevalues"  value="$$CurrentVersion"  compareWith="1.02.68" valdesc="CurrentVersion check" valkey="CurrentVersion"/>
		
		<component name="timer" value="3" />
		
		<component name="select"  action="entervalue" xpath="deviceview.devicepage.parameters.search.input" value="InternetGatewayDevice.DeviceInfo.X_CISCO_COM_Upgrade.ExternalDevice.9.PendingVersion" type="autocomplete"/>		
			
		<component name="timer" value="3" />
		
		<component name=""   action="extract"  type="string" xpath="deviceview.devicepage.parameters.search.parameter.value" xpathInput="2,2"  saveTo="PendingVersion" />
		
		<component name=""   action="validatevalues"  value="$$PendingVersion"  compareWith="1.02.68" valdesc="PendingVersion check" valkey="PendingVersion"/>
		
		<component name="timer" value="3" />
		
		<component name="select"  action="entervalue" xpath="deviceview.devicepage.parameters.search.input" value="InternetGatewayDevice.DeviceInfo.X_CISCO_COM_Upgrade.ExternalDevice.9.UpgradeStatus" type="autocomplete"/>	
		
		<component name="timer" value="3" />
		
		<component name=""   action="extract"  type="string" xpath="deviceview.devicepage.parameters.search.parameter.value" xpathInput="2,2"  saveTo="UpgradeStatus" />
		
		<component name=""   action="validatevalues"  value="$$UpgradeStatus"  compareWith="Uptodate" valdesc="UpgradeStatus check" valkey="UpgradeStatus"/>
		
		<component name="timer" value="3" />
		
		<component name="select"  action="entervalue" xpath="deviceview.devicepage.parameters.search.input" value="InternetGatewayDevice.DeviceInfo.X_CISCO_COM_Upgrade.ExternalDevice.9.ChannelStatus" type="autocomplete"/>
	
		<component name="timer" value="3" />
		
		<component name=""   action="extract"  type="string" xpath="deviceview.devicepage.parameters.search.parameter.value" xpathInput="2,2"  saveTo="ChannelStatus" />
		
		<component name=""   action="validatevalues"  value="$$ChannelStatus"  compareWith="" valdesc="ChannelStatus check" valkey="ChannelStatus"/>
		
		<component name="timer" value="3" />
		
		<component name="select"  action="entervalue" xpath="deviceview.devicepage.parameters.search.input" value="InternetGatewayDevice.DeviceInfo.X_CISCO_COM_Upgrade.ExternalDevice.9.DownloadStatus" type="autocomplete"/>	
		
		<component name="timer" value="3" />
		
		<component name=""   action="extract"  type="string" xpath="deviceview.devicepage.parameters.search.parameter.value" xpathInput="2,2" saveTo="DownloadStatus"  />
		
		<component name=""   action="validatevalues"  value="$$DownloadStatus"  compareWith="" valdesc="DownloadStatus check" valkey="DownloadStatus"/>
		
		<component name="timer" value="3" />
		
		<component name="select"  action="entervalue" xpath="deviceview.devicepage.parameters.search.input"  value="InternetGatewayDevice.DeviceInfo.X_CISCO_COM_Upgrade.ExternalDevice.9.LastTransferError" type="autocomplete"/>	
		
		<component name="timer" value="3" />
		
		<component name=""   action="extract"  type="string" xpath="deviceview.devicepage.parameters.search.parameter.value" xpathInput="2,2"  saveTo="LastTransferError" />
		
		<component name=""   action="validatevalues"  value="$$LastTransferError"  compareWith="" valdesc="LastTransferError check" valkey="LastTransferError"/>
		
		<component name="timer" value="3" />
		
		<component name="select"  action="entervalue" xpath="deviceview.devicepage.parameters.search.input"  value="InternetGatewayDevice.DeviceInfo.X_CISCO_COM_Upgrade.ExternalDevice.9.ModelName" type="autocomplete"/>	

		<component name="timer" value="3" />
		
		<component name=""   action="extract"  type="string" xpath="deviceview.devicepage.parameters.search.parameter.value" xpathInput="2,2"  saveTo="ModelName" />
		
		<component name=""   action="validatevalues"  value="$$ModelName"  compareWith="ATT DLPP IP Camera 432" valdesc="ModelName check" valkey="ModelName"/>
		
		<component name="timer" value="3" />
		
		<component name="select"  action="entervalue" xpath="deviceview.devicepage.parameters.search.input"  value="InternetGatewayDevice.DeviceInfo.X_CISCO_COM_Upgrade.ExternalDevice.9.UpgradeStatusDetails" type="autocomplete"/>		
		
		<component name="timer" value="3" />
		
		<component name=""   action="extract"  type="string" xpath="deviceview.devicepage.parameters.search.parameter.value" xpathInput="2,2" saveTo="UpgradeStatusDetails" />
		
		<component name=""   action="validatevalues"  value="$$ModelName"  compareWith="" valdesc="UpgradeStatusDetails check" valkey="UpgradeStatusDetails"/>
		
		
	</step>	
	
	
	<step type="JAVA" name="Click Operations Tab" description="Performs - Click Tab" severity="Blocker">
		<component name="link"   action="click"      xpath="tab.operations" />
	</step>
	
	<step type="JAVA" name="Click Firmware Monitoring SideMenu" description="Performs - Click Firmware Monitoring SideMenu" severity="Blocker">
		<component name="link"   action="click"      xpath="sidemenu.operations.firmwaremonitoring" />
	</step>
	<step type="JAVA" name="Firmware Monitoring Statistics Report After Upgrade" description="Performs - Firmware Monitoring Statistics Report After Upgrade" severity="Blocker">
		<component name="timer" value="4" />
		<component name="textbox"  action="entervalue" xpath="operations.firmwaremonitoring.report.name" type="autocomplete" value="$$configName"/>
		<component name="radiobutton" xpath="operations.firmwaremonitoring.report.type" action="click" xpathInput="statistic_only" />
		<component name="button" action="click" xpath="operations.firmwaremonitoring.report.generate"  />
		<component name="timer" value="5" />
		<component name=""   action="extract"  type="table"    xpath="operations.firmwaremonitoring.report.statisticdata" saveTo="firmwarestatistics" />
		<component name=""   action="rowaction" value="JMETEROBJ::firmwarestatistics" compareWith="1"  columnindex="1,2" saveTo="TargetDevices" tableaction="gettext" elementtype="text"/>	
		<component name=""   action="rowaction" value="JMETEROBJ::firmwarestatistics" compareWith="1"  columnindex="1,4" saveTo="Success" tableaction="gettext" elementtype="text"/>	
					
	</step>
	
	
	<step type="JAVA" name="Click Device Management SideMenu" description="Performs - Click Device Management SideMenu" severity="Blocker">	
		<component name="link"   action="click"      xpath="sidemenu.operations.devicemanagement" />
	</step>
	
	<step type="JAVA" name="Delete Device" description="selects the devices and chooses delete device option to remove it from PH.." severity="Major">
		<parameter name="SerialNumber" value="'Serial Number'='dlc100-tc5510'" />	
		<component name="textbox"  action="entervalue" xpath="operations.devicemanagement.query" value="$$SerialNumber"/>
		<component name="button"  action="click" xpath="operations.devicemanagement.query.find" />
		<component name="timer" value="2" />
		<component name="checkbox"  action="enable" xpath="operations.devicemanagement.checkselected" xpathInput = "dlc100-tc5510" />
		<component name="timer" value="1" />
		
		<component name="button" action="click" xpath="operations.devicemanagement.device.delete" />
		<component name="timer" value="2"/>
		<component name="button" xpath="popup.message.ok" action="click"/>
		<component name="timer" value="2"/>
		<component name="notification" action="validate" xpath="notification.message" compareWith="Search Devices: Operation completed successfully"/>
		
	</step>
	
	<step type="JAVA" name="Click Configuration Sets SideMenu" description="Click Configuration Sets SideMenu" severity="Blocker">
		<component name="link"   action="click"      xpath="sidemenu.operations.configurationset" />
	</step>
	<step type="JAVA" name="Delete ConfigurationSet"  linkFile="src/test/jmeter/ph_6.4/regression/configurationsets/DeleteCSET.xml" description="Delete Configuration set " severity="Blocker">
		<parameter name="configName" value="cset-tc5510" />
	</step>
		
	
	
	<step type="JAVA" name="Click Groups SideMenu" description="Performs Click on SideMenu " severity="Major">
		<component name="link"   action="click"      xpath="sidemenu.operations.groups" />
	</step>
	<step type="JAVA" name="Delete Group"  linkFile="src/test/jmeter/ph_6.4/regression/group/DeleteGroup.xml" description="Performs Group Deletion " severity="Major">
	</step>
	
	<step type="JAVA" name="Click File Management SideMenu" description="Click File Management SideMenu" severity="Blocker">
		<component name="link"   action="click"      xpath="sidemenu.operations.filemanagement" />
	</step>
	<step type="JAVA" name="Delete FileManagement" linkFile="src/test/jmeter/ph_6.4/regression/configurationsets/DeleteFileManagement.xml" description="FileManagement deletion" severity="Blocker">
		<parameter name="fileName" value="dlc-frm-tc5510" />
	</step>
	
</steps>

