<steps>
	<!-- <step type="START-DS" name="Start DS" description="Performs - START-DS " severity="Blocker">
		<parameter name="DEVICE_ID" value="test-dlpp-1" />
		<parameter name="ACS_IP" value="props::ACS_IP" />
		<parameter name="DEVICE_DATA_MODEL_NAME" value="Gateway - DLC 100" />
	</step>
	<step type="START-DS" name="Start DS" description="Performs - START-DS " severity="Blocker">
		<parameter name="DEVICE_ID" value="test-dlpp-2" />
		<parameter name="ACS_IP" value="props::ACS_IP" />
		<parameter name="DEVICE_DATA_MODEL_NAME" value="Gateway - DLC 100" />
	</step>
	<step type="START-DS" name="Start DS" description="Performs - START-DS " severity="Blocker">
		<parameter name="DEVICE_ID" value="test-dlpp-3" />
		<parameter name="ACS_IP" value="props::ACS_IP" />
		<parameter name="DEVICE_DATA_MODEL_NAME" value="Gateway - DLC 100" />
	</step> -->
	<step type="START-MULTI-DS" name="Start Multiple DS" online="3" offline="0">
		<parameter name="ACS_IP" value="props::ACS_IP" />
		<parameter name="DEVICE_DATA_MODEL_NAME" value="Gateway - DLC 100" /> 
		<parameter name="groupTestName" value="test1" />
	 	<parameter name="DEVICE_PRE" value="props::DEVICE_PRE" />
		<parameter name="deviceCount" value="3" />
	</step>
	<!-- <step type="DS" name="Send Boot Event" description="Performs - Send Boot Event" severity="Blocker">
		<component operation="sendEvent" name="Boot" deviceid="DEVICE-1"/>	
		<component name="timer" value="6" />
		<component operation="sendEvent" name="Boot" deviceid="DEVICE-2"/>	
		<component name="timer" value="6" />
		<component operation="sendEvent" name="Boot" deviceid="DEVICE-3"/>	
		<component name="timer" value="6" />
		<component operation="sendEvent" name="Boot" deviceid="DEVICE-4"/>	
		<component name="timer" value="10" />
	</step> -->
	<step type="DS" name="Set SoftwareVersion parameter to 1.02.66" description="Sets the parameter as not writeable in the Data model." severity="Blocker" >
			<parameter name="parameterName_1" value="InternetGatewayDevice.DeviceInfo.SoftwareVersion" />
			<component operation="changeWritable" name="$$parameterName_1" value="true" deviceid="DEVICE-1"/> 
			<component name="timer" value="3" />
			<component operation="spv" name="$$parameterName_1"  value="1.02.66" deviceid="DEVICE-1" /> 
			<component name="timer" value="3" />
			<!-- <component operation="gpv" name="$$parameterName_1" saveTo="1.02.66"/> -->
			<!-- <component name="timer" value="30" />  -->
	</step>
	<step type="DS" name="Set SoftwareVersion parameter to 1.02.66" description="Sets the parameter as not writeable in the Data model." severity="Blocker" >
			<parameter name="parameterName_1" value="InternetGatewayDevice.DeviceInfo.SoftwareVersion" />
			<component operation="changeWritable" name="$$parameterName_1" value="true" deviceid="DEVICE-2"/> 
			<component name="timer" value="3" />
			<component operation="spv" name="$$parameterName_1"  value="1.02.66" deviceid="DEVICE-2" /> 
			<component name="timer" value="3" />
			<!-- <component operation="gpv" name="$$parameterName_1" saveTo="1.02.66"/> -->
			<!-- <component name="timer" value="30" />  -->
	</step>
	<step type="DS" name="Set SoftwareVersion parameter to 1.02.66" description="Sets the parameter as not writeable in the Data model." severity="Blocker" >
			<parameter name="parameterName_1" value="InternetGatewayDevice.DeviceInfo.SoftwareVersion" />
			<component operation="changeWritable" name="$$parameterName_1" value="true" deviceid="DEVICE-3"/> 
			<component name="timer" value="3" />
			<component operation="spv" name="$$parameterName_1"  value="1.02.66" deviceid="DEVICE-3" /> 
			<component name="timer" value="3" />
			<!-- <component operation="gpv" name="$$parameterName_1" saveTo="1.02.66"/> -->
			<!-- <component name="timer" value="30" />  -->
	</step>
	
	<step type="DS" name="Send Periodic Event" description="Performs - Send Periodic Event " severity="Blocker">
		<component operation="sendEvent" name="Periodic" deviceid="DEVICE-1" />
		<component name="timer" value="5" />
		<component operation="sendEvent" name="Periodic" deviceid="DEVICE-2" />
		<component name="timer" value="5" />
		<component operation="sendEvent" name="Periodic" deviceid="DEVICE-3" />
		<component name="timer" value="5" />
		
	</step>	
	<step type="JAVA" name="Login" description="PrimeHome Login" severity="Blocker">
		<component name="textbox"  action="entervalue" xpath="login.username" value="props::PH_LOGIN_USERNAME"/>
		<component name="textbox"  action="entervalue" xpath="login.password" value="props::PH_LOGIN_PASSWORD" />
		<component name="button" action="click" 	 xpath="login.submit"  />
	</step>	
	<step type="JAVA" name="Click Operations Tab" description="Performs - Click Operations Tab" severity="Blocker">
		<component name="link"   action="click"      xpath="tab.operations" />
	</step>
	<step type="JAVA" name="Click SideMenu" description="Performs - Click SideMenu" severity="Blocker">
		<component name="link"   action="click"      xpath="sidemenu.operations.groups" />
	</step>
	<step type="JAVA" name="Create Group" linkFile="src/test/jmeter/ph_6.4/regression/group/CreateGroup.xml" description="Performs - Create Group" severity="Blocker">
		<parameter name="DEVICE_ID" value="$$CPE-1" />
		<parameter name="groupName" value="group-afm-tc5513" />
		<parameter name="groupDesc" value="group-tc5513 description" />
	</step>
	<step type="JAVA" name="Create Group" linkFile="src/test/jmeter/ph_6.4/regression/group/CreateGroup.xml" description="Performs - Create Group" severity="Blocker">
		<parameter name="DEVICE_ID" value="$$CPE-2" />
		<parameter name="groupName" value="group-lprf-tc5513" />
		<parameter name="groupDesc" value="group-tc5513 description" />
	</step>
	<step type="JAVA" name="Create Group" linkFile="src/test/jmeter/ph_6.4/regression/group/CreateGroup.xml" description="Performs - Create Group" severity="Blocker">
		<parameter name="DEVICE_ID" value="$$CPE-3" />
		<parameter name="groupName" value="group-zwave-tc5513" />
		<parameter name="groupDesc" value="group-tc5513 description" />
	</step>
	<step type="JAVA" name="Click File Management SideMenu" description="Click File Management SideMenu" severity="Blocker">
		<component name="link"   action="click"      xpath="sidemenu.operations.filemanagement" />
	</step>
	<step type="JAVA" name="Create FileManagement"  description="Performs - Create FileManagement" severity="Blocker" linkFile="src/test/jmeter/ph_6.4/regression/configurationsets/CreateFileManagement.xml">
		<parameter name="fmFileType" value="OTA AFM Firmware"/>
		<parameter name="fmTitle" value="dlc-frm-afm-tc5513"/> 
		<parameter name="fmSoftwareVersion" value="1.02.68"/> 
		<parameter name="fmURL" value="https://host?version=1.02.68"/> 
	</step>
	<step type="JAVA" name="Create FileManagement"  description="Performs - Create FileManagement" severity="Blocker" linkFile="src/test/jmeter/ph_6.4/regression/configurationsets/CreateFileManagement.xml">
		<parameter name="fmFileType" value="OTA LPRF Firmware"/>
		<parameter name="fmTitle" value="dlc-frm-lprf-tc5513"/> 
		<parameter name="fmSoftwareVersion" value="1.02.68"/> 
		<parameter name="fmURL" value="https://host?version=1.02.68"/> 
	</step>
	<step type="JAVA" name="Create FileManagement"  description="Performs - Create FileManagement" severity="Blocker" linkFile="src/test/jmeter/ph_6.4/regression/configurationsets/CreateFileManagement.xml">
		<parameter name="fmFileType" value="OTA Zwave Firmware"/>
		<parameter name="fmTitle" value="dlc-frm-zwave-tc5513"/> 
		<parameter name="fmSoftwareVersion" value="1.02.68"/> 
		<parameter name="fmURL" value="https://host?version=1.02.68"/> 
	</step>
	<step type="JAVA" name="Click Configuration Sets SideMenu" description="Click Configuration Sets SideMenu" severity="Blocker">
		<component name="link"   action="click"      xpath="sidemenu.operations.configurationset" />
	</step>
	<step type="JAVA" name="Create Configuration Cset" linkFile="src/test/jmeter/ph_6.4/regression/configurationsets/ConfigurationSet.xml" description="Create Configuration set" severity="Blocker" repeat="1">
		<parameter name="configName" value="cset-afm-tc5513" />		
		<parameter name="configDesc" value="This is tc5513 config set" />		
	</step>
	
	<step type="JAVA" name="Associate a group with CSet" linkFile="src/test/jmeter/ph_6.4/regression/configurationsets/ConfigurationSet_AssocGroup.xml" description="Associate Group to Configuration set" severity="Blocker" repeat="1">
		<parameter name="configName" value="cset-afm-tc5513" />		
		<parameter name="groupName" value="group-afm-tc5513" />		
	</step>
	<step type="JAVA" name="Associate File Management entry with Cset" linkFile="src/test/jmeter/ph_6.4/regression/configurationsets/ConfigurationSet_FileManagement.xml" description="Associate OTA AFM firmware to configuration set" severity="Blocker" repeat="1">
		<parameter name="configName" value="cset-afm-tc5513" />		
		<parameter name="fileType" value="OTA AFM Firmware" />
		<parameter name="fileName" value="dlc-frm-afm-tc5513" />
		<parameter name="fileStatus" value="Enable" />
	</step>	
	<step type="JAVA" name="Activate Configuration" linkFile="src/test/jmeter/ph_6.4/regression/configurationsets/ActivateConfigurationSet.xml" description="Activate configuration set" severity="Blocker" repeat="1">
		<parameter name="configName" value="cset-afm-tc5513" />				
	</step>
	
	
	<step type="JAVA" name="Click Operations Tab" description="Performs - Click Operations Tab" severity="Blocker">
		<component name="link"   action="click"      xpath="tab.operations" />
	</step>
	<step type="JAVA" name="Click Device Management SideMenu" description="Performs - Click Device Management SideMenu" severity="Blocker">	
		<component name="link"   action="click"      xpath="sidemenu.operations.devicemanagement" />
	</step>
	
	<step type="JAVA" name="Navigate to device" description="Navigate to device" severity="Blocker">
		<parameter name="SerialNumber" value="'Serial Number' LIKE $$CPE-1" />	
		<component name="textbox"  action="entervalue" xpath="operations.devicemanagement.query" value="$$SerialNumber"/>
		<component name="button"  action="click" xpath="operations.devicemanagement.query.find" />
		<component name="timer" value="2" />
		<component name="button"  action="click" xpath="dashboard.searchdevices.quicksearch.device" xpathInput="$$CPE-1"/>
		<component name="timer" value="10" />
	</step>
	<step type="JAVA" name="Force Firmware Upgrade" description="Force Firmware Upgrade" severity="Blocker">
		<component name="link"  action="click" xpath="operations.quick-actions.link" xpathInput="Force Firmware Upgrade"/>
		<component name="timer" value="1" />
		<component name="select"   action="entervalue" xpath="operations.quick-actions.select.dlcfirmware" type="regular" value="Prompted" />
		<component name="button" action="click" xpath="popup.message.ok"  />	
		<component name="timer" value="4" />
		<component name="notification" action="validate" xpath="notification.message" condition="contains" compareWith="Quick actions ( Force Firmware Upgrade ) : Operation completed successfully" valdesc="Force Firmware Upgrade" valkey="Force Firmware Upgrade" />
		<component name="timer" value="60" />
	</step>	
	<step type="JAVA" name="Click Software Inventory SideMenu" description="Performs - Click Software Inventory SideMenu" severity="Blocker">	
		<component name="link"  action="click" xpath="sidemenu.deviceview.softwareinventory" />
	</step>
	<step type="JAVA" name="Check Software Parameter change in Software Inventory " description="Performs - Click Software Inventory SideMenu" severity="Blocker">			
		<component name="button"  action="click" xpath="deviceview.devicepage.softwareinventory.tab" xpathInput="2"/>
		<component name="timer" value="3" />	
		<component name="textbox"  action="entervalue" xpath="deviceview.devicepage.softwareinventory.search.inputbox" value="ATT DLPP AFM"/>
		<component name="button" action="click" 	 xpath="deviceview.devicepage.softwareinventory.search.find.button"  />
		<component name="timer" value="6" />	
		<component name="" action="validate" xpath="deviceview.devicepage.softwareinventory.search.result.currentversion.locate" condition="equals" compareWith="1.02.68" valdesc="External device value in Current Version of Software Inventory" valkey="Current Version of AFM" />
		
	</step>
	
	<step type="JAVA" name="Click Operations Tab" description="Performs - Click Operations Tab" severity="Blocker">
		<component name="link"   action="click"      xpath="tab.operations" />
	</step>
	
	
	<step type="JAVA" name="Click Firmware Monitoring SideMenu" description="Performs - Click Firmware Monitoring SideMenu" severity="Blocker">
		<component name="link"   action="click"      xpath="sidemenu.operations.firmwaremonitoring" />
	</step>
	<step type="JAVA" name="Firmware Monitoring Statistics Report After Upgrade" description="Performs - Firmware Monitoring Statistics Report After Upgrade" severity="Blocker">
		<component name="timer" value="4" />
		<component name="textbox"  action="entervalue" xpath="operations.firmwaremonitoring.report.name" type="autocomplete" value="$$configName"/>
		<component name="radiobutton" xpath="operations.firmwaremonitoring.report.type" action="click" xpathInput="statistic_only" />
		<component name="button" action="click" xpath="operations.firmwaremonitoring.report.generate"  />
		<component name="timer" value="5" />
		<component name=""   action="extract"  type="table"    xpath="operations.firmwaremonitoring.report.statisticdata" saveTo="firmwarestatistics" />
		<component name=""   action="rowaction" value="JMETEROBJ::firmwarestatistics" compareWith="1"  columnindex="1,2" saveTo="TargetDevices" tableaction="gettext" elementtype="text"/>	
		<component name=""   action="rowaction" value="JMETEROBJ::firmwarestatistics" compareWith="1"  columnindex="1,4" saveTo="Success" tableaction="gettext" elementtype="text"/>	
					
	</step>
	
	
	
	
	
	
	<step type="JAVA" name="Click Operations Tab" description="Performs - Click Operations Tab" severity="Blocker">
		<component name="link"   action="click"      xpath="tab.operations" />
	</step>
	<step type="JAVA" name="Click Configuration Sets SideMenu" description="Click Configuration Sets SideMenu" severity="Blocker">
		<component name="link"   action="click"      xpath="sidemenu.operations.configurationset" />
	</step>
	<step type="JAVA" name="Create Configuration Cset" linkFile="src/test/jmeter/ph_6.4/regression/configurationsets/ConfigurationSet.xml" description="Create Configuration set" severity="Blocker" repeat="1">
		<parameter name="configName" value="cset-lprf-tc5513" />		
		<parameter name="configDesc" value="This is tc5513 config set" />		
	</step>
	
	<step type="JAVA" name="Associate a group with CSet" linkFile="src/test/jmeter/ph_6.4/regression/configurationsets/ConfigurationSet_AssocGroup.xml" description="Associate Group to Configuration set" severity="Blocker" repeat="1">
		<parameter name="configName" value="cset-lprf-tc5513" />		
		<parameter name="groupName" value="group-lprf-tc5513" />	
	
	</step>		
	
	<step type="JAVA" name="Associate File Management entry with Cset" linkFile="src/test/jmeter/ph_6.4/regression/configurationsets/ConfigurationSet_FileManagement.xml" description="Associate OTA LPRF firmware to configuration set" severity="Blocker" repeat="1">
		<parameter name="configName" value="cset-lprf-tc5513" />		
		<parameter name="fileType" value="OTA LPRF Firmware" />
		<parameter name="fileName" value="dlc-frm-lprf-tc5513" />
		<parameter name="fileStatus" value="Enable" />
	</step>
	
	<step type="JAVA" name="Activate Configuration" linkFile="src/test/jmeter/ph_6.4/regression/configurationsets/ActivateConfigurationSet.xml" description="Activate configuration set" severity="Blocker" repeat="1">
		<parameter name="configName" value="cset-lprf-tc5513" />				
	</step>
	
	
	
	<step type="JAVA" name="Click Operations Tab" description="Performs - Click Operations Tab" severity="Blocker">
		<component name="link"   action="click"      xpath="tab.operations" />
	</step>
	<step type="JAVA" name="Click Device Management SideMenu" description="Performs - Click Device Management SideMenu" severity="Blocker">	
		<component name="link"   action="click"      xpath="sidemenu.operations.devicemanagement" />
	</step>
	
	<step type="JAVA" name="Navigate to device" description="Navigate to device" severity="Blocker">
		<parameter name="SerialNumber" value="Serial Number' LIKE $$CPE-2" />	
		<component name="textbox"  action="entervalue" xpath="operations.devicemanagement.query" value="$$SerialNumber"/>
		<component name="button"  action="click" xpath="operations.devicemanagement.query.find" />
		<component name="timer" value="2" />
		<component name="button"  action="click" xpath="dashboard.searchdevices.quicksearch.device" xpathInput="$$CPE-2"/>
		<component name="timer" value="10" />
	</step>
	<step type="JAVA" name="Force Firmware Upgrade" description="Force Firmware Upgrade" severity="Blocker">
		<component name="link"  action="click" xpath="operations.quick-actions.link" xpathInput="Force Firmware Upgrade"/>
		<component name="timer" value="1" />
		<component name="select"   action="entervalue" xpath="operations.quick-actions.select.dlcfirmware" type="regular" value="Prompted" />
		<component name="button" action="click" xpath="popup.message.ok"  />	
		<component name="timer" value="4" />
		<component name="notification" action="validate" xpath="notification.message" condition="contains" compareWith="Quick actions ( Force Firmware Upgrade ) : Operation completed successfully" valdesc="Force Firmware Upgrade" valkey="Force Firmware Upgrade" />
		<component name="timer" value="60" />
	</step>	
	<step type="JAVA" name="Click Software Inventory SideMenu" description="Performs - Click Software Inventory SideMenu" severity="Blocker">	
		<component name="link"  action="click" xpath="sidemenu.deviceview.softwareinventory" />
	</step>
	<step type="JAVA" name="Check Software Parameter change in Software Inventory " description="Performs - Click Software Inventory SideMenu" severity="Blocker">			
		<component name="button"  action="click" xpath="deviceview.devicepage.softwareinventory.tab" xpathInput="2"/>
		<component name="timer" value="3" />	
		<component name="textbox"  action="entervalue" xpath="deviceview.devicepage.softwareinventory.search.inputbox" value="ATT DLPP LPRF"/>
		<component name="button" action="click" 	 xpath="deviceview.devicepage.softwareinventory.search.find.button"  />
		<component name="timer" value="6" />	
		<component name="" action="validate" xpath="deviceview.devicepage.softwareinventory.search.result.currentversion.locate" condition="equals" compareWith="1.02.68" valdesc="External device value in Current Version of Software Inventory" valkey="Current Version of LPRF" />
		
	</step>
	<step type="JAVA" name="Click Operations Tab" description="Performs - Click Operations Tab" severity="Blocker">
		<component name="link"   action="click"      xpath="tab.operations" />
	</step>
	
	<step type="JAVA" name="Click Firmware Monitoring SideMenu" description="Performs - Click Firmware Monitoring SideMenu" severity="Blocker">
		<component name="link"   action="click"      xpath="sidemenu.operations.firmwaremonitoring" />
	</step>
	<step type="JAVA" name="Firmware Monitoring Statistics Report After Upgrade" description="Performs - Firmware Monitoring Statistics Report After Upgrade" severity="Blocker">
		<component name="timer" value="4" />
		<component name="textbox"  action="entervalue" xpath="operations.firmwaremonitoring.report.name" type="autocomplete" value="$$configName"/>
		<component name="radiobutton" xpath="operations.firmwaremonitoring.report.type" action="click" xpathInput="statistic_only" />
		<component name="button" action="click" xpath="operations.firmwaremonitoring.report.generate"  />
		<component name="timer" value="5" />
		<component name=""   action="extract"  type="table"    xpath="operations.firmwaremonitoring.report.statisticdata" saveTo="firmwarestatistics" />
		<component name=""   action="rowaction" value="JMETEROBJ::firmwarestatistics" compareWith="1"  columnindex="1,2" saveTo="TargetDevices" tableaction="gettext" elementtype="text"/>	
		<component name=""   action="rowaction" value="JMETEROBJ::firmwarestatistics" compareWith="1"  columnindex="1,4" saveTo="Success" tableaction="gettext" elementtype="text"/>	
					
	</step>
	
	
	
	
	<step type="JAVA" name="Click Operations Tab" description="Performs - Click Operations Tab" severity="Blocker">
		<component name="link"   action="click"      xpath="tab.operations" />
	</step>
	<step type="JAVA" name="Click Configuration Sets SideMenu" description="Click Configuration Sets SideMenu" severity="Blocker">
		<component name="link"   action="click"      xpath="sidemenu.operations.configurationset" />
	</step>
	
	<step type="JAVA" name="Create Configuration Cset" linkFile="src/test/jmeter/ph_6.4/regression/configurationsets/ConfigurationSet.xml" description="Create Configuration set" severity="Blocker" repeat="1">
		<parameter name="configName" value="cset-zwave-tc5513" />		
		<parameter name="configDesc" value="This is tc5513 config set" />		
	</step>
	
	<step type="JAVA" name="Associate a group with CSet" linkFile="src/test/jmeter/ph_6.4/regression/configurationsets/ConfigurationSet_AssocGroup.xml" description="Associate Group to Configuration set" severity="Blocker" repeat="1">
		<parameter name="configName" value="cset-zwave-tc5513" />		
		<parameter name="groupName" value="group-zwave-tc5513" />		
	</step>		
	
	<step type="JAVA" name="Associate File Management entry with Cset" linkFile="src/test/jmeter/ph_6.4/regression/configurationsets/ConfigurationSet_FileManagement.xml" description="Associate OTA Zwave firmware to configuration set" severity="Blocker" repeat="1">
		<parameter name="configName" value="cset-zwave-tc5513" />		
		<parameter name="fileType" value="OTA Zwave Firmware" />
		<parameter name="fileName" value="dlc-frm-zwave-tc5513" />
		<parameter name="fileStatus" value="Enable" />
	</step>
	
	<step type="JAVA" name="Activate Configuration" linkFile="src/test/jmeter/ph_6.4/regression/configurationsets/ActivateConfigurationSet.xml" description="Activate configuration set" severity="Blocker" repeat="1">
		<parameter name="configName" value="cset-zwave-tc5513" />				
	</step>	
	
	<step type="JAVA" name="Click Operations Tab" description="Performs - Click Operations Tab" severity="Blocker">
		<component name="link"   action="click"      xpath="tab.operations" />
	</step>
	<step type="JAVA" name="Click Device Management SideMenu" description="Performs - Click Device Management SideMenu" severity="Blocker">	
		<component name="link"   action="click"      xpath="sidemenu.operations.devicemanagement" />
	</step>
	
	<step type="JAVA" name="Navigate to device" description="Navigate to device" severity="Blocker">
		<parameter name="SerialNumber" value="Serial Number' LIKE $$CPE-3" />	
		<component name="textbox"  action="entervalue" xpath="operations.devicemanagement.query" value="$$SerialNumber"/>
		<component name="button"  action="click" xpath="operations.devicemanagement.query.find" />
		<component name="timer" value="2" />
		<component name="button"  action="click" xpath="dashboard.searchdevices.quicksearch.device" xpathInput="$$CPE-3"/>
		<component name="timer" value="10" />
	</step>
	<step type="JAVA" name="Force Firmware Upgrade" description="Force Firmware Upgrade" severity="Blocker">
		<component name="link"  action="click" xpath="operations.quick-actions.link" xpathInput="Force Firmware Upgrade"/>
		<component name="timer" value="1" />
		<component name="select"   action="entervalue" xpath="operations.quick-actions.select.dlcfirmware" type="regular" value="Prompted" />
		<component name="button" action="click" xpath="popup.message.ok"  />	
		<component name="timer" value="4" />
		<component name="notification" action="validate" xpath="notification.message" condition="contains" compareWith="Quick actions ( Force Firmware Upgrade ) : Operation completed successfully" valdesc="Force Firmware Upgrade" valkey="Force Firmware Upgrade" />
		<component name="timer" value="60" />
	</step>	
	<step type="JAVA" name="Click Software Inventory SideMenu" description="Performs - Click Software Inventory SideMenu" severity="Blocker">	
		<component name="link"  action="click" xpath="sidemenu.deviceview.softwareinventory" />
	</step>
	<step type="JAVA" name="Check Software Parameter change in Software Inventory " description="Performs - Click Software Inventory SideMenu" severity="Blocker">			
		<component name="button"  action="click" xpath="deviceview.devicepage.softwareinventory.tab" xpathInput="2"/>			
		<component name="timer" value="3" />	
		<component name="textbox"  action="entervalue" xpath="deviceview.devicepage.softwareinventory.search.inputbox" value="ATT DLPP ZWAVE"/>
		<component name="button" action="click" 	 xpath="deviceview.devicepage.softwareinventory.search.find.button"  />
		<component name="timer" value="6" />	
		<component name="" action="validate" xpath="deviceview.devicepage.softwareinventory.search.result.currentversion.locate" condition="equals" compareWith="1.02.68" valdesc="External device value in Current Version of Software Inventory" valkey="Current Version of ZWAVE" />	
	</step>
		
	<step type="JAVA" name="Click Operations Tab" description="Performs - Click Operations Tab" severity="Blocker">
		<component name="link"   action="click"      xpath="tab.operations" />
	</step>
	
	<step type="JAVA" name="Click Firmware Monitoring SideMenu" description="Performs - Click Firmware Monitoring SideMenu" severity="Blocker">
		<component name="link"   action="click"      xpath="sidemenu.operations.firmwaremonitoring" />
	</step>
	<step type="JAVA" name="Firmware Monitoring Statistics Report After Upgrade" description="Performs - Firmware Monitoring Statistics Report After Upgrade" severity="Blocker">
		<component name="timer" value="4" />
		<component name="textbox"  action="entervalue" xpath="operations.firmwaremonitoring.report.name" type="autocomplete" value="$$configName"/>
		<component name="radiobutton" xpath="operations.firmwaremonitoring.report.type" action="click" xpathInput="statistic_only" />
		<component name="button" action="click" xpath="operations.firmwaremonitoring.report.generate"  />
		<component name="timer" value="5" />
		<component name=""   action="extract"  type="table"    xpath="operations.firmwaremonitoring.report.statisticdata" saveTo="firmwarestatistics" />
		<component name=""   action="rowaction" value="JMETEROBJ::firmwarestatistics" compareWith="1"  columnindex="1,2" saveTo="TargetDevices" tableaction="gettext" elementtype="text"/>	
		<component name=""   action="rowaction" value="JMETEROBJ::firmwarestatistics" compareWith="1"  columnindex="1,4" saveTo="Success" tableaction="gettext" elementtype="text"/>	
					
	</step>
	
	<step type="JAVA" name="Click Configuration Sets SideMenu" description="Click Configuration Sets SideMenu" severity="Blocker">
		<component name="link"   action="click"      xpath="sidemenu.operations.configurationset" />
	</step>
	
	
	
	<step type="JAVA" name="Delete ConfigurationSet"  linkFile="src/test/jmeter/ph_6.4/regression/configurationsets/DeleteCSET.xml" description="Delete Configuration set " severity="Blocker">
		<parameter name="configName" value="cset-zwave-tc5513" />
	</step>	
	<step type="JAVA" name="Delete ConfigurationSet"  linkFile="src/test/jmeter/ph_6.4/regression/configurationsets/DeleteCSET.xml" description="Delete Configuration set " severity="Blocker">
		<parameter name="configName" value="cset-afm-tc5513" />
	</step>
	<step type="JAVA" name="Delete ConfigurationSet"  linkFile="src/test/jmeter/ph_6.4/regression/configurationsets/DeleteCSET.xml" description="Delete Configuration set " severity="Blocker">
		<parameter name="configName" value="cset-lprf-tc5513" />
	</step>
	
		
	<step type="JAVA" name="Click SideMenu" description="Performs Click on SideMenu " severity="Major">
		<component name="link"   action="click"      xpath="sidemenu.operations.groups" />
	</step>
	<step type="JAVA" name="Delete Group"  linkFile="src/test/jmeter/ph_6.4/regression/group/DeleteGroup.xml" description="Performs Group Deletion " severity="Major">
		<parameter name="groupName" value="group-afm-tc5513" />
	</step>	
	<step type="JAVA" name="Delete Group"  linkFile="src/test/jmeter/ph_6.4/regression/group/DeleteGroup.xml" description="Performs Group Deletion " severity="Major">
		<parameter name="groupName" value="group-zwave-tc5513" />
	</step>	
	<step type="JAVA" name="Delete Group"  linkFile="src/test/jmeter/ph_6.4/regression/group/DeleteGroup.xml" description="Performs Group Deletion " severity="Major">
		<parameter name="groupName" value="group-lprf-tc5513" />
	</step>
	
	
	
	<step type="JAVA" name="Click File Management SideMenu" description="Click File Management SideMenu" severity="Blocker">
		<component name="link"   action="click"      xpath="sidemenu.operations.filemanagement" />
	</step>
	<step type="JAVA" name="Delete FileManagement" linkFile="src/test/jmeter/ph_6.4/regression/configurationsets/DeleteFileManagement.xml" description="FileManagement deletion" severity="Blocker">
		<parameter name="fileName" value="dlc-frm-afm-tc5513" />
	</step>
	<step type="JAVA" name="Delete FileManagement" linkFile="src/test/jmeter/ph_6.4/regression/configurationsets/DeleteFileManagement.xml" description="FileManagement deletion" severity="Blocker">
		<parameter name="fileName" value="dlc-frm-zwave-tc5513" />
	</step>
	<step type="JAVA" name="Delete FileManagement" linkFile="src/test/jmeter/ph_6.4/regression/configurationsets/DeleteFileManagement.xml" description="FileManagement deletion" severity="Blocker">
		<parameter name="fileName" value="dlc-frm-lprf-tc5513" />
	</step>
	
</steps>

