<Configuration severity="Major" feature="Operations" description="Creates and Validates Event based action Batch  ">
		<Parameters>
		<Parameter>
			<Name>ENABLE_SL_LOG</Name>
			<Value>true</Value>
		</Parameter>
		<Parameter>
			<Name>ENABLE_CL_LOG</Name>
			<Value>true</Value>
		</Parameter>					
		<Parameter>
			<Name>OPERATIONS_WAIT_TIME</Name>
			<Value>3s</Value>
		</Parameter>
		<Parameter>
			<Name>WAIT_TIME_GENERAL_UI_ACTIONS</Name>
			<Value>1s</Value>
		</Parameter>
		<Parameter>
			<Name>GROUP_NAME</Name>
			<Value>BatchGroupTest1</Value>
		</Parameter>
		<Parameter>
			<Name>BATCH_NAME</Name>
			<Value>Eventbatchproc</Value>
		</Parameter>		
	</Parameters>
	<Steps>	
		<Step name="Start DS" number="1" severity="Blocker" description="Starts Device Simulator"></Step>	
		<Step name="Driver Creator" number="2" severity="Blocker" description="Creates Driver for Browser"></Step>
		<Step name="Nav URL" number="3" severity="Blocker" description="Navigates to the Specified URL"></Step>
		<Step name="Login" number="4" severity="Blocker" description="Performs Login with the provided credentials"></Step>
		<Step name="Check PH Version and Build Number" number="5" severity="Major"  description="Checks Version and Build Number in Home Page" ></Step>
		<Step name="Navigate Link" number="6" severity="Blocker" description="Performs Click Operation on the Item Provided ">
			<Parameters>
				<Parameter>
					<Name>OPTION_LINK_NAME</Name>
					<Value>Operations</Value>
				</Parameter>
			</Parameters>
		</Step>
		<Step name="Navigate Link" number="7" severity="Blocker" description="Performs Click Operation on the Item Provided ">
			<Parameters>
				<Parameter>
					<Name>OPTION_LINK_NAME</Name>
					<Value>Groups</Value>
				</Parameter>
			</Parameters>
		</Step>		
		<Step name="Create GroupEvent" number="8" severity="Blocker"  description="Creates Group Event">
		<Parameters>						
				<Parameter>
					<Name>ADDGROUP_CONDITION</Name>
					<Value>Device Parameters</Value>
				</Parameter>
				<Parameter>
					<Name>ADDGROUP_PARAM</Name>
					<Value>Serial Number</Value>
				</Parameter>
				<Parameter>
					<Name>ADDGROUP_MATCH</Name>
					<Value>equals</Value>
				</Parameter>
			</Parameters>
		</Step>	
		<Step name="Navigate Link" number="9" severity="Blocker" description="Performs Click Operation on the Item Provided ">
			<Parameters>
				<Parameter>
					<Name>OPTION_LINK_NAME</Name>
					<Value>Batch Processing</Value>
				</Parameter>
			</Parameters>
		</Step>		
		<Step name="Add New Batch Event Action" number="10" severity="Blocker" description="Adds event action Batch">
			<Parameters>						
				<Parameter>
					<Name>BATCH_ACTION_NAME</Name>
					<Value>Set parameter value</Value>
				</Parameter>
				<Parameter>
					<Name>BATCH_PARAMETER_NAME</Name>
					<Value>InternetGatewayDevice.LANDevice.1.WLANConfiguration.1.SSID</Value>
				</Parameter>
				<Parameter>
					<Name>BATCH_PARAMETER_VALUE</Name>
					<Value>ATTWL-TEST</Value>
				</Parameter>
			</Parameters>
		</Step>				
		<Step name="Navigate Link" number="11" severity="Blocker"  description="Performs Click Operation on the Item Provided " >
			<Parameters>
				<Parameter>
					<Name>OPTION_LINK_NAME</Name>
					<Value>Batch Processing</Value>
				</Parameter>
			</Parameters>
		</Step>			
		<Step name="Verify Batch Page" number="12" severity="Major" description="Verifies Batch Page "></Step>	
		<!-- <Step name="click side menu" number="13" severity="Blocker" description="Performs Click Operation on the Item Provided " >
			<Parameters>
				<Parameter>
					<Name>SIDE_MENU_NAME</Name>
					<Value>Wireless Settings</Value>
				</Parameter>
			</Parameters>
		</Step> -->
		<Step name="Verify Device Value" number="13" severity="Blocker" description="Verifies Device Value"></Step>
		<Step name="Navigate Link" number="14" severity="Blocker" description="Performs Click Operation on the Item Provided ">
			<Parameters>
				<Parameter>
					<Name>OPTION_LINK_NAME</Name>
					<Value>Operations</Value>
				</Parameter>
			</Parameters>
		</Step>
		<Step name="Navigate Link" number="15" severity="Blocker" description="Performs Click Operation on the Item Provided ">
			<Parameters>
				<Parameter>
					<Name>OPTION_LINK_NAME</Name>
					<Value>Batch Processing</Value>
				</Parameter>
			</Parameters>
		</Step>
		<Step name="Remove Batch" number="16" severity="Major" description="1.Stops Batch, if already running 2.Removes Batch"></Step>
		<Step name="Navigate Link" number="17" severity="Blocker" description="Performs Click Operation on the Item Provided ">
			<Parameters>
				<Parameter>
					<Name>OPTION_LINK_NAME</Name>
					<Value>Groups</Value>
				</Parameter>
			</Parameters>
		</Step>
		<Step name="Delete Group" number="18" severity="Major" description="Deletes Group "></Step>
		<Step name="Navigate Link" number="19" severity="Blocker" description="Performs Click Operation on the Item Provided ">
			<Parameters>
				<Parameter>
					<Name>OPTION_LINK_NAME</Name>
					<Value>Device Management</Value>
				</Parameter>
			</Parameters>
		</Step>		
		<Step name="Delete Device" number="20" severity="Major" description="1. Checks for condition to delete device (Parameter -  DELETE_DEVICE- true(delete) / false(not delete)) 2. Builds query with serial number , 3. Performs device search ,  4. Deletes device " ></Step>
		<Step name="Logout" number="21" severity="Minor" description="Performs Log Out"></Step>
	</Steps>
</Configuration>