<Configuration  severity="Major" feature="Operations" description="Creates different normal users under different groups and roles, validates users Login and deletes groups and users">
	<Parameters>		
	<Parameter>
			<Name>ENABLE_SL_LOG</Name>
			<Value>true</Value>
		</Parameter>
		<Parameter>
			<Name>ENABLE_CL_LOG</Name>
			<Value>true</Value>
		</Parameter>					
		<Parameter>
			<Name>WAIT_TIME_GENERAL_UI_ACTIONS</Name>
			<Value>2s</Value>
		</Parameter>
	</Parameters>
	<Steps>
		<Step name="Driver Creator" number="1" severity="Blocker" description="Creates Driver for Browser" ></Step>
		<Step name="Nav URL" number="2" severity="Blocker" description="Navigates to the Specified URL"></Step>
		<Step name="Login" number="3" severity="Blocker" description="Performs Login with the provided credentials" ></Step>
		<Step name="Navigate Manage Control Panel" number="4" severity="Blocker" description="Navigates Manage->Control Panel Tabs" ></Step>
		<Step name="Expand Control Panel Portal" number="5" severity="Blocker" description="Performs Expand - Control panel, if already collapsed " ></Step>
		<Step name="Navigate Link" number="6" severity="Blocker"  description="Performs Click Operation on the Item Provided " >
			<Parameters>
				<Parameter>
					<Name>OPTION_LINK_NAME</Name>
					<Value>Settings</Value>
				</Parameter>
			</Parameters>
		</Step>
		<Step name="Disable LDAP  Required Settings" number="7" severity="Blocker" description="Disables LDAP Required Settings, if already enabled" ></Step>
		<Step name="Validate LDAP  Required Settings" number="8" severity="Blocker" description="Validates LDAP Required Settings" ></Step>
		<Step name="Fetch Authentication Format" number="9" severity="Blocker" description="Fetches acceptable user authentication format" ></Step>
		<Step name="Create Group" number="10" severity="Blocker" description="Creates Group with the given name" >
			<Parameters>
				<Parameter>
					<Name>GROUP_NAME</Name>
					<Value>TestAdminGroup</Value>
				</Parameter>
			</Parameters>
		</Step>
		<Step name="Create Group" number="11" severity="Blocker" description="Creates Group with the given name" >
			<Parameters>
				<Parameter>
					<Name>GROUP_NAME</Name>
					<Value>TestCSRGroup</Value>
				</Parameter>
			</Parameters>
		</Step>
		<Step name="Create Group" number="12" severity="Blocker" description="Creates Group with the given name" >
			<Parameters>
				<Parameter>
					<Name>GROUP_NAME</Name>
					<Value>TestOPGroup</Value>
				</Parameter>
			</Parameters>
		</Step>
		<Step name="Create Group" number="13" severity="Blocker" description="Creates Group with the given name" >
			<Parameters>
				<Parameter>
					<Name>GROUP_NAME</Name>
					<Value>TestSystemGroup</Value>
				</Parameter>
			</Parameters>
		</Step>
		<Step name="Create Group" number="14" severity="Blocker" description="Creates Group with the given name" >
			<Parameters>
				<Parameter>
					<Name>GROUP_NAME</Name>
					<Value>TestHDGroup</Value>
				</Parameter>
			</Parameters>
		</Step>
		<Step name="Assign Group With Role" number="15" severity="Blocker" description="Assigns group with the given role" >
			<Parameters>
				<Parameter>
					<Name>GROUP_NAME</Name>
					<Value>TestAdminGroup</Value>
				</Parameter>
				<Parameter>
					<Name>ROLE_NAME</Name>
					<Value>Prime Home Admin</Value>
				</Parameter>
			</Parameters>
		</Step>
		<Step name="Assign Group With Role" number="16" severity="Blocker" description="Assigns group with the given role" >
			<Parameters>
				<Parameter>
					<Name>GROUP_NAME</Name>
					<Value>TestCSRGroup</Value>
				</Parameter>
				<Parameter>
					<Name>ROLE_NAME</Name>
					<Value>Prime Home CSR</Value>
				</Parameter>
			</Parameters>
		</Step>
		<Step name="Assign Group With Role" number="17" severity="Blocker" description="Assigns group with the given role" >
			<Parameters>
				<Parameter>
					<Name>GROUP_NAME</Name>
					<Value>TestOPGroup</Value>
				</Parameter>
				<Parameter>
					<Name>ROLE_NAME</Name>
					<Value>Prime Home Operations</Value>
				</Parameter>
			</Parameters>
		</Step>
		<Step name="Assign Group With Role" number="18" severity="Blocker" description="Assigns group with the given role" >
			<Parameters>
				<Parameter>
					<Name>GROUP_NAME</Name>
					<Value>TestSystemGroup</Value>
				</Parameter>
				<Parameter>
					<Name>ROLE_NAME</Name>
					<Value>Universe</Value>
				</Parameter>
			</Parameters>
		</Step>
		<Step name="Assign Group With Role" number="19" severity="Blocker" description="Assigns group with the given role" >
			<Parameters>
				<Parameter>
					<Name>GROUP_NAME</Name>
					<Value>TestHDGroup</Value>
				</Parameter>
				<Parameter>
					<Name>ROLE_NAME</Name>
					<Value>Prime Home Help Desk</Value>
				</Parameter>
			</Parameters>
		</Step>
		<Step name="Create User" number="20" severity="Major" description="Creates user with the provided details" >
			<Parameters>
				<Parameter>
					<Name>USER_NAME</Name>
					<Value>testUser1</Value>
				</Parameter>
				<Parameter>
					<Name>FIRST_NAME</Name>
					<Value>test</Value>
				</Parameter>
				<Parameter>
					<Name>LAST_NAME</Name>
					<Value>User1</Value>
				</Parameter>
				<Parameter>
					<Name>E_MAIL_ID</Name>
					<Value>testUser1@cisco.com</Value>
				</Parameter>
				<Parameter>
					<Name>DATE_OF_BIRTH</Name>
					<Value>6-March-2014</Value>
				</Parameter>
				<Parameter>
					<Name>GENDER</Name>
					<Value>Female</Value>
				</Parameter>
				<Parameter>
					<Name>PASSWORD</Name>
					<Value>testUser1</Value>
				</Parameter>
				<Parameter>
					<Name>COMMUNITY</Name>
					<Value>cisco.com</Value>
				</Parameter>
				<Parameter>
					<Name>GROUP_NAME</Name>
					<Value>TestAdminGroup</Value>
				</Parameter>
			</Parameters>
		</Step>
		<Step name="Create User" number="21" severity="Major" description="Creates user with the provided details" >
			<Parameters>
				<Parameter>
					<Name>USER_NAME</Name>
					<Value>testUser2</Value>
				</Parameter>
				<Parameter>
					<Name>FIRST_NAME</Name>
					<Value>test</Value>
				</Parameter>
				<Parameter>
					<Name>LAST_NAME</Name>
					<Value>User2</Value>
				</Parameter>
				<Parameter>
					<Name>E_MAIL_ID</Name>
					<Value>testUser2@cisco.com</Value>
				</Parameter>
				<Parameter>
					<Name>DATE_OF_BIRTH</Name>
					<Value>6-March-2014</Value>
				</Parameter>
				<Parameter>
					<Name>GENDER</Name>
					<Value>Female</Value>
				</Parameter>
				<Parameter>
					<Name>PASSWORD</Name>
					<Value>testUser2</Value>
				</Parameter>
				<Parameter>
					<Name>COMMUNITY</Name>
					<Value>cisco.com</Value>
				</Parameter>
				<Parameter>
					<Name>GROUP_NAME</Name>
					<Value>TestCSRGroup</Value>
				</Parameter>
			</Parameters>
		</Step>
		<Step name="Create User" number="22" severity="Major" description="Creates user with the provided details" >
			<Parameters>
				<Parameter>
					<Name>USER_NAME</Name>
					<Value>testUser3</Value>
				</Parameter>
				<Parameter>
					<Name>FIRST_NAME</Name>
					<Value>test</Value>
				</Parameter>
				<Parameter>
					<Name>LAST_NAME</Name>
					<Value>User3</Value>
				</Parameter>
				<Parameter>
					<Name>E_MAIL_ID</Name>
					<Value>testUser3@cisco.com</Value>
				</Parameter>
				<Parameter>
					<Name>DATE_OF_BIRTH</Name>
					<Value>6-March-2014</Value>
				</Parameter>
				<Parameter>
					<Name>GENDER</Name>
					<Value>Female</Value>
				</Parameter>
				<Parameter>
					<Name>PASSWORD</Name>
					<Value>testUser3</Value>
				</Parameter>
				<Parameter>
					<Name>COMMUNITY</Name>
					<Value>cisco.com</Value>
				</Parameter>
				<Parameter>
					<Name>GROUP_NAME</Name>
					<Value>TestOPGroup</Value>
				</Parameter>
			</Parameters>
		</Step>
		<Step name="Create User" number="23" severity="Major" description="Creates user with the provided details" >
			<Parameters>
				<Parameter>
					<Name>USER_NAME</Name>
					<Value>testUser4</Value>
				</Parameter>
				<Parameter>
					<Name>FIRST_NAME</Name>
					<Value>test</Value>
				</Parameter>
				<Parameter>
					<Name>LAST_NAME</Name>
					<Value>User4</Value>
				</Parameter>
				<Parameter>
					<Name>E_MAIL_ID</Name>
					<Value>testUser4@cisco.com</Value>
				</Parameter>
				<Parameter>
					<Name>DATE_OF_BIRTH</Name>
					<Value>6-March-2014</Value>
				</Parameter>
				<Parameter>
					<Name>GENDER</Name>
					<Value>Female</Value>
				</Parameter>
				<Parameter>
					<Name>PASSWORD</Name>
					<Value>testUser4</Value>
				</Parameter>
				<Parameter>
					<Name>COMMUNITY</Name>
					<Value>cisco.com</Value>
				</Parameter>
				<Parameter>
					<Name>GROUP_NAME</Name>
					<Value>TestSystemGroup</Value>
				</Parameter>
			</Parameters>
		</Step>
		<Step name="Create User" number="24" severity="Major" description="Creates user with the provided details" >
			<Parameters>
				<Parameter>
					<Name>USER_NAME</Name>
					<Value>testUser5</Value>
				</Parameter>
				<Parameter>
					<Name>FIRST_NAME</Name>
					<Value>test</Value>
				</Parameter>
				<Parameter>
					<Name>LAST_NAME</Name>
					<Value>User5</Value>
				</Parameter>
				<Parameter>
					<Name>E_MAIL_ID</Name>
					<Value>testUser5@cisco.com</Value>
				</Parameter>
				<Parameter>
					<Name>DATE_OF_BIRTH</Name>
					<Value>6-March-2014</Value>
				</Parameter>
				<Parameter>
					<Name>GENDER</Name>
					<Value>Female</Value>
				</Parameter>
				<Parameter>
					<Name>PASSWORD</Name>
					<Value>testUser5</Value>
				</Parameter>
				<Parameter>
					<Name>COMMUNITY</Name>
					<Value>cisco.com</Value>
				</Parameter>
				<Parameter>
					<Name>GROUP_NAME</Name>
					<Value>TestHDGroup</Value>
				</Parameter>
			</Parameters>
		</Step>
		<Step name="Logout" number="25" severity="Blocker" description="Performs Log Out" ></Step>
		<Step name="Validate User Login" number="26" severity="Major" description="Validates User's Login with the given Credentials ">
			<Parameters>
				<Parameter>
					<Name>USER_NAME</Name>
					<Value>testUser1</Value>
				</Parameter>
				<Parameter>
					<Name>E_MAIL_ID</Name>
					<Value>testUser1@cisco.com</Value>
				</Parameter>
				<Parameter>
					<Name>PASSWORD</Name>
					<Value>testUser1</Value>
				</Parameter>
			</Parameters>
		</Step>
		<Step name="Validate User Login" number="27" severity="Major" description="Validates User's Login with the given Credentials ">
			<Parameters>
				<Parameter>
					<Name>USER_NAME</Name>
					<Value>testUser2</Value>
				</Parameter>
				<Parameter>
					<Name>E_MAIL_ID</Name>
					<Value>testUser2@cisco.com</Value>
				</Parameter>
				<Parameter>
					<Name>PASSWORD</Name>
					<Value>testUser2</Value>
				</Parameter>
			</Parameters>
		</Step>
		<Step name="Validate User Login" number="28" severity="Major" description="Validates User's Login with the given Credentials ">
			<Parameters>
				<Parameter>
					<Name>USER_NAME</Name>
					<Value>testUser3</Value>
				</Parameter>
				<Parameter>
					<Name>E_MAIL_ID</Name>
					<Value>testUser3@cisco.com</Value>
				</Parameter>
				<Parameter>
					<Name>PASSWORD</Name>
					<Value>testUser3</Value>
				</Parameter>
			</Parameters>
		</Step>
		<Step name="Validate User Login" number="29" severity="Major" description="Validates User's Login with the given Credentials ">
			<Parameters>
				<Parameter>
					<Name>USER_NAME</Name>
					<Value>testUser4</Value>
				</Parameter>
				<Parameter>
					<Name>E_MAIL_ID</Name>
					<Value>testUser4@cisco.com</Value>
				</Parameter>
				<Parameter>
					<Name>PASSWORD</Name>
					<Value>testUser4</Value>
				</Parameter>
			</Parameters>
		</Step>
		<Step name="Validate User Login" number="30" severity="Major" description="Validates User's Login with the given Credentials ">
			<Parameters>
				<Parameter>
					<Name>USER_NAME</Name>
					<Value>testUser5</Value>
				</Parameter>
				<Parameter>
					<Name>E_MAIL_ID</Name>
					<Value>testUser5@cisco.com</Value>
				</Parameter>
				<Parameter>
					<Name>PASSWORD</Name>
					<Value>testUser5</Value>
				</Parameter>
			</Parameters>
		</Step>
		<Step name="Login" number="31" severity="Blocker" description="Performs Login Operation"></Step>
		<Step name="Navigate Manage Control Panel" number="32" severity="Blocker"  description="Clicks Manage-> Control Panel  "></Step>
		<Step name="Expand Control Panel Portal" number="33" severity="Blocker" description="Expands Control Panel  "></Step>
		<Step name="Delete User" number="34" severity="Major" description="Deletes given User ">
			<Parameters>
				<Parameter>
					<Name>USER_NAME</Name>
					<Value>testUser1</Value>
				</Parameter>
				<Parameter>
					<Name>E_MAIL_ID</Name>
					<Value>testUser1@cisco.com</Value>
				</Parameter>
			</Parameters>
		</Step>
		<Step name="Delete User" number="35" severity="Major" description="Deletes given User ">
			<Parameters>
				<Parameter>
					<Name>USER_NAME</Name>
					<Value>testUser2</Value>
				</Parameter>
				<Parameter>
					<Name>E_MAIL_ID</Name>
					<Value>testUser2@cisco.com</Value>
				</Parameter>
			</Parameters>		
		</Step>
		<Step name="Delete User" number="36" severity="Major" description="Deletes given User ">
					<Parameters>
				<Parameter>
					<Name>USER_NAME</Name>
					<Value>testUser3</Value>
				</Parameter>
				<Parameter>
					<Name>E_MAIL_ID</Name>
					<Value>testUser3@cisco.com</Value>
				</Parameter>
			</Parameters>
		</Step>
		<Step name="Delete User" number="37" severity="Major" description="Deletes given User ">
					<Parameters>
				<Parameter>
					<Name>USER_NAME</Name>
					<Value>testUser4</Value>
				</Parameter>
				<Parameter>
					<Name>E_MAIL_ID</Name>
					<Value>testUser4@cisco.com</Value>
				</Parameter>
			</Parameters>
		</Step>
		<Step name="Delete User" number="38" severity="Major" description="Deletes given User">
					<Parameters>
				<Parameter>
					<Name>USER_NAME</Name>
					<Value>testUser5</Value>
				</Parameter>
				<Parameter>
					<Name>E_MAIL_ID</Name>
					<Value>testUser5@cisco.com</Value>
				</Parameter>
			</Parameters>
		</Step>
		<Step name="Delete Group" number="39" severity="Major" description="Deletes Created User Group">
			<Parameters>
				<Parameter>
					<Name>GROUP_NAME</Name>
					<Value>TestAdminGroup</Value>
				</Parameter>
			</Parameters>
		</Step>
		<Step name="Delete Group" number="40" severity="Major" description="Deletes Created User Group">
			<Parameters>
				<Parameter>
					<Name>GROUP_NAME</Name>
					<Value>TestCSRGroup</Value>
				</Parameter>
			</Parameters>
		</Step>
		<Step name="Delete Group" number="41" severity="Major" description="Deletes Created User Group">
			<Parameters>
				<Parameter>
					<Name>GROUP_NAME</Name>
					<Value>TestOPGroup</Value>
				</Parameter>
			</Parameters>
		</Step>
		<Step name="Delete Group" number="42" severity="Major" description="Deletes Created User Group">
			<Parameters>
				<Parameter>
					<Name>GROUP_NAME</Name>
					<Value>TestSystemGroup</Value>
				</Parameter>
			</Parameters>
		</Step>
		<Step name="Delete Group" number="43" severity="Major" description="Deletes Created User Group" >
			<Parameters>
				<Parameter>
					<Name>GROUP_NAME</Name>
					<Value>TestHDGroup</Value>
				</Parameter>
			</Parameters>
		</Step>
		<Step name="Navigate Link" number="44" severity="Blocker" description="Performs Click Operation on the Item Provided " >
			<Parameters>
				<Parameter>
					<Name>OPTION_LINK_NAME</Name>
					<Value>Settings</Value>
				</Parameter>
			</Parameters>
		</Step >
		<Step name="Enable LDAP  Required Settings" number="45" severity="Major" description="Enable LDAP Required Settings, if already disabled by script " ></Step>
		<Step name="Logout" number="46" severity="Blocker" description="Performs Log Out" ></Step>
	</Steps>
</Configuration>