<?xml version="1.0"?>
<!--
- save this xml file as the same name of .jmx file with suffix as '_' followed by count number. eg. Verify3GTrendsPortlet_1.xml. This is for executing the Verify3GTrendsPortlet test case with different inputs. 
- Common Parameters for the complete Test case eg. UDVs and server details and Parameter value should not get overwrite in any steps. If the parameter value is expected to be overwrite in more than one steps please add the parameters under steps with step number. so that you can give multiple values for the same param in different steps.-->
<Configuration severity="Minor" feature="Device View" description="CSR Full flow Performance">
	<Parameters>		
		<Parameter>
			<!-- Script(Browser) running mode. (NON-UI/UI)  - In NON-UI, screenshots will not be available.-->
			<Name>SCRIPT_RUNNING_MODE</Name>
			<Value>NON-UI</Value>
		</Parameter>
		<Parameter>
			<Name>NUMBER_OF_PARALLEL_USERS</Name>
			<Value>1</Value>
		</Parameter>
		<Parameter>
			<!-- Ramp up time in case of multiple users -->
			<Name>RAMP_UP_TIME</Name>
			<Value>20</Value>
		</Parameter>
		<Parameter>
			<!-- Location of the main CSV file which contains details about CSR information -->
			<Name>CSR_CSV_FILE</Name>
			<Value>C:/Automation/PH_Automation_Repository/TortoiseGIT/27thApr/ph6_automation/ctat/install/CTAT/src/test/resources/CSRInfo.csv</Value> 
		</Parameter>
		<Parameter>
			<Name>DURATION_SECS</Name>
			<Value>2</Value> <!-- in seconds -->
		</Parameter>
	</Parameters>
</Configuration>
<!--

NUMBER_OF_PARALLEL_USERS=1
RAMP_UP_TIME=20
SCRIPT_RUNNING_MODE=NON-UI
CSR_CSV_FILE=C:/Automation/PH_Automation_Repository/TortoiseGIT/27thApr/ph6_automation/ctat/install/CTAT/src/test/resources/CSRInfo.csv
DURATION_SECS=2

-->