<Configuration severity="Major" feature="Operations" description="Validates - Home Page - Dashboard - Recently Managed Devices">
	<Parameters>
		<Parameter>
			<Name>ENABLE_SL_LOG</Name>
			<Value>true</Value>
		</Parameter>
		<Parameter>
			<Name>ENABLE_CL_LOG</Name>
			<Value>true</Value>
		</Parameter>					
		<Parameter>
			<Name>WAIT_TIME_GENERAL_UI_ACTIONS</Name>
			<Value>1s</Value>
		</Parameter>
	</Parameters>
	<Steps>	
		<Step name="Start DS" number="1" severity="Blocker" description="Starts Device Simulator" ></Step>		
		<Step name="Driver Creator" number="2" severity="Blocker" description="Creates Driver for Browser" ></Step>
		<Step name="Nav URL" number="3" severity="Blocker" description="Navigates to the Specified URL"></Step>
		<Step name="Login" number="4" severity="Blocker" description="Performs Login with the provided credentials" ></Step>
		<Step name="Check PH Version and Build Number" number="5" severity="Major" description="Checks Version and Build Number in Home Page"></Step>
		<Step name="nav device" number="6" severity="Blocker" description="Navigates to Device "></Step>
		<Step name="OnlineDeviceActions" number="7" severity="Major" description="Performs On-line Device Actions"  >
			<Parameters>
				<Parameter>
					<Name>SIDEMENU_NAME</Name>
					<Value>WAN Connectivity</Value>
				</Parameter>
			</Parameters>
		</Step>		
		<Step name="click tab" number="8" severity="Blocker" description="Performs Click Operation on the Item Provided " >
			<Parameters>
				<Parameter>
					<Name>TAB_NAME</Name>
					<Value>Dashboard</Value>
				</Parameter>
			</Parameters>
		</Step>
		<Step name="DashBoard Recently Managed Devices" number="9" severity="Major" description="Validate DashBoard Recently Managed Devices "  ></Step>
		<Step name="nav device" number="10" severity="Blocker" description="Navigates to Device "></Step>	
		<Step name="OfflineDeviceActions" number="11" severity="Major" description="Performs Off-line Device Actions">
			<Parameters>
				<Parameter>
					<Name>SIDEMENU_NAME</Name>
					<Value>Wireless Settings</Value>
				</Parameter>
			</Parameters>
		</Step>				
		<Step name="click tab" number="12" severity="Blocker" description="Performs Click Operation on the Item Provided " >
			<Parameters>
				<Parameter>
					<Name>TAB_NAME</Name>
					<Value>Dashboard</Value>
				</Parameter>
			</Parameters>
		</Step>			
		<Step name="DashBoard Recently ManagedTime Devices" number="13" severity="Major" description="Validate DashBoard Recently ManagedTime Devices " ></Step>	
		<Step name="Navigate Link" number="14" severity="Blocker" description="Performs Click Operation on the Item Provided " >
			<Parameters>
				<Parameter>
					<Name>OPTION_LINK_NAME</Name>
					<Value>Operations</Value>
				</Parameter>
			</Parameters>
		</Step>		
		<Step name="Navigate Link" number="15" severity="Blocker" description="Performs Click Operation on the Item Provided " >
			<Parameters>
				<Parameter>
					<Name>OPTION_LINK_NAME</Name>
					<Value>Device Management</Value>
				</Parameter>
			</Parameters>
		</Step>		
		<Step name="Delete Device" number="16" severity="Major"   description="1. Checks for condition to delete device (Parameter -  DELETE_DEVICE- true(delete) / false(not delete)) 2. Builds query with serial number , 3. Performs device search ,  4. Deletes device "  ></Step>
		<Step name="Logout" number="17" severity="Minor" description="Performs Log Out"></Step>			
	</Steps>
</Configuration>