<?xml version="1.0"?>
<!--
- save this xml file as the same name of .jmx file with suffix as '_' followed by count number. eg. Verify3GTrendsPortlet_1.xml. This is for executing the Verify3GTrendsPortlet test case with different inputs. 
- Common Parameters for the complete Test case eg. UDVs and server details and Parameter value should not get overwrite in any steps. If the parameter value is expected to be overwrite in more than one steps please add the parameters under steps with step number. so that you can give multiple values for the same param in different steps.-->
<Configuration feature="Device View" severity="Minor" description="Validates Device Management Portlet">
	<Parameters>		
		<Parameter>
			<Name>ENABLE_SL_LOG</Name>
			<Value>true</Value>
		</Parameter>
		<Parameter>
			<Name>ENABLE_CL_LOG</Name>
			<Value>true</Value>
		</Parameter>	
		<Parameter>
			<Name>DEVICE_SEARCH_CRITERIA</Name>
			<Value>NewTestDev-DevMgt-Device</Value>
		</Parameter>	
		<Parameter>
			<Name>NO_OF_DEVICES_TO_BE_SIMULATED</Name>
			<Value>4</Value>
		</Parameter>		
	</Parameters>
	
	<Steps>		
		<Step name="Start DS" number="1" severity="Blocker" description="Starts Device Simulator" ></Step>		
		<Step name="Driver Creator" number="2" severity="Blocker" description="Creates Driver for Browser" ></Step>
		<Step name="Nav URL" number="3" severity="Blocker" description="Navigates to the Specified URL"></Step>
		<Step name="Login" number="4" severity="Blocker" description="Performs Login with the provided credentials" ></Step>
		<Step name="Check PH Version and Build Number" number="5" severity="Major" description="Checks Version and Build Number in Home Page"></Step>
		<Step severity="Blocker" name="Click Tab" number="6" description="Performs Click Operation on the Item Provided " >
			<Parameters>
				<Parameter>
					<Name>TAB_NAME</Name>
					<Value>Operations</Value>
				</Parameter>
			</Parameters>
		</Step>			
		<Step severity="Blocker" name="Click Side Menu" number="7" description="Performs Click Operation on the Item Provided " >
			<Parameters>
				<Parameter>
					<Name>SIDE_MENU_DEVICEMGMT</Name>
					<Value>Device Management</Value>
				</Parameter>
			</Parameters>
		</Step>	
		<Step severity="Blocker" name="DataModelParser" number="8" description="Parses Data Mode" >
			<Parameters>
				<Parameter>
					<Name>DEVICEMGMT_DATA_MODEL</Name>
					<Value>src/test/jmeter/utilities/conf/DeviceManagementPortlet.xml</Value>
				</Parameter>
			</Parameters>
		</Step>
		<Step severity="Blocker" name="Verify UI Components" number="9" description="Verifies UI Components" ></Step>
		<Step severity="Blocker" name="Validate Device Info" number="10" description="Validates device information" ></Step>
		<Step severity="Blocker" name="Change Display Column" number="11" description="Changes Display Column" >
			<Parameters>
				<Parameter>
					<Name>ACTION</Name>
					<Value>change</Value>
				</Parameter>
			</Parameters>
		</Step>	
		<Step severity="Blocker" name="Verify Column Change Action" number="12" description="Verifies Column Change Action" >
			<Parameters>
				<Parameter>
					<Name>ACTION</Name>
					<Value>change</Value>
				</Parameter>
			</Parameters>
		</Step>	
		<Step severity="Blocker" name="Revert Display Column Change " number="13"  description="Reverts display column changes" >
			<Parameters>
				<Parameter>
					<Name>ACTION</Name>
					<Value>revert</Value>
				</Parameter>
			</Parameters>
		</Step>	
		<Step severity="Blocker" name="Verify Revert Column Change Action" number="14" description="Verifies revert column Change action" >
			<Parameters>
				<Parameter>
					<Name>ACTION</Name>
					<Value>revert</Value>
				</Parameter>
			</Parameters>
		</Step>
		<Step severity="Blocker" name="Click Tab" number="15" description="Performs Click Operation on the Item Provided " >
			<Parameters>
				<Parameter>
					<Name>TAB_NAME</Name>
					<Value>Operations</Value>
				</Parameter>
			</Parameters>
		</Step>			
		<Step severity="Blocker" name="Click Side Menu" number="16" description="Performs Click Operation on the Item Provided " >
			<Parameters>
				<Parameter>
					<Name>SIDE_MENU_DEVICEMGMT</Name>
					<Value>Device Management</Value>
				</Parameter>
			</Parameters>
		</Step>		
		<Step severity="Blocker" name="Enter Query and Delete Device" number="17" description="1. Checks for condition to delete device (Parameter -  DELETE_DEVICE- true(delete) / false(not delete)) 2. Builds query with serial number , 3. Performs device search ,  4. Deletes device " ></Step>
		<Step severity="Blocker" name="Verify Queries" number="18" description="Verifies Queries" >
			<Parameters>				
				<Parameter>
					<Name>WITH_WITHOUT_ACTION</Name>
					<Value>withoutdevice</Value>
				</Parameter>
			</Parameters>
		</Step>
		<Step severity="Blocker" name="Boot Multiple Device" number="19" description="Boots multiple Devices" >
		</Step>
		<Step severity="Blocker" name="Verify Queries" number="20" description="Verifies Queries " >
			<Parameters>				
				<Parameter>
					<Name>WITH_WITHOUT_ACTION</Name>
					<Value>withdevice</Value>
				</Parameter>
			</Parameters>
		</Step>
		<Step severity="Minor" name="Compare Query Executor Results " number="21" description="Compares Query Executor results" >
			<Parameters>
				<Parameter>
					<Name>WITHOUT_ACTION</Name>
					<Value>withoutdevice</Value>
				</Parameter>
				<Parameter>
					<Name>WITH_ACTION</Name>
					<Value>withdevice</Value>
				</Parameter>
			</Parameters>
		</Step>				
		<Step severity="Blocker" name="Enter Query and Delete Multiple Device" number="22" description="1. Checks for condition to delete device (Parameter -  DELETE_DEVICE- true(delete) / false(not delete)) 2. Builds query with serial number , 3. Performs device search ,  4. Deletes device " ></Step>		
		<Step severity="Blocker" name="Logout" number="23" description="Performs Log Out" ></Step>
	</Steps>
</Configuration>