<Configuration severity="Major" feature="Statistics" description="Validates DLC Health Portlet Graph functionality and correctness of display data ">
	<Parameters>	
		<Parameter>
			<Name>ENABLE_SL_LOG</Name>
			<Value>true</Value>
		</Parameter>
		<Parameter>
			<Name>ENABLE_CL_LOG</Name>
			<Value>true</Value>
		</Parameter>
		<Parameter>
			<Name>NAVIGATE_BACK_DESTINATION</Name>
			<Value>DLC Health</Value>
		</Parameter>
		<Parameter>
			<Name>WAIT_TIME_GENERAL_UI_ACTIONS</Name>
			<Value>1s</Value>
		</Parameter>
		<Parameter>
			<Name>DELETE_DEVICE</Name>
			<Value>true</Value>
		</Parameter>
		<Parameter>
			<Name>DS_PORT_NUMBER</Name>
			<Value>1</Value>
		</Parameter>
		<Parameter>
			<Name>CHECK_NULL_TOOLTIP</Name>
			<Value>yes</Value>
		</Parameter>
		<Parameter>
			<Name>MAXIMUM_WAIT_TIME</Name>
			<Value>3m</Value>
		</Parameter>
		<Parameter>
			<Name>PERIODIC_CHECK_INTERVAL</Name>
			<Value>45s</Value>
		</Parameter>	
	</Parameters>
	<Steps>		
		<Step name="Start DS" number="1" severity="Major" description="Starts Device Simulator">
			<Parameters>
				<Parameter>
					<Name>DEVICE_ID</Name>
					<Value>dlchealth-device-001</Value>
				</Parameter>
				<Parameter>
					<Name>DEVICE_DATA_MODEL_NAME</Name>
					<Value>Gateway - DLC 100</Value>
				</Parameter>
			</Parameters>
		</Step>
		<Step name="Start DS" number="2" severity="Major" description="Starts Device Simulator">
			<Parameters>
				<Parameter>
					<Name>DEVICE_ID</Name>
					<Value>dlchealth-device-002</Value>
				</Parameter>
				<Parameter>
					<Name>DEVICE_DATA_MODEL_NAME</Name>
					<Value>Gateway - DLC 200</Value>
				</Parameter>
			</Parameters>
		</Step>
		<Step name="Driver Creator" number="3" severity="Blocker" description="Creates Driver for Browser" ></Step>		
		<Step name="Nav URL" number="4" severity="Blocker" description="Navigates to the Specified URL"></Step>
		<Step name="Login" number="5" severity="Blocker" description="Performs Login with the provided credentials" ></Step>
		<Step name="Check PH Version and Build Number" number="6" severity="Major" description="Check Version and Build Number in Home Page"></Step>
		<Step name="Navigate Link" number="7" severity="Blocker" description="Performs Click Operation on the Item Provided " >
			<Parameters>
				<Parameter>
					<Name>OPTION_LINK_NAME</Name>
					<Value>Statistics</Value>
				</Parameter>
			</Parameters>
		</Step>
		<Step name="Navigate Link" number="8" severity="Blocker" description="Performs Click Operation on the Item Provided " >
			<Parameters>
				<Parameter>
					<Name>OPTION_LINK_NAME</Name>
					<Value>DLC Health</Value>
				</Parameter>
			</Parameters>
		</Step>
		<Step name="Validate Portlet  Graph" number="9" severity="Major"  description="1. Performs mouse hover on each item of the graph and takes the count, 2. Perform click operation on each item of the graph 3. Validates count match on mouse hover display and device management count display" >
			<Parameters>
				<Parameter>
					<Name>GRAPH_NAME</Name>
					<Value>Devices by 3G Heartbeat Status</Value>
				</Parameter>
			</Parameters>
		</Step>
		<Step name="Navigate Link" number="10" severity="Major" description="Performs Click Operation on the Item Provided " >
			<Parameters>
				<Parameter>
					<Name>OPTION_LINK_NAME</Name>
					<Value>DLC Health</Value>
				</Parameter>
			</Parameters>
		</Step>
		<Step name="Validate Portlet  Graph" number="11" severity="Major"  description="1. Performs mouse hover on each item of the graph and takes the count, 2. Perform click operation on each item of the graph 3. Validates count match on mouse hover display and device management count display" >
			<Parameters>
				<Parameter>
					<Name>GRAPH_NAME</Name>
					<Value>Devices by Wireline Heartbeat Status</Value>
				</Parameter>
			</Parameters>
		</Step>
		<Step name="Navigate Link" number="12" severity="Major" description="Performs Click Operation on the Item Provided " >
			<Parameters>
				<Parameter>
					<Name>OPTION_LINK_NAME</Name>
					<Value>DLC Health</Value>
				</Parameter>
			</Parameters>
		</Step>
		<Step name="Validate Portlet  Graph" number="13" severity="Major"  description="1. Performs mouse hover on each item of the graph and takes the count, 2. Perform click operation on each item of the graph 3. Validates count match on mouse hover display and device management count display" >
			<Parameters>
				<Parameter>
					<Name>GRAPH_NAME</Name>
					<Value>Devices by DLA Status</Value>
				</Parameter>
			</Parameters>
		</Step>
		<Step name="Navigate Link" number="14" severity="Major" description="Performs Click Operation on the Item Provided " >
			<Parameters>
				<Parameter>
					<Name>OPTION_LINK_NAME</Name>
					<Value>DLC Health</Value>
				</Parameter>
			</Parameters>
		</Step>
		<Step name="Validate Portlet  Graph" number="15" severity="Major"  description="1. Performs mouse hover on each item of the graph and takes the count, 2. Perform click operation on each item of the graph 3. Validates count match on mouse hover display and device management count display" >
			<Parameters>
				<Parameter>
					<Name>GRAPH_NAME</Name>
					<Value>Devices Need Battery Replacing</Value>
				</Parameter>
			</Parameters>
		</Step>
		<Step name="Navigate Link" number="16" severity="Blocker" description="Performs Click Operation on the Item Provided " >
			<Parameters>
				<Parameter>
					<Name>OPTION_LINK_NAME</Name>
					<Value>Operations</Value>
				</Parameter>
			</Parameters>
		</Step>
		<Step name="Navigate Link" number="17" severity="Blocker" description="Performs Click Operation on the Item Provided " >
			<Parameters>
				<Parameter>
					<Name>OPTION_LINK_NAME</Name>
					<Value>Device Management</Value>
				</Parameter>
			</Parameters>
		</Step>
		<Step name="Delete Device" number="18" severity="Major" description="1. Checks for condition to delete device (Parameter -  DELETE_DEVICE- true(delete) / false(not delete)) 2. Builds query with serial number , 3. Performs device search ,  4. Deletes device " >
			<Parameters>
				<Parameter>
					<Name>DEVICE_ID</Name>
					<Value>dlchealth-device-001</Value>
				</Parameter>
			</Parameters>
		</Step>
		<Step name="Delete Device" number="19" severity="Major" description="1. Checks for condition to delete device (Parameter -  DELETE_DEVICE- true(delete) / false(not delete)) 2. Builds query with serial number , 3. Performs device search ,  4. Deletes device " >
			<Parameters>
				<Parameter>
					<Name>DEVICE_ID</Name>
					<Value>dlchealth-device-002</Value>
				</Parameter>
			</Parameters>
		</Step>
		<Step name="Logout" number="20" severity="Blocker" description="Performs Log Out" ></Step>
	</Steps>
</Configuration>