<?xml version="1.0"?>
<!--
- This xml file controls the feature levels in our PH Automation test cases -->
<Features>
	<Feature name="Dashboard" number="1" severity="Minor"></Feature>
	<Feature name="Device View" number="2" severity="Major"></Feature>
	<Feature name="Operations" number="3" severity="Warn"></Feature>
	<Feature name="Statistics" number="4" severity="Warn"></Feature>
	<Feature name="System" number="5" severity="Warn"></Feature>
	<Feature name="NBI" number="6" severity="Warn"></Feature>
</Features>