<Configuration severity="Major" feature="Operations"  description="Performs Firmware Update Operation with the required resources and deletes created resources once operation performed">
		<Parameters>
		<Parameter>
			<Name>ENABLE_SL_LOG</Name>
			<Value>true</Value>
		</Parameter>
		<Parameter>
			<Name>ENABLE_CL_LOG</Name>
			<Value>true</Value>
		</Parameter>					
		<Parameter>
			<Name>OPERATIONS_WAIT_TIME</Name>
			<Value>3s</Value>
		</Parameter>
		<Parameter>
			<Name>WAIT_TIME_GENERAL_UI_ACTIONS</Name>
			<Value>1s</Value>
		</Parameter>
		<Parameter>
			<Name>GROUP_NAME</Name>
			<Value>firmwaregroup</Value>
		</Parameter>
		<Parameter>
			<Name>FILEMANAGEMENT_NAME</Name>
			<Value>firmwareupd</Value>
		</Parameter>
		<Parameter>
			<Name>FILE_TYPE</Name>
			<Value>DLC Firmware</Value>
		</Parameter>	
		<Parameter>
			<Name>CONFIGSET_FILE_NAME</Name>
			<Value>testconfigset</Value>
		</Parameter>
		<Parameter>
			<Name>SW_VERSION</Name>
			<Value>2.1.0</Value>
		</Parameter>
	</Parameters>
	<Steps>	
		<Step name="Start DS" number="1" severity="Blocker"  description="Starts Device Simulator" ></Step>
		<Step name="Driver Creator" number="2" severity="Blocker" description="Creates Driver for Browser" ></Step>
		<Step name="Nav URL" number="3" severity="Blocker" description="Navigates to the Specified URL"></Step>
		<Step name="Login" number="4" severity="Blocker" description="Performs Login with the provided credentials" ></Step>
		<Step name="Check PH Version and Build Number" number="5" severity="Major" description="Check Version and Build Number in Home Page"></Step>
		<Step name="Navigate Link" number="6" severity="Blocker" description="Performs Click Operation on the Item Provided " >
			<Parameters>
				<Parameter>
					<Name>OPTION_LINK_NAME</Name>
					<Value>System</Value>
				</Parameter>
			</Parameters>
		</Step>		
		<Step name="SystemPropertiesChange" number="7" severity="Blocker" description="Changes System Properties" >
		<Parameters>
				<Parameter>
					<Name>REPORT_PARAM</Name>
					<Value>dlc.fw_upgrade.report.reportStaleness</Value>
				</Parameter>
				<Parameter>
					<Name>REPORT_PARAM_VALUE</Name>
					<Value>0</Value>
				</Parameter>
			</Parameters>
		</Step>	
		<Step name="Navigate Link" number="8" severity="Blocker" description="Performs Click Operation on the Item Provided " >
			<Parameters>
				<Parameter>
					<Name>OPTION_LINK_NAME</Name>
					<Value>Operations</Value>
				</Parameter>
			</Parameters>
		</Step>
		<Step name="Navigate Link" number="9" severity="Blocker" description="Performs Click Operation on the Item Provided " >
			<Parameters>
				<Parameter>
					<Name>OPTION_LINK_NAME</Name>
					<Value>Groups</Value>
				</Parameter>
			</Parameters>
		</Step>		
		<Step name="Create GroupEvent" number="10" severity="Blocker" description="Creates Group Event in Groups Page" >
		<Parameters>						
				<Parameter>
					<Name>ADDGROUP_CONDITION</Name>
					<Value>Device Parameters</Value>
				</Parameter>
				<Parameter>
					<Name>ADDGROUP_PARAM</Name>
					<Value>Serial Number</Value>
				</Parameter>
				<Parameter>
					<Name>ADDGROUP_MATCH</Name>
					<Value>equals</Value>
				</Parameter>
			</Parameters>
		</Step>	
		<Step name="Navigate Link" number="11" severity="Blocker" description="Performs Click Operation on the Item Provided " >
			<Parameters>
				<Parameter>
					<Name>OPTION_LINK_NAME</Name>
					<Value>File Management</Value>
				</Parameter>
			</Parameters>
		</Step>
		<Step name="Create New File Management" number="12" severity="Blocker" description="Creates New File Management Entry" >
			<Parameters>
				<Parameter>
					<Name>FILE_URL</Name>
					<Value>http://servername.com?version=2.1.0</Value>
				</Parameter>								
			</Parameters>
		</Step>	
		<Step name="Navigate Link" number="13" severity="Blocker" description="Performs Click Operation on the Item Provided " >
			<Parameters>
				<Parameter>
					<Name>OPTION_LINK_NAME</Name>
					<Value>Configuration Sets</Value>
				</Parameter>
			</Parameters>
		</Step>
		<Step name="Create New Configuration Set" number="14" severity="Blocker" description="Creates New configuration set" ></Step>		
		<Step name="nav device" number="15" severity="Blocker" description="Navigates to Device " ></Step>
		<Step name="DLC Upgrade" number="16" severity="Blocker" description="Performs DLC Upgrade" >
			<Parameters>
				<Parameter>
						<Name>UPGRADE_MODE</Name>
						<Value>Prompted</Value>
				</Parameter>
			</Parameters>
		</Step>	
		<Step name="Navigate Link" number="17" severity="Blocker" description="Performs Click Operation on the Item Provided " >
			<Parameters>
				<Parameter>
					<Name>OPTION_LINK_NAME</Name>
					<Value>Operations</Value>
				</Parameter>
			</Parameters>
		</Step>
		<Step name="Navigate Link" number="18" severity="Blocker" description="Performs Click Operation on the Item Provided " >
			<Parameters>
				<Parameter>
					<Name>OPTION_LINK_NAME</Name>
					<Value>Firmware Monitoring</Value>
				</Parameter>
			</Parameters>
		</Step>
		<Step name="Verify Firmware Update" number="19" severity="Blocker"  description="Verifies Firmware Update" ></Step>
		<Step name="nav device" number="20" severity="Blocker"  description="Navigates to Device " ></Step>
		<Step name="Validate Software Version" number="21" severity="Blocker" description="Validates Software Version " ></Step>	
		<Step name="Navigate Link" number="22" severity="Blocker" description="Performs Click Operation on the Item Provided " >
			<Parameters>
				<Parameter>
					<Name>OPTION_LINK_NAME</Name>
					<Value>Operations</Value>
				</Parameter>
			</Parameters>
		</Step>
		<Step name="Navigate Link" number="23" severity="Blocker" description="Performs Click Operation on the Item Provided " >
			<Parameters>
				<Parameter>
					<Name>OPTION_LINK_NAME</Name>
					<Value>Configuration Sets</Value>
				</Parameter>
			</Parameters>
		</Step>
		<Step name="Remove Configuration Set" number="24" severity="Blocker"  description="Removes Configuration Set of given name " ></Step>
		<Step name="Navigate Link" number="25" severity="Blocker" description="Performs Click Operation on the Item Provided " >
			<Parameters>
				<Parameter>
					<Name>OPTION_LINK_NAME</Name>
					<Value>File Management</Value>
				</Parameter>
			</Parameters>
		</Step>
		<Step name="Remove FileManagement" number="26" severity="Blocker" description="Removes File Management entry of given identifiers" ></Step>
		<Step name="Navigate Link" number="27" severity="Blocker" description="Performs Click Operation on the Item Provided " >
			<Parameters>
				<Parameter>
					<Name>OPTION_LINK_NAME</Name>
					<Value>Groups</Value>
				</Parameter>
			</Parameters>
		</Step>
		<Step name="Delete Group" number="28" severity="Major" description="Deletes Group of given name" ></Step>	
		<Step name="Navigate Link" number="29" severity="Blocker" description="Performs Click Operation on the Item Provided " >
			<Parameters>
				<Parameter>
					<Name>OPTION_LINK_NAME</Name>
					<Value>Device Management</Value>
				</Parameter>
			</Parameters>
		</Step>		
		<Step name="Delete Device" number="30" severity="Major" description="1. Checks for condition to delete device (Parameter -  DELETE_DEVICE- true(delete) / false(not delete)) 2. Builds query with serial number , 3. Performs device search ,  4. Deletes device " ></Step>		
		<Step name="Logout" number="31" severity="Minor" description="Performs Log Out" ></Step>
	</Steps>
</Configuration>