<Configuration severity="Major" feature="Operations" description="1.Creates Static Group, 2.Creates Batch associates with the group,  3.Validates Group page's 'Devices' and 'Batches' options based on functionality">
	<Parameters>	
		<Parameter>
			<Name>ENABLE_SL_LOG</Name>
			<Value>true</Value>
		</Parameter>
		<Parameter>
			<Name>ENABLE_CL_LOG</Name>
			<Value>true</Value>
		</Parameter>						
		<Parameter>
			<Name>OPERATIONS_WAIT_TIME</Name>
			<Value>10s</Value>
		</Parameter>
		<Parameter>
			<Name>WAIT_TIME_GENERAL_UI_ACTIONS</Name>
			<Value>1s</Value>
		</Parameter>
		<Parameter>
			<Name>GROUP_NAME</Name>
			<Value>aStatic-Grp</Value>
		</Parameter>
		<Parameter>
			<Name>NAVIGATE_BACK_DESTINATION</Name>
			<Value>Groups</Value>
		</Parameter>
		<Parameter>
			<Name>MATCHING_CONDITION</Name>
			<Value>'Last Connected' WITHIN 1d</Value>
		</Parameter>
		<Parameter>
			<Name>BATCH_NAME</Name>
			<Value>staticgrp-batch</Value>
		</Parameter>
		<Parameter>
			<Name>BATCH_ACTION_NAME</Name>
			<Value>Get parameter value</Value>
		</Parameter>
		<Parameter>
			<Name>BATCH_PARAMETER_VALUE</Name>
			<Value>LANDeviceHostHostname</Value>
		</Parameter>
		<Parameter>
			<Name>DELETE_GROUP_IF_ALREADY_EXIST</Name>
			<Value>yes</Value>
		</Parameter>
		<Parameter>
			<Name>DELETE_DEVICE</Name>
			<Value>true</Value>
		</Parameter>
		<Parameter>
			<Name>DS_PORT_NUMBER</Name>
			<Value>1</Value>
		</Parameter>
	</Parameters>
	<Steps>		
	
		<Step name="Start DS" number="1" severity="Blocker" description="Starts Device Simulator" >
			<Parameters>
				<Parameter>
					<Name>DEVICE_ID</Name>
					<Value>static-grp-device-1</Value>
				</Parameter>
			</Parameters>
		</Step>		
		<Step name="Driver Creator" number="2" severity="Blocker" description="Creates Driver for Browser" ></Step>
		<Step name="Nav URL" number="3" severity="Blocker" description="Navigates to the Specified URL"></Step>
		<Step name="Login" number="4" severity="Blocker" description="Performs Login with the provided credentials" ></Step>
		<Step name="Check PH Version and Build Number" number="5" severity="Major" description="Check Version and Build Number in Home Page"></Step>
		<Step name="Navigate Link" number="6" severity="Blocker" description="Performs Click Operation on the Item Provided " >
			<Parameters>
				<Parameter>
					<Name>OPTION_LINK_NAME</Name>
					<Value>Operations</Value>
				</Parameter>
			</Parameters>
		</Step>
		<Step name="Navigate Link" number="7" severity="Blocker" description="Performs Click Operation on the Item Provided " >
			<Parameters>
				<Parameter>
					<Name>OPTION_LINK_NAME</Name>
					<Value>Groups</Value>
				</Parameter>
			</Parameters>
		</Step>
		<Step name="Delete Already Created Group" number="8" severity="Blocker" description="Deletes already created Group"></Step>
		<Step name="Navigate Link" number="9" severity="Blocker" description="Performs Click Operation on the Item Provided " >
			<Parameters>
				<Parameter>
					<Name>OPTION_LINK_NAME</Name>
					<Value>Device Management</Value>
				</Parameter>
			</Parameters>
		</Step>
		<Step name="Create Static Group" number="10" severity="Blocker" description="Creates Static Group in Device Management Page"></Step>
		<Step name="Navigate Link" number="11" severity="Blocker" description="Performs Click Operation on the Item Provided " >
			<Parameters>
				<Parameter>
					<Name>OPTION_LINK_NAME</Name>
					<Value>Groups</Value>
				</Parameter>
			</Parameters>
		</Step>
		<Step name="Click Group Calculate" number="12" severity="Major" description="Clicks Calculate button associated with group"></Step>
		<Step name="Group Devices Calculate Validate" number="13" severity="Major" description="Validates group devices count with device management page device count"></Step>
		<Step name="Navigate Back" number="14" severity="Blocker" description="Performs Navigate Back Operation in Browser " ></Step>
		<Step name="Start DS" number="15" severity="Blocker"  description="Starts Device Simulator" >
			<Parameters>
				<Parameter>
					<Name>DEVICE_ID</Name>
					<Value>static-grp-device-2</Value>
				</Parameter>
			</Parameters>
		</Step>
		<Step name="Navigate Link" number="16" severity="Blocker" description="Performs Click Operation on the Item Provided " >
			<Parameters>
				<Parameter>
					<Name>OPTION_LINK_NAME</Name>
					<Value>Groups</Value>
				</Parameter>
			</Parameters>
		</Step>
		<Step name="Click Group Calculate" number="17" severity="Major" description="Clicks Calculate button associated with group"></Step>
		<Step name="Group Devices Calculate Validate" number="18" severity="Major" description="Validates group devices count with device management page device count"></Step>
		<Step name="Navigate Link" number="19" severity="Blocker" description="Performs Click Operation on the Item Provided " >
			<Parameters>
				<Parameter>
					<Name>OPTION_LINK_NAME</Name>
					<Value>Device Management</Value>
				</Parameter>
			</Parameters>
		</Step>
		<Step name="Delete Device" number="20" severity="Major" description="1. Checks for condition to delete device (Parameter -  DELETE_DEVICE- true(delete) / false(not delete)) 2. Builds query with serial number , 3. Performs device search ,  4. Deletes device " >
			<Parameters>
				<Parameter>
					<Name>DEVICE_ID</Name>
					<Value>static-grp-device-2</Value>
				</Parameter>
			</Parameters>
		</Step>
		<Step name="Navigate Link" number="21" severity="Blocker" description="Performs Click Operation on the Item Provided " >
			<Parameters>
				<Parameter>
					<Name>OPTION_LINK_NAME</Name>
					<Value>Groups</Value>
				</Parameter>
			</Parameters>
		</Step>
		<Step name="Click Group Calculate" number="22" severity="Major" description="Clicks Calculate button associated with group"></Step>
		<Step name="Group Devices Calculate Validate" number="23" severity="Major" description="Validates group devices count with device management page device count"></Step>		
		<Step name="Navigate Link" number="24" severity="Blocker" description="Performs Click Operation on the Item Provided " >
			<Parameters>
				<Parameter>
					<Name>OPTION_LINK_NAME</Name>
					<Value>Groups</Value>
				</Parameter>
			</Parameters>
		</Step>
		<Step name="Calculate Result Before Batch Add" number="25" severity="Major"  description="Evaluates batch count associate with group before adding a batch"></Step>
		<Step name="Navigate Link" number="26" severity="Blocker" description="Performs Click Operation on the Item Provided " >
			<Parameters>
				<Parameter>
					<Name>OPTION_LINK_NAME</Name>
					<Value>Batch Processing</Value>
				</Parameter>
			</Parameters>
		</Step>
		<Step name="Add New Batch" number="27" severity="Blocker"  description="Adds new batch in Batch Page"></Step>
		<Step name="Navigate Link" number="28" severity="Blocker" description="Performs Click Operation on the Item Provided " >
			<Parameters>
				<Parameter>
					<Name>OPTION_LINK_NAME</Name>
					<Value>Groups</Value>
				</Parameter>
			</Parameters>
		</Step>
		<Step name="Calculate Batch Results" number="29" severity="Major" description="Evaluates batch count associated with group "></Step>
		<Step name="Navigate Link" number="30" severity="Blocker" description="Performs Click Operation on the Item Provided " >
			<Parameters>
				<Parameter>
					<Name>OPTION_LINK_NAME</Name>
					<Value>Batch Processing</Value>
				</Parameter>
			</Parameters>
		</Step>
		<Step name="Remove Batch" number="31" severity="Blocker" description="Removes Batch with given name" ></Step>
		<Step name="Navigate Link" number="32" severity="Blocker" description="Performs Click Operation on the Item Provided " >
			<Parameters>
				<Parameter>
					<Name>OPTION_LINK_NAME</Name>
					<Value>Groups</Value>
				</Parameter>
			</Parameters>
		</Step>
		<Step name="Calculate Result After Batch Removed" number="33" severity="Major" description="Evaluates batch option count associated with group after batch is removed " ></Step>
		<Step name="Navigate Link" number="34" severity="Blocker" description="Performs Click Operation on the Item Provided " >
			<Parameters>
				<Parameter>
					<Name>OPTION_LINK_NAME</Name>
					<Value>Groups</Value>
				</Parameter>
			</Parameters>
		</Step>
		<Step name="Delete Group" number="35" severity="Major" description="Deletes Group " ></Step>
		<Step name="Navigate Link" number="36" severity="Blocker" description="Performs Click Operation on the Item Provided " >
			<Parameters>
				<Parameter>
					<Name>OPTION_LINK_NAME</Name>
					<Value>Device Management</Value>
				</Parameter>
			</Parameters>
		</Step>
		<Step name="Delete Device" number="37" severity="Major" description="1. Checks for condition to delete device (Parameter -  DELETE_DEVICE- true(delete) / false(not delete)) 2. Builds query with serial number , 3. Performs device search ,  4. Deletes device " >
			<Parameters>
				<Parameter>
					<Name>DEVICE_ID</Name>
					<Value>static-grp-device-1</Value>
				</Parameter>
			</Parameters>
		</Step>
		<Step name="Logout" number="38" severity="Blocker" description="Performs Log Out" ></Step>
	</Steps>
</Configuration>