<Configuration severity="Major" feature="System" description="Validates System Customization Parameters and properties availability ">
		<Parameters>
		<Parameter>
			<Name>ENABLE_SL_LOG</Name>
			<Value>true</Value>
		</Parameter>
		<Parameter>
			<Name>ENABLE_CL_LOG</Name>
			<Value>true</Value>
		</Parameter>
		<Parameter>
			<Name>OPERATIONS_WAIT_TIME</Name>
			<Value>3s</Value>
		</Parameter>
		<Parameter>
			<Name>WAIT_TIME_GENERAL_UI_ACTIONS</Name>
			<Value>1s</Value>
		</Parameter>
		<Parameter>
			<Name>FILE_NAME_SYSTEM</Name>
			<Value>SystemProperties.xml</Value>
		</Parameter>
	</Parameters>
	<Steps>	
		<Step name="Driver Creator" number="1" severity="Blocker" description="Creates Driver for Browser" ></Step>		
		<Step name="Nav URL" number="2" severity="Blocker" description="Navigates to the Specified URL"></Step>
		<Step name="Login" number="3" severity="Blocker" description="Performs Login with the provided credentials" ></Step>
		<Step name="Check PH Version and Build Number" number="4" severity="Major" description="Check Version and Build Number in Home Page"></Step>
		<Step name="Navigate Link" number="5" severity="Blocker" description="Performs Click Operation on the Item Provided " >
			<Parameters>
				<Parameter>
					<Name>OPTION_LINK_NAME</Name>
					<Value>System</Value>
				</Parameter>
			</Parameters>
		</Step>	
		<Step name="Navigate Link" number="6" severity="Blocker" description="Performs Click Operation on the Item Provided " >
			<Parameters>
				<Parameter>
					<Name>OPTION_LINK_NAME</Name>
					<Value>Customization Management</Value>
				</Parameter>
			</Parameters>
		</Step>	
		<Step name="System Customization Management" number="7" severity="Major" description="Validates - System Customization - Parameters and properties availability" >	
			<Parameters>
				<Parameter>
					<Name>OPTION_LINK_NAME</Name>
					<Value>Operations</Value>
				</Parameter>
			</Parameters>
		</Step>
		<Step name="Logout" number="8" severity="Minor" description="Performs Log Out" ></Step>
	</Steps>
</Configuration>