<?xml version="1.0"?>
<!--
- save this xml file as the same name of .jmx file with suffix as '_' followed by count number. eg. Verify3GTrendsPortlet_1.xml. This is for executing the Verify3GTrendsPortlet test case with different inputs. 
- Common Parameters for the complete Test case eg. UDVs and server details and Parameter value should not get overwrite in any steps. If the parameter value is expected to be overwrite in more than one steps please add the parameters under steps with step number. so that you can give multiple values for the same param in different steps.-->
<Configuration severity="Minor" feature="Device View" description="Validates  (Create , Modify and delete) Tag functionalities">
	<Parameters>		
		<Parameter>
			<Name>ENABLE_SL_LOG</Name>
			<Value>true</Value>
		</Parameter>
		<Parameter>
			<Name>ENABLE_CL_LOG</Name>
			<Value>true</Value>
		</Parameter>
	</Parameters>
	
	<Steps>
		<Step name="Start DS" number="1" severity="Blocker" description="Starts Device Simulator"></Step>
		<Step name="Driver Creator" number="2" severity="Blocker" description="Creates Driver for Browser" ></Step>
		<Step name="Nav URL" number="3" severity="Blocker" description="Navigates to the Specified URL"></Step>
		<Step name="Login" number="4" severity="Blocker" description="Performs Login with the provided credentials" ></Step>
		<Step name="Check PH Version and Build Number" number="5" severity="Major" description="Checks Version and Build Number in Home Page"></Step>
		<Step severity="Blocker" name="click tab" number="6" description="Performs Click Operation on the Item Provided " >
			<Parameters>
				<Parameter>
					<Name>TAB_NAME</Name>
					<Value>Operations</Value>
				</Parameter>
			</Parameters>
		</Step>
		<Step severity="Blocker" name="Click side menu" number="7" description="Performs Click Operation on the Item Provided " >
			<Parameters>
				<Parameter>
					<Name>SIDE_MENU_NAME</Name>
					<Value>Tags</Value>
				</Parameter>
			</Parameters>
		</Step>
		<Step severity="Minor" name="Delete Tag" number="8"  description="Deletes Tag of given name">
			<Parameters>
				<Parameter>
					<Name>TAG_NAME</Name>
					<Value>NewTag</Value>
				</Parameter>
				<Parameter>
					<Name>CLEANING_ACTIVITY</Name>
					<Value>true</Value>
				</Parameter>
			</Parameters>
		</Step>
		<Step severity="Blocker" name="Click side menu" number="9" description="Performs Click Operation on the Item Provided " >
			<Parameters>
				<Parameter>
					<Name>SIDE_MENU_NAME</Name>
					<Value>Tags</Value>
				</Parameter>
			</Parameters>
		</Step>
		<Step severity="Minor" name="Delete Tag" number="10" description="Deletes Tag of given name " >
			<Parameters>
				<Parameter>
					<Name>TAG_NAME</Name>
					<Value>NewTagModify</Value>
				</Parameter>
				<Parameter>
					<Name>CLEANING_ACTIVITY</Name>
					<Value>true</Value>
				</Parameter>
			</Parameters>
		</Step>
		<Step severity="Blocker" name="Click side menu" number="11" description="Performs Click Operation on the Item Provided " >
			<Parameters>
				<Parameter>
					<Name>SIDE_MENU_NAME</Name>
					<Value>Tags</Value>
				</Parameter>
			</Parameters>
		</Step>
		<Step severity="Minor" name="Create Tag" number="12" description="Creates Tag of given name"  >
			<Parameters>
				<Parameter>
					<Name>TAG_NAME</Name>
					<Value>NewTag</Value>
				</Parameter>
				<Parameter>
					<Name>VISIBILITY</Name>
					<Value>visible</Value>
				</Parameter>
			</Parameters>
		</Step>
		<Step name="nav device" number="13" severity="Blocker" description="Navigates to Device "  ></Step>
		<Step severity="Blocker" name="Add Tag to Device" number="14" description="Adds tag to device" >
			<Parameters>
				<Parameter>
					<Name>TAG_NAME_TO_TAG</Name>
					<Value>NewTag</Value>
				</Parameter>
			</Parameters>
		</Step>
		<Step severity="Blocker" name="click tab" number="15" description="Performs Click Operation on the Item Provided " >
			<Parameters>
				<Parameter>
					<Name>TAB_NAME</Name>
					<Value>Operations</Value>
				</Parameter>
			</Parameters>
		</Step>
		<Step severity="Blocker" name="Click side menu" number="16" description="Performs Click Operation on the Item Provided " >
			<Parameters>
				<Parameter>
					<Name>SIDE_MENU_NAME</Name>
					<Value>Tags</Value>
				</Parameter>
			</Parameters>
		</Step>
		<Step severity="Blocker" name="Modify Tag" number="17" description="Modifies Tag"  >
			<Parameters>
				<Parameter>
					<Name>TAG_NAME_TO_MODIFY</Name>
					<Value>NewTag</Value>
				</Parameter>
				<Parameter>
					<Name>TAG_NAME_NEW</Name>
					<Value>NewTagModify</Value>
				</Parameter>
				<Parameter>
					<Name>VISIBILITY</Name>
					<Value>visible</Value>
				</Parameter>
			</Parameters>
		</Step>
		<Step name="nav device" number="18" severity="Blocker" description="Navigates to Device "  ></Step>
		<Step severity="Blocker" name="VerifyTag" number="19" description="Verifies Tag" >
			<Parameters>
				<Parameter>
					<Name>TAG_NAME_TO_VERIFY</Name>
					<Value>NewTagModify</Value>
				</Parameter>
			</Parameters>
		</Step>
		<Step severity="Blocker" name="Remove Tag from Device" number="20" description="Removes Tag from device " >
			<Parameters>
				<Parameter>
					<Name>TAG_NAME_TO_REMOVE</Name>
					<Value>NewTagModify</Value>
				</Parameter>
			</Parameters>
		</Step>
		<Step severity="Blocker" name="click tab" number="21" description="Performs Click Operation on the Item Provided " >
			<Parameters>
				<Parameter>
					<Name>TAB_NAME</Name>
					<Value>Operations</Value>
				</Parameter>
			</Parameters>
		</Step>
		<Step severity="Blocker" name="Click side menu" number="22" description="Performs Click Operation on the Item Provided " >
			<Parameters>
				<Parameter>
					<Name>SIDE_MENU_NAME</Name>
					<Value>Tags</Value>
				</Parameter>
			</Parameters>
		</Step>
		<Step severity="Minor" name="Delete Tag" number="23" description="Deletes tag of given name" >
			<Parameters>
				<Parameter>
					<Name>TAG_NAME</Name>
					<Value>NewTagModify</Value>
				</Parameter>
				<Parameter>
					<Name>CLEANING_ACTIVITY</Name>
					<Value>false</Value>
				</Parameter>
			</Parameters>
		</Step>
		<Step name="click tab" number="24" severity="Blocker" description="Performs Click Operation on the Item Provided " >
			<Parameters>
				<Parameter>
					<Name>TAB_NAME</Name>
					<Value>Operations</Value>
				</Parameter>
			</Parameters>
		</Step>
		<Step name="Click side menu" number="25" severity="Blocker" description="Performs Click Operation on the Item Provided " >
			<Parameters>
				<Parameter>
					<Name>SIDE_MENU_NAME</Name>
					<Value>Device Management</Value>
				</Parameter>
			</Parameters>
		</Step>
		<Step name="Delete Device" number="26" severity="Major" description="1. Checks for condition to delete device (Parameter -  DELETE_DEVICE- true(delete) / false(not delete)) 2. Builds query with serial number , 3. Performs device search ,  4. Deletes device " ></Step>
		<Step name="Logout" number="27" severity="Blocker" description="Performs Log Out" ></Step>
	</Steps>
</Configuration>