<?xml version="1.0"?>
<!--
- save this xml file as the same name of .jmx file with suffix as '_' followed by count number. eg. Verify3GTrendsPortlet_1.xml. This is for executing the Verify3GTrendsPortlet test case with different inputs. 
- Common Parameters for the complete Test case eg. UDVs and server details and Parameter value should not get overwrite in any steps. If the parameter value is expected to be overwrite in more than one steps please add the parameters under steps with step number. so that you can give multiple values for the same param in different steps.-->
<Configuration severity="Minor" feature="Device View" description="Verifies Device Alert Portlet. Generates and clears alert and check their corresponding values in Portlet.">
	<Parameters>		
		<Parameter>
			<Name>ENABLE_SL_LOG</Name>
			<Value>true</Value>
		</Parameter>
		<Parameter>
			<Name>ENABLE_CL_LOG</Name>
			<Value>true</Value>
		</Parameter>
		<Parameter>
			<Name>ALERT_INFO_INPUT_FILE</Name>
			<Value>AlertsInfo.xml</Value>
		</Parameter>
	</Parameters>
	
	<Steps>
		<Step name="Start DS" number="1" severity="Blocker" description="Starts Device Simulator"></Step>
		<Step name="Driver Creator" number="2" severity="Blocker" description="Creates Driver for Browser"></Step>
		<Step name="Nav URL" number="3" severity="Blocker" description="Navigates to the Specified URL"></Step>
		<Step name="Login" number="4" severity="Blocker" description="Performs Login with the provided credentials"></Step>
		<Step name="Check PH Version and Build Number" number="5" severity="Major" description="Checks Version and Build Number in Home Page"></Step>
		<Step name="nav device" number="6" severity="Blocker" description="Navigates to Device"></Step>
		<Step severity="Blocker" name="Refresh Portlet" number="7" description="Performs refresh on the portlet">
			<Parameters>
				<Parameter>
					<Name>PORTLET_NAME</Name>
					<Value>Device Alerts</Value>
				</Parameter>
				<Parameter>
					<Name>PORTLET_ID</Name>
					<Value>alertsn-retrieve-wrap</Value>
				</Parameter>
			</Parameters>
		</Step>
		<Step severity="Blocker" name="Verify Alert Portlet" number="8" description="Verifies that the specified alert is not present in the Alerts Portlet">
			<Parameters>
				<Parameter>
					<Name>ALERT_ALIAS</Name>
					<Value>DLC_Battery_Replacement</Value>
				</Parameter>
				<Parameter>
					<Name>DISPLAY_CONDITION</Name>
					<Value>false</Value>
				</Parameter>
			</Parameters>
		</Step>
		<Step severity="Blocker" name="Generate Or Clear Alert" number="9" description="Generates the specified Alert">
			<Parameters>
				<Parameter>
					<Name>ALERT_ALIAS</Name>
					<Value>DLC_Battery_Replacement</Value>
				</Parameter>
				<Parameter>
					<Name>GENERATE_ALERT</Name>
					<Value>true</Value>
				</Parameter>
			</Parameters>
		</Step>
		<Step severity="Blocker" name="Refresh Portlet" number="10" description="Performs refresh on the portlet">
			<Parameters>
				<Parameter>
					<Name>PORTLET_NAME</Name>
					<Value>Device Alerts</Value>
				</Parameter>
				<Parameter>
					<Name>PORTLET_ID</Name>
					<Value>alertsn-retrieve-wrap</Value>
				</Parameter>
			</Parameters>
		</Step>
		<Step severity="Blocker" name="Refresh Portlet" number="11" description="Performs refresh on the portlet">
			<Parameters>
				<Parameter>
					<Name>PORTLET_NAME</Name>
					<Value>Device Alerts</Value>
				</Parameter>
				<Parameter>
					<Name>PORTLET_ID</Name>
					<Value>alertsn-retrieve-wrap</Value>
				</Parameter>
			</Parameters>
		</Step>
		<Step severity="Blocker" name="Verify Alert Portlet" number="12" description="Verifies that the specified alert is present in the Alerts Portlet">">
			<Parameters>
				<Parameter>
					<Name>ALERT_ALIAS</Name>
					<Value>DLC_Battery_Replacement</Value>
				</Parameter>
				<Parameter>
					<Name>DISPLAY_CONDITION</Name>
					<Value>true</Value>
				</Parameter>
			</Parameters>
		</Step>
		<Step severity="Blocker" name="Generate Or Clear Alert" number="13" description="Clears the specified Alert">
			<Parameters>
				<Parameter>
					<Name>ALERT_ALIAS</Name>
					<Value>DLC_Battery_Replacement</Value>
				</Parameter>
				<Parameter>
					<Name>GENERATE_ALERT</Name>
					<Value>false</Value>
				</Parameter>
			</Parameters>
		</Step>
		<Step severity="Blocker" name="Refresh Portlet" number="14" description="Performs refresh on the portlet">
			<Parameters>
				<Parameter>
					<Name>PORTLET_NAME</Name>
					<Value>Device Alerts</Value>
				</Parameter>
				<Parameter>
					<Name>PORTLET_ID</Name>
					<Value>alertsn-retrieve-wrap</Value>
				</Parameter>
			</Parameters>
		</Step>
		<Step severity="Blocker" name="Verify Alert Portlet" number="15" description="Verifies that the specified alert is not present in the Alerts Portlet">">
			<Parameters>
				<Parameter>
					<Name>ALERT_ALIAS</Name>
					<Value>DLC_Battery_Replacement</Value>
				</Parameter>
				<Parameter>
					<Name>DISPLAY_CONDITION</Name>
					<Value>false</Value>
				</Parameter>
			</Parameters>
		</Step>
		<Step name="click tab" number="16" severity="Blocker" description="Performs Click Operation on the Item Provided">
			<Parameters>
				<Parameter>
					<Name>TAB_NAME</Name>
					<Value>Operations</Value>
				</Parameter>
			</Parameters>
		</Step>
		<Step name="click side menu" number="17" severity="Blocker" description="Performs Click Operation on the Item Provided">
			<Parameters>
				<Parameter>
					<Name>SIDE_MENU_NAME</Name>
					<Value>Device Management</Value>
				</Parameter>
			</Parameters>
		</Step>
		<Step name="Delete Device" number="18" severity="Major" description="1. Checks for condition to delete device (Parameter -  DELETE_DEVICE- true(delete) / false(not delete)) 2. Builds query with serial number , 3. Performs device search ,  4. Deletes device "></Step>
		<Step name="Logout" number="19" severity="Blocker" description="Performs Log Out"></Step>
	</Steps>
</Configuration>