<?xml version="1.0"?>
<!--
- save this xml file as the same name of .jmx file with suffix as '_' followed by count number. eg. Verify3GTrendsPortlet_1.xml. This is for executing the Verify3GTrendsPortlet test case with different inputs. 
- Common Parameters for the complete Test case eg. UDVs and server details and Parameter value should not get overwrite in any steps. If the parameter value is expected to be overwrite in more than one steps please add the parameters under steps with step number. so that you can give multiple values for the same param in different steps.-->
<Configuration severity="Minor" feature="Device View" description="Verifies Home View Portlet, compares the number of LAN Hosts in the portlet with the Device Simulator, Adds/removes LAN Hosts and verify again.">
	<Parameters>		
		<Parameter>
			<Name>ENABLE_SL_LOG</Name>
			<Value>true</Value>
		</Parameter>
		<Parameter>
			<Name>ENABLE_CL_LOG</Name>
			<Value>true</Value>
		</Parameter>
	</Parameters>
	
	<Steps>
		<Step name="Start DS" number="1" severity="Blocker" description="Starts Device Simulator"></Step>
		<Step name="Driver Creator" number="2" severity="Blocker" description="Creates Driver for Browser"></Step>
		<Step name="Nav URL" number="3" severity="Blocker" description="Navigates to the Specified URL"></Step>
		<Step name="Login" number="4" severity="Minor" description="Performs Login with the provided credentials"></Step>
		<Step name="Check PH Version and Build Number" number="5" severity="Major" description="Checks Version and Build Number in Home Page"></Step>
		<Step name="nav device" number="6" severity="Blocker" description="Navigates to Device"></Step>
		<Step name="Verify  Home View Portlet" number="7" severity="Major" description="Verifies Home View Portlet, compares the number of LAN Hosts in the portlet with the Device Simulator."></Step>
		<Step name="Add or Remove LAN Hosts" number="8" severity="Major" description="Adds Ethernet LAN Host entry based on given identifiers">
			<Parameters>
				<Parameter>
					<Name>HOST_TYPE</Name>
					<Value>Ethernet</Value>
				</Parameter>
				<Parameter>
					<Name>OPERATION</Name>
					<Value>Add</Value>
				</Parameter>
				<Parameter>
					<Name>IP_ADDRESS</Name>
					<Value>192.168.29.157</Value>
				</Parameter>
				<Parameter>
					<Name>MAC_ADDRESS</Name>
					<Value>02:68:20:36:25:05</Value>
				</Parameter>
			</Parameters>
		</Step>
		<Step name="Add or Remove LAN Hosts" number="9" severity="Major" description="Adds Wireless LAN Host entry based on given identifiers">
			<Parameters>
				<Parameter>
					<Name>HOST_TYPE</Name>
					<Value>802.11</Value>
				</Parameter>
				<Parameter>
					<Name>OPERATION</Name>
					<Value>Add</Value>
				</Parameter>
				<Parameter>
					<Name>IP_ADDRESS</Name>
					<Value>192.168.29.158</Value>
				</Parameter>
				<Parameter>
					<Name>MAC_ADDRESS</Name>
					<Value>02:68:20:36:25:06</Value>
				</Parameter>
			</Parameters>
		</Step>
		<Step name="Refresh Portlet" number="10" severity="Major" description="Performs refresh on the portlet.">
			<Parameters>
				<Parameter>
					<Name>PORTLET_NAME</Name>
					<Value>Home View</Value>
				</Parameter>
				<Parameter>
					<Name>PORTLET_ID</Name>
					<Value>homeviewn-retrieve-wrap</Value>
				</Parameter>
			</Parameters>
		</Step>
		<Step name="Verify  Home View Portlet" number="11" severity="Major" description="Verifies Home View Portlet, compares the number of LAN Hosts in the portlet with the Device Simulator."></Step>
		<Step name="Add or Remove LAN Hosts" number="12" severity="Major" description="Removes Ethernet LAN Host entry.">
			<Parameters>
				<Parameter>
					<Name>HOST_TYPE</Name>
					<Value>Ethernet</Value>
				</Parameter>
				<Parameter>
					<Name>OPERATION</Name>
					<Value>remove</Value>
				</Parameter>
			</Parameters>
		</Step>
		<Step name="Add or Remove LAN Hosts" number="13" severity="Major" description="Removes Wireless LAN Host entry.">
			<Parameters>
				<Parameter>
					<Name>HOST_TYPE</Name>
					<Value>802.11</Value>
				</Parameter>
				<Parameter>
					<Name>OPERATION</Name>
					<Value>remove</Value>
				</Parameter>
			</Parameters>
		</Step>
		<Step name="Refresh Portlet" number="14" severity="Major" description="Performs refresh">
			<Parameters>
				<Parameter>
					<Name>PORTLET_NAME</Name>
					<Value>Home View</Value>
				</Parameter>
				<Parameter>
					<Name>PORTLET_ID</Name>
					<Value>homeviewn-retrieve-wrap</Value>
				</Parameter>
			</Parameters>
		</Step>
		<Step name="Verify  Home View Portlet" number="15" severity="Major" description="Verifies Home View Portlet, compares the number of LAN Hosts in the portlet with the Device Simulator."></Step>
		<Step name="click tab" number="16" severity="Blocker" description="Performs Click Operation on the Item Provided">
			<Parameters>
				<Parameter>
					<Name>TAB_NAME</Name>
					<Value>Operations</Value>
				</Parameter>
			</Parameters>
		</Step>
		<Step name="click side menu" number="17" severity="Blocker" description="Performs Click Operation on the Item Provided">
			<Parameters>
				<Parameter>
					<Name>SIDE_MENU_NAME</Name>
					<Value>Device Management</Value>
				</Parameter>
			</Parameters>
		</Step>
		<Step name="Delete Device" number="18" severity="Major" description="1. Checks for condition to delete device (Parameter -  DELETE_DEVICE- true(delete) / false(not delete)) 2. Builds query with serial number , 3. Performs device search ,  4. Deletes device "></Step>
		<Step name="Logout" number="19" severity="Blocker" description="Performs Log Out"></Step>
	</Steps>
</Configuration>