<?xml version="1.0"?>
<!--
- save this xml file as the same name of .jmx file with suffix as '_' followed by count number. eg. Verify3GTrendsPortlet_1.xml. This is for executing the Verify3GTrendsPortlet test case with different inputs. 
- Common Parameters for the complete Test case eg. UDVs and server details and Parameter value should not get overwrite in any steps. If the parameter value is expected to be overwrite in more than one steps please add the parameters under steps with step number. so that you can give multiple values for the same param in different steps.-->
<Configuration severity="Minor" feature="Device View" description="Verifies 3G trends Portlet Graphs {RSCP, RSSI and EcNo} for the Legend, Sub-title, X-Axis unit, Y-Axis unit, data points and their corresponding values.">
	<Parameters>		
		<Parameter>
			<Name>ENABLE_SL_LOG</Name>
			<Value>true</Value>
		</Parameter>
		<Parameter>
			<Name>ENABLE_CL_LOG</Name>
			<Value>true</Value>
		</Parameter>
		<Parameter>
			<Name>FILE_NAME_3G_TRENDS</Name>
			<Value>3GTrendsPortlet.xml</Value>
		</Parameter>
		<!-- Override the value of Datmodel name. Here external file is provided. see <CTAT_Bundle>\src\test\resources for data model file -->
		<Parameter>
			<Name>DEVICE_DATA_MODEL_NAME</Name>
			<Value>src/test/resources/att-dlc-custom.csv</Value>
		</Parameter>
		<Parameter>
			<Name>DEVICE_ID</Name>
			<Value>test3gTrends-123</Value>
		</Parameter>
		<Parameter>
			<Name>DELETE_DEVICE</Name>
			<Value>true</Value>
		</Parameter>
		<Parameter>
			<Name>DS_PORT_NUMBER</Name>
			<Value>1</Value>
		</Parameter>
	</Parameters>
	
	<Steps>
		
		<Step name="Start DS" number="1" severity="Blocker" description="Starts Device Simulator"></Step>
		<Step name="Driver Creator" number="2" severity="Blocker" description="Creates Driver for Browser"></Step>
		<Step name="Nav URL" number="3" severity="Blocker" description="Navigates to the Specified URL"></Step>
		<Step name="Login" number="4" severity="Blocker" description="Performs Login with the provided credentials"></Step>
		<Step name="Check PH Version and Build Number" number="5" severity="Major" description="Checks Version and Build Number in Home Page"></Step>
		<Step name="nav device" number="6" severity="Blocker" description="Navigates to Device"></Step>
		<Step severity="Blocker" name="click side menu" number="7" description="Performs Click Operation on the Item Provided">
			<Parameters>
				<Parameter>
					<Name>SIDE_MENU_NAME</Name>
					<Value>3G Trends</Value>
				</Parameter>
			</Parameters>
		</Step>
		<Step severity="Blocker" name="Refresh Portlet" number="8" description="Performs refresh on the portlet">
			<Parameters>
				<Parameter>
					<Name>PORTLET_NAME</Name>
					<Value>RSCP</Value>
				</Parameter>
				<Parameter>
					<Name>PORTLET_ID</Name>
					<Value>retrieve-wrap-rscp</Value>
				</Parameter>
			</Parameters>
		</Step>
		
		<Step severity="Major" name="Verify 3G Trends" number="9" description="Verifies 3G trends Portlet for the Legend, Sub-title, X-Axis unit, Y-Axis unit, data points and their corresponding values.">
			<Parameters>
				<Parameter>
					<Name>GRAPH_NAME</Name>
					<Value>RSCP</Value>
				</Parameter>
			</Parameters>
		</Step>
		<Step severity="Blocker" name="Refresh Portlet" number="10" description="Performs refresh on the portlet">
			<Parameters>
				<Parameter>
					<Name>PORTLET_NAME</Name>
					<Value>RSSI</Value>
				</Parameter>
				<Parameter>
					<Name>PORTLET_ID</Name>
					<Value>retrieve-wrap-rssi</Value>
				</Parameter>
			</Parameters>
		</Step>
		<Step severity="Major" name="Verify 3G Trends" number="11" description="Verifies 3G trends Portlet for the Legend, Sub-title, X-Axis unit, Y-Axis unit, data points and their corresponding values.">
			<Parameters>
				<Parameter>
					<Name>GRAPH_NAME</Name>
					<Value>RSSI</Value>
				</Parameter>
			</Parameters>
		</Step>
		<Step severity="Blocker" name="Refresh Portlet" number="12" description="Performs refresh on the portlet">
			<Parameters>
				<Parameter>
					<Name>PORTLET_NAME</Name>
					<Value>EcNo</Value>
				</Parameter>
				<Parameter>
					<Name>PORTLET_ID</Name>
					<Value>retrieve-wrap-ecno</Value>
				</Parameter>
			</Parameters>
		</Step>
		<Step severity="Major" name="Verify 3G Trends" number="13" description="Verifies 3G trends Portlet for the Legend, Sub-title, X-Axis unit, Y-Axis unit, data points and their corresponding values.">
			<Parameters>
				<Parameter>
					<Name>GRAPH_NAME</Name>
					<Value>EcNo</Value>
				</Parameter>
			</Parameters>
		</Step>
		<Step severity="Blocker" name="Add New Interval Multiple" number="14" description="Adds new data points to the charts RSCP, RSSI and EcNo.">
			<Parameters>
				<Parameter>
					<Name>ADD_NEW_INTERVAL_PARAMS_DATE</Name>
					<Value>2015-01-26T21:18:45Z,2015-01-26T21:21:45Z,2015-01-26T21:25:45Z</Value>
				</Parameter>
				<Parameter>
					<Name>ADD_NEW_INTERVAL_PARAMS_RSCP</Name>
					<Value>-100,-100,-50</Value>
				</Parameter>
				<Parameter>
					<Name>ADD_NEW_INTERVAL_PARAMS_ECNO</Name>
					<Value>-50,-50,0</Value>
				</Parameter>
				<Parameter>
					<Name>ADD_NEW_INTERVAL_PARAMS_RSSI</Name>
					<Value>-100,-100,-50</Value>
				</Parameter>
			</Parameters>
		</Step>
		
		
		<Step severity="Blocker" name="Refresh Portlet" number="15" description="Performs refresh on the portlet">
			<Parameters>
				<Parameter>
					<Name>PORTLET_NAME</Name>
					<Value>RSCP</Value>
				</Parameter>
				<Parameter>
					<Name>PORTLET_ID</Name>
					<Value>retrieve-wrap-rscp</Value>
				</Parameter>
			</Parameters>
		</Step>
		
		<Step severity="Major" name="Verify 3G Trends" number="16" description="Verifies 3G trends Portlet for the Legend, Sub-title, X-Axis unit, Y-Axis unit, data points and their corresponding values.">
			<Parameters>
				<Parameter>
					<Name>GRAPH_NAME</Name>
					<Value>RSCP</Value>
				</Parameter>
			</Parameters>
		</Step>
		<Step severity="Blocker" name="Refresh Portlet" number="17" description="Performs refresh on the portlet">
			<Parameters>
				<Parameter>
					<Name>PORTLET_NAME</Name>
					<Value>EcNo</Value>
				</Parameter>
				<Parameter>
					<Name>PORTLET_ID</Name>
					<Value>retrieve-wrap-ecno</Value>
				</Parameter>
			</Parameters>
		</Step>
		<Step severity="Major" name="Verify 3G Trends" number="18" description="Verifies 3G trends Portlet for the Legend, Sub-title, X-Axis unit, Y-Axis unit, data points and their corresponding values.">
			<Parameters>
				<Parameter>
					<Name>GRAPH_NAME</Name>
					<Value>EcNo</Value>
				</Parameter>
			</Parameters>
		</Step>
		<Step severity="Blocker" name="Refresh Portlet" number="19" description="Performs refresh on the portlet">
			<Parameters>
				<Parameter>
					<Name>PORTLET_NAME</Name>
					<Value>RSSI</Value>
				</Parameter>
				<Parameter>
					<Name>PORTLET_ID</Name>
					<Value>retrieve-wrap-rssi</Value>
				</Parameter>
			</Parameters>
		</Step>
		<Step severity="Major" name="Verify 3G Trends" number="20" description="Verifies 3G trends Portlet for the Legend, Sub-title, X-Axis unit, Y-Axis unit, data points and their corresponding values.">
			<Parameters>
				<Parameter>
					<Name>GRAPH_NAME</Name>
					<Value>RSSI</Value>
				</Parameter>
			</Parameters>
		</Step>
		<Step name="click tab" number="21" severity="Blocker" description="Performs Click Operation on the Item Provided">
			<Parameters>
				<Parameter>
					<Name>TAB_NAME</Name>
					<Value>Operations</Value>
				</Parameter>
			</Parameters>
		</Step>
		<Step name="click side menu" number="22" severity="Blocker" description="Performs Click Operation on the Item Provided">
			<Parameters>
				<Parameter>
					<Name>SIDE_MENU_NAME</Name>
					<Value>Device Management</Value>
				</Parameter>
			</Parameters>
		</Step>
		<Step name="Delete Device" number="23" severity="Major" description="1. Checks for condition to delete device (Parameter -  DELETE_DEVICE- true(delete) / false(not delete)) 2. Builds query with serial number , 3. Performs device search ,  4. Deletes device "></Step>
		<Step name="Logout" number="24" severity="Blocker" description="Performs Log Out"></Step>
	</Steps>
</Configuration>