<?xml version="1.0"?>
<!--
- save this xml file as the same name of .jmx file with suffix as '_' followed by count number. eg. verifySpeedTestPortlet_1.xml. This is for executing the verifySpeedTestPortlet test case with different inputs. 
- Common Parameters for the complete Test case eg. UDVs and server details and Parameter value should not get overwrite in any steps. If the parameter value is expected to be overwritten in more than one step please add the parameters under steps with step number. 
- so that you can give multiple values for the same param in different steps.-->
<Configuration severity="Minor" feature="Device View" description="Validates UI Components of System Admin Role"> 
	<Parameters>		
		<Parameter>
			<Name>ENABLE_SL_LOG</Name>
			<Value>true</Value>
		</Parameter>
		<Parameter>
			<Name>ENABLE_CL_LOG</Name>
			<Value>true</Value>
		</Parameter>
		<Parameter>
			<Name>PH_LOGIN_USERNAME</Name>
			<Value>testSystem@cisco.com</Value>
		</Parameter>
		<Parameter>
			<Name>PH_LOGIN_PASSWORD</Name>
			<Value>admin1234</Value>
		</Parameter>
		<Parameter>
			<Name>PH_ROLE</Name>
			<Value>Prime Home System Admin</Value>
		</Parameter>
	</Parameters>
	
	<Steps>
		<Step name="Start DS" number="1" severity="Blocker" description="Starts Device Simulator"></Step>
		<Step name="Driver Creator" number="2" severity="Blocker" description="Creates Driver for Browser"></Step>
		<Step name="Nav URL" number="3" severity="Blocker" description="Navigates to the Specified URL"></Step>
		<Step name="Login" number="4" severity="Blocker" description="Performs Login with the provided credentials"></Step>
		<Step name="Check PH Version and Build Number" number="5" severity="Blocker" description="Checks Version and Build Number in Home Page"></Step>
		<Step name="VerifyTabs" number="6" severity="Blocker" description="Verifies Tabs Availability"></Step>
		<Step name="click tab" number="7" severity="Blocker" description="Performs Click Operation on the Item Provided"></Step>
		<Step name="verify Dashboard SideMenu" number="8" severity="Minor" description="Verifies Dashboard SideMenu"></Step>
		<Step name="Verify Dashboard Portlets" number="9" severity="Minor" description="Verifies Dashboard Porltet"></Step>
		<Step name="nav device" number="10" severity="Blocker" description="Navigates to Device"></Step>
		<Step name="Verify Side Menu" number="11" severity="Minor" description="Performs Click Operation on the Item Provided"></Step>
		<Step name="VerifyQuickActionsForRole" number="12" severity="Minor" description="Verifies Quick Actions list for the role"></Step>
		<Step name="Verify Portlets in Device" number="13" severity="Minor" description="Verifies Portlets in devices"></Step>
		<Step name="Click Tab" number="14" severity="Blocker" description="Performs Click Operation on the Item Provided"></Step>
		<Step name="Click Side Menu" number="15" severity="Blocker" description="Performs Click Operation on the Item Provided"></Step>
		<Step name="Delete Device" number="16" severity="Blocker" description="1. Checks for condition to delete device (Parameter -  DELETE_DEVICE- true(delete) / false(not delete)) 2. Builds query with serial number , 3. Performs device search ,  4. Deletes device "></Step>
		<Step name="Logout" number="17" severity="Blocker" description="Performs Log Out"></Step>
	</Steps>
</Configuration>