<?xml version="1.0"?>
<!--
- save this xml file as the same name of .jmx file with suffix as '_' followed by count number. eg. Verify3GTrendsPortlet_1.xml. This is for executing the Verify3GTrendsPortlet test case with different inputs. 
- Common Parameters for the complete Test case eg. UDVs and server details and Parameter value should not get overwrite in any steps. If the parameter value is expected to be overwrite in more than one steps please add the parameters under steps with step number. so that you can give multiple values for the same param in different steps.-->
<Configuration severity="Minor" feature="Device View" description="Validates workflow template creation and create batch with the workflow and verify the action of the workflow is executed.">
	<Parameters>		
		<Parameter>
			<Name>ENABLE_SL_LOG</Name>
			<Value>true</Value>
		</Parameter>
		<Parameter>
			<Name>ENABLE_CL_LOG</Name>
			<Value>true</Value>
		</Parameter>
		<Parameter>
			<Name>WAIT_TIME_GENERAL_UI_ACTIONS</Name>
			<Value>1s</Value>
		</Parameter>
		<Parameter>
			<Name>WORKFLOW_NAME</Name> <!-- change ACTION_NAME in Create Batch step also. -->
			<Value>NewWorkFlow</Value>
		</Parameter>
		<Parameter>
			<Name>GROUP_NAME</Name> <!-- change NAME in Delete Group step also. -->
			<Value>Group_WorkFlowTest</Value>
		</Parameter>
		<Parameter>
			<Name>BATCH_NAME</Name>
			<Value>NewBatch</Value>
		</Parameter>
	</Parameters>
	
	<Steps>
		<Step name="Start DS" number="1" severity="Blocker" description="Starts Device Simulator"></Step>
		<Step name="Driver Creator" number="2" severity="Blocker" description="Creates Driver for Browser"></Step>
		<Step name="Nav URL" number="3" severity="Blocker" description="Navigates to the Specified URL"></Step>
		<Step name="Login" number="4" severity="Blocker" description="Performs Login with the provided credentials"></Step>
		<Step name="Check PH Version and Build Number" number="5" severity="Major" description="Checks Version and Build Number in Home Page"></Step>
		<Step name="nav device" number="6" severity="Blocker" description="Navigates to Device"></Step>
		<Step severity="Blocker" name="click tab" number="7" description="Performs Click Operation on the Item Provided">
			<Parameters>
				<Parameter>
					<Name>TAB_NAME</Name>
					<Value>Operations</Value>
				</Parameter>
			</Parameters>
		</Step>
		
		<Step severity="Blocker" name="Click side menu" number="8" description="Performs Click Operation on the Item Provided">
			<Parameters>
				<Parameter>
					<Name>SIDE_MENU_NAME</Name>
					<Value>Batch Processing</Value>
				</Parameter>
			</Parameters>
		</Step>
		<Step severity="Minor" name="Delete Batch" number="9" description="Deletes batch(If present) with the given identifier">
			<Parameters>
				<!-- <Parameter>
					<Name>BATCH_NAME</Name>
					<Value>NewBatch</Value>
				</Parameter> -->
				<Parameter>
					<Name>CLEANING_ACTIVITY</Name>
					<Value>true</Value>
				</Parameter>
			</Parameters>
		</Step>
		
		<Step severity="Blocker" name="Click side menu" number="10" description="Performs Click Operation on the Item Provided">
			<Parameters>
				<Parameter>
					<Name>SIDE_MENU_NAME</Name>
					<Value>Workflow Templates</Value>
				</Parameter>
			</Parameters>
		</Step>
		<Step severity="Minor" name="Delete WorkFlow" number="11" description="Deletes workflow entry(If present) with the given identifier">
			<Parameters>
				<!-- <Parameter>
					<Name>WORKFLOW_NAME</Name>
					<Value>NewWorkFlow</Value>
				</Parameter> -->
				<Parameter>
					<Name>CLEANING_ACTIVITY</Name>
					<Value>true</Value>
				</Parameter>
			</Parameters>
		</Step>
		
		<Step severity="Blocker" name="Click side menu" number="12" description="Performs Click Operation on the Item Provided">
			<Parameters>
				<Parameter>
					<Name>SIDE_MENU_NAME</Name>
					<Value>Groups</Value>
				</Parameter>
			</Parameters>
		</Step>
		<Step name="Delete Group" number="13" severity="Minor" description="Deletes group(If present) with the given identifier">
			<Parameters>
				<!-- <Parameter>
					<Name>GROUP_NAME</Name>
					<Value>Group_WorkFlowTest</Value>
				</Parameter> -->
				<Parameter>
					<Name>CLEANING_ACTIVITY</Name>
					<Value>true</Value>
				</Parameter>
			</Parameters>
		</Step>	
		
		
		<Step severity="Blocker" name="Click side menu" number="14" description="Performs Click Operation on the Item Provided">
			<Parameters>
				<Parameter>
					<Name>SIDE_MENU_NAME</Name>
					<Value>Groups</Value>
				</Parameter>
			</Parameters>
		</Step>
		<Step name="Add New Group" number="15" severity="Blocker" description="Creates new group with criteria as SerialNumber equals Device ID.">
			<Parameters>
				<!-- <Parameter>
					<Name>GROUP_NAME</Name>
					<Value>Group_WorkFlowTest</Value>
				</Parameter> -->
				<Parameter>
					<Name>ADDGROUP_CONDITION</Name>
					<Value>Device Parameters</Value>
				</Parameter>
				<Parameter>
					<Name>ADDGROUP_PARAM</Name>
					<Value>Serial Number</Value>
				</Parameter>
				<Parameter>
					<Name>ADDGROUP_MATCH</Name>
					<Value>equals</Value>
				</Parameter>
			</Parameters>
		</Step>	
		<Step severity="Blocker" name="Click side menu" number="16" description="Performs Click Operation on the Item Provided">
			<Parameters>
				<Parameter>
					<Name>SIDE_MENU_NAME</Name>
					<Value>Workflow Templates</Value>
				</Parameter>
			</Parameters>
		</Step>
		<Step severity="Major" name="Create WorkFlow" number="17" description="Creates workflow with the action as SPV.">
			<Parameters>
				<!-- <Parameter>
					<Name>WORKFLOW_NAME</Name>
					<Value>NewWorkFlow</Value>
				</Parameter> -->
				<Parameter>
					<Name>CREATE_QUICK_ACTION</Name>
					<Value>true</Value>
				</Parameter>
				<Parameter>
					<Name>QUICK_ACTION_NAME</Name>
					<Value>TestQA</Value>
				</Parameter>
				<Parameter>
					<Name>BLOCK_POLICY</Name>
					<Value>Block Portlet</Value>
				</Parameter>
				<Parameter>
					<Name>RELEVANT_DEVICE_PROFILES</Name>
					<Value>Default STB,Cisco Home Security Controller</Value>
				</Parameter>
				<Parameter>
					<Name>RELEVANT_ROLES</Name>
					<Value>Prime Home Operations,Prime Home Admin,Administrator</Value>
				</Parameter>
				<Parameter>
					<Name>ACTION_NAME</Name>
					<Value>Set parameter value</Value>
				</Parameter>
				<Parameter>
					<Name>ACTION_TITLES</Name>
					<Value>SPV1,SPV2</Value>
				</Parameter>
				<Parameter>
					<Name>ACTION_PARAMETERS</Name>
					<Value>InternetGatewayDevice.LANDevice.1.WLANConfiguration.1.SSID,InternetGatewayDevice.LANDevice.1.WLANConfiguration.1.RadioEnabled</Value>
				</Parameter>
				<Parameter>
					<Name>ACTION_VALUES</Name>
					<Value>ATT76A3New,0</Value>
				</Parameter>
				<Parameter>
					<Name>ACTION_CHANGEABLES</Name>
					<Value>Read Write,Read Write</Value>
				</Parameter>
			</Parameters>
		</Step>
		<Step severity="Blocker" name="Click side menu" number="18" description="Performs Click Operation on the Item Provided">
			<Parameters>
				<Parameter>
					<Name>SIDE_MENU_NAME</Name>
					<Value>Workflow Templates</Value>
				</Parameter>
			</Parameters>
		</Step>
		<Step severity="Blocker" name="Check WorkFlow" number="19" description="Check workflow present in the workflow details portlet.">
			<Parameters>
				<!-- <Parameter>
					<Name>WORKFLOW_NAME</Name>
					<Value>NewWorkFlow</Value>
				</Parameter> -->
			</Parameters>
		</Step>
		<Step severity="Blocker" name="Click side menu" number="20" description="Performs Click Operation on the Item Provided">
			<Parameters>
				<Parameter>
					<Name>SIDE_MENU_NAME</Name>
					<Value>Batch Processing</Value>
				</Parameter>
			</Parameters>
		</Step>
		<Step severity="Blocker" name="Create Batch" number="21" description="Creates batch with created Group and Workflow as action.">
			<Parameters>
				<!-- <Parameter>
					<Name>BATCH_NAME</Name>
					<Value>NewBatch</Value>
				</Parameter> -->
				<Parameter>
					<Name>ACTION_NAME</Name>
					<Value>NewWorkFlow</Value><!-- Set parameter value -->
				</Parameter>
				<!-- <Parameter>
					<Name>ACTION_PARAMETERS</Name>
					<Value>InternetGatewayDevice.LANDevice.1.WLANConfiguration.1.SSID,InternetGatewayDevice.LANDevice.1.WLANConfiguration.1.RadioEnabled</Value>
				</Parameter>
				<Parameter>
					<Name>ACTION_VALUES</Name>
					<Value>ATT76A3New,0</Value>
				</Parameter> -->
			</Parameters>
		</Step>
		<Step severity="Blocker" name="Click side menu" number="22" description="Performs Click Operation on the Item Provided">
			<Parameters>
				<Parameter>
					<Name>SIDE_MENU_NAME</Name>
					<Value>Batch Processing</Value>
				</Parameter>
			</Parameters>
		</Step>
		
		<Step severity="Major" name="Verify Batch" number="23" description="Verifies whether Batch is completed or not.">
			<Parameters>
				<!-- <Parameter>
					<Name>BATCH_NAME</Name>
					<Value>NewBatch</Value>
				</Parameter> -->
			</Parameters>
		</Step>
		
		<Step name="nav device" number="24" severity="Blocker" description="Navigates to Device"></Step>
		
		<Step severity="Major" name="Verify Value Change" number="25" description="Verifies whether the SPV done by workflow is reflected in UI and DS.">
			<Parameters>
				 <Parameter>
					<Name>ACTION_PARAMETERS</Name>
					<Value>InternetGatewayDevice.LANDevice.1.WLANConfiguration.1.SSID,InternetGatewayDevice.LANDevice.1.WLANConfiguration.1.RadioEnabled</Value>
				</Parameter>
				<Parameter>
					<Name>ACTION_VALUES</Name>
					<Value>ATT76A3New,0</Value>
				</Parameter>
			</Parameters>
		</Step>
		
		<Step severity="Blocker" name="click tab" number="26" description="Performs Click Operation on the Item Provided">
			<Parameters>
				<Parameter>
					<Name>TAB_NAME</Name>
					<Value>Operations</Value>
				</Parameter>
			</Parameters>
		</Step>
		
		<Step severity="Blocker" name="Click side menu" number="27" description="Performs Click Operation on the Item Provided">
			<Parameters>
				<Parameter>
					<Name>SIDE_MENU_NAME</Name>
					<Value>Batch Processing</Value>
				</Parameter>
			</Parameters>
		</Step>
		<Step severity="Minor" name="Delete Batch" number="28" description="Deletes Created batch">
			<Parameters>
				<!-- <Parameter>
					<Name>BATCH_NAME</Name>
					<Value>NewBatch</Value>
				</Parameter> -->
				<Parameter>
					<Name>CLEANING_ACTIVITY</Name>
					<Value>false</Value>
				</Parameter>
			</Parameters>
		</Step>
		
		<Step severity="Blocker" name="Click side menu" number="29" description="Performs Click Operation on the Item Provided">
			<Parameters>
				<Parameter>
					<Name>SIDE_MENU_NAME</Name>
					<Value>Workflow Templates</Value>
				</Parameter>
			</Parameters>
		</Step>
		<Step severity="Minor" name="Delete WorkFlow" number="30" description="Deletes WorkFlow entry.">
			<Parameters>
				<!-- <Parameter>
					<Name>WORKFLOW_NAME</Name>
					<Value>NewWorkFlow</Value>
				</Parameter> -->
				<Parameter>
					<Name>CLEANING_ACTIVITY</Name>
					<Value>false</Value>
				</Parameter>
			</Parameters>
		</Step>
		
		<Step severity="Blocker" name="Click side menu" number="31" description="Performs Click Operation on the Item Provided">
			<Parameters>
				<Parameter>
					<Name>SIDE_MENU_NAME</Name>
					<Value>Groups</Value>
				</Parameter>
			</Parameters>
		</Step>
		<Step name="Delete Group" number="32" severity="Minor" description="Deletes Group.">
			<Parameters>
				<!-- <Parameter>
					<Name>GROUP_NAME</Name>
					<Value>Group_WorkFlowTest</Value>
				</Parameter> -->
				<Parameter>
					<Name>CLEANING_ACTIVITY</Name>
					<Value>false</Value>
				</Parameter>
			</Parameters>
		</Step>	
		
		<Step name="click tab" number="33" severity="Blocker" description="Performs Click Operation on the Item Provided">
			<Parameters>
				<Parameter>
					<Name>TAB_NAME</Name>
					<Value>Operations</Value>
				</Parameter>
			</Parameters>
		</Step>
		<Step name="Click side menu" number="34" severity="Blocker" description="Performs Click Operation on the Item Provided">
			<Parameters>
				<Parameter>
					<Name>SIDE_MENU_NAME</Name>
					<Value>Device Management</Value>
				</Parameter>
			</Parameters>
		</Step>
		<Step name="Delete Device" number="35" severity="Minor" description="1. Checks for condition to delete device (Parameter -  DELETE_DEVICE- true(delete) / false(not delete)) 2. Builds query with serial number , 3. Performs device search ,  4. Deletes device "></Step>
		<Step name="Logout" number="36" severity="Blocker" description="Performs Log Out"></Step>
	</Steps>
</Configuration>