<?xml version="1.0"?>
<!--
- save this xml file as the same name of .jmx file with suffix as '_' followed by count number. eg. Verify3GTrendsPortlet_1.xml. This is for executing the Verify3GTrendsPortlet test case with different inputs. 
- Common Parameters for the complete Test case eg. UDVs and server details and Parameter value should not get overwrite in any steps. If the parameter value is expected to be overwrite in more than one steps please add the parameters under steps with step number. so that you can give multiple values for the same param in different steps.-->
<Configuration severity="Minor" feature="Device View" description="Verifies Device Properties Portlet's layout, list of applicable properties and their values.">
	<Parameters>		
		<Parameter>
			<Name>ENABLE_SL_LOG</Name>
			<Value>true</Value>
		</Parameter>
		<Parameter>
			<Name>ENABLE_CL_LOG</Name>
			<Value>true</Value>
		</Parameter>
		<Parameter>
			<Name>PROPERTIES_INPUT_FILE</Name>
			<Value>PropertiesInfo.properties</Value>
		</Parameter>
		<Parameter>
			<Name>PROPERTIES_LIST_INPUT_FILE</Name>
			<Value>PropertiesList.xml</Value>
		</Parameter>
	</Parameters>
	
	<Steps>
		<Step name="Start DS" number="1" severity="Blocker" description="Starts Device Simulator"></Step>
		<Step name="DriverCreator" number="2" severity="Blocker" description="Creates Driver for Browser"></Step>
		<Step name="Nav URL" number="3" severity="Blocker" description="Navigates to the Specified URL"></Step>
		<Step name="Login" number="4" severity="Blocker" description="Performs Login with the provided credentials"></Step>
		<Step name="Check PH Version and Build Number" number="5" severity="Major" description="Checks Version and Build Number in Home Page"></Step>
		<Step name="nav device" number="6" severity="Blocker" description="Navigates to Device"></Step>
		<Step severity="Blocker" name="Verify Device Properties" number="7" description="Verifies Device Properties Portlet's layout, list of applicable properties and their values."></Step>
		<Step name="click tab" number="8" severity="Blocker" description="Performs Click Operation on the Item Provided">
			<Parameters>
				<Parameter>
					<Name>TAB_NAME</Name>
					<Value>Operations</Value>
				</Parameter>
			</Parameters>
		</Step>
		<Step name="click side menu" number="9" severity="Blocker" description="Performs Click Operation on the Item Provided">
			<Parameters>
				<Parameter>
					<Name>SIDE_MENU_NAME</Name>
					<Value>Device Management</Value>
				</Parameter>
			</Parameters>
		</Step>
		<Step name="Delete Device" number="10" severity="Major" description="1. Checks for condition to delete device (Parameter -  DELETE_DEVICE- true(delete) / false(not delete)) 2. Builds query with serial number , 3. Performs device search ,  4. Deletes device "></Step>
		<Step name="Logout" number="11" severity="Blocker" description="Performs Log Out"></Step>
	</Steps>
</Configuration>